Date;Temperature;Humidity;Precipitation;HDD;CDD
2010-1-2;28.50;69.00;0.00;0.00;3.50
2010-1-3;29.00;71.00;0.00;0.00;4.00
2010-1-4;29.00;71.00;0.00;0.00;4.00
2010-1-5;29.50;71.00;0.00;0.00;4.50
2010-1-6;29.50;67.00;0.00;0.00;4.50
2010-1-7;29.50;66.00;0.00;0.00;4.50
2010-1-8;29.00;70.00;0.00;0.00;4.00
2010-1-9;29.50;71.00;0.00;0.00;4.50
2010-1-10;29.00;66.00;0.00;0.00;4.00
2010-1-11;29.00;67.00;0.00;0.00;4.00
2010-1-12;30.00;64.00;0.00;0.00;5.00
2010-1-13;30.50;70.00;0.00;0.00;5.50
2010-1-14;30.00;67.00;0.00;0.00;5.00
2010-1-15;30.00;71.00;0.00;0.00;5.00
2010-1-16;28.50;72.00;0.00;0.00;3.50
2010-1-17;28.50;72.00;0.00;0.00;3.50
2010-1-18;29.00;74.00;0.00;0.00;4.00
2010-1-19;29.50;70.00;0.00;0.00;4.50
2010-1-20;29.50;65.00;0.00;0.00;4.50
2010-1-21;30.50;62.00;0.00;0.00;5.50
2010-1-22;30.00;66.00;0.00;0.00;5.00
2010-1-23;29.00;73.00;0.00;0.00;4.00
2010-1-24;28.50;73.00;0.00;0.00;3.50
2010-1-25;29.00;73.00;0.00;0.00;4.00
2010-1-26;28.00;67.00;0.00;0.00;3.00
2010-1-27;29.50;69.00;0.00;0.00;4.50
2010-1-28;29.00;69.00;0.00;0.00;4.00
2010-1-29;29.50;75.00;0.00;0.00;4.50
2010-1-30;29.00;70.00;0.00;0.00;4.00
2010-1-31;29.00;69.00;0.00;0.00;4.00
2010-2-1;29.00;69.00;0.00;0.00;4.00
2010-2-2;29.00;70.00;0.00;0.00;4.00
2010-2-3;29.50;72.00;0.00;0.00;4.50
2010-2-4;29.50;64.00;0.00;0.00;4.50
2010-2-5;29.50;68.00;0.00;0.00;4.50
2010-2-6;28.50;71.00;0.00;0.00;3.50
2010-2-7;28.50;69.00;0.00;0.00;3.50
2010-2-8;29.00;69.00;0.00;0.00;4.00
2010-2-9;29.50;65.00;0.00;0.00;4.50
2010-2-10;29.00;75.00;0.00;0.00;4.00
2010-2-11;28.00;78.00;0.00;0.00;3.00
2010-2-12;27.00;78.00;0.00;0.00;2.00
2010-2-13;28.00;74.00;0.00;0.00;3.00
2010-2-14;28.50;75.00;0.00;0.00;3.50
2010-2-15;30.00;73.00;0.00;0.00;5.00
2010-2-16;30.00;70.00;0.00;0.00;5.00
2010-2-17;31.00;66.00;0.00;0.00;6.00
2010-2-18;30.00;66.00;0.00;0.00;5.00
2010-2-19;28.50;72.00;0.00;0.00;3.50
2010-2-20;28.50;74.00;0.00;0.00;3.50
2010-2-21;29.00;69.00;0.00;0.00;4.00
2010-2-22;29.00;70.00;0.00;0.00;4.00
2010-2-23;31.00;68.00;0.00;0.00;6.00
2010-2-24;31.00;63.00;0.00;0.00;6.00
2010-2-25;30.50;62.00;0.00;0.00;5.50
2010-2-26;26.00;79.00;0.00;0.00;1.00
2010-2-27;26.50;74.00;0.00;0.00;1.50
2010-2-28;25.50;86.00;0.00;0.00;0.50
2010-3-1;26.00;83.00;0.00;0.00;1.00
2010-3-2;24.50;85.00;0.00;0.00;0.00
2010-3-3;26.50;82.00;0.00;0.00;1.50
2010-3-4;26.50;88.00;0.00;0.00;1.50
2010-3-5;25.00;96.00;0.00;0.00;0.00
2010-3-6;25.50;89.00;0.00;0.00;0.50
2010-3-7;27.00;82.00;0.00;0.00;2.00
2010-3-8;29.00;83.00;0.00;0.00;4.00
2010-3-9;29.00;82.00;0.00;0.00;4.00
2010-3-10;29.00;82.00;0.00;0.00;4.00
2010-3-11;29.50;75.00;0.00;0.00;4.50
2010-3-12;29.50;78.00;0.00;0.00;4.50
2010-3-13;30.50;73.00;0.00;0.00;5.50
2010-3-14;31.50;70.00;0.00;0.00;6.50
2010-3-15;29.50;74.00;0.00;0.00;4.50
2010-3-16;28.50;73.00;0.00;0.00;3.50
2010-3-17;27.00;75.00;0.00;0.00;2.00
2010-3-18;26.50;80.00;0.00;0.00;1.50
2010-3-19;27.00;80.00;0.00;0.00;2.00
2010-3-20;27.50;76.00;0.00;0.00;2.50
2010-3-21;28.00;80.00;0.00;0.00;3.00
2010-3-22;29.50;78.00;0.00;0.00;4.50
2010-3-23;30.00;74.00;0.00;0.00;5.00
2010-3-24;29.00;74.00;0.00;0.00;4.00
2010-3-25;27.50;73.00;0.00;0.00;2.50
2010-3-26;25.00;94.00;0.00;0.00;0.00
2010-3-27;27.00;85.00;0.00;0.00;2.00
2010-3-28;28.50;78.00;0.00;0.00;3.50
2010-3-29;29.00;73.00;0.00;0.00;4.00
2010-3-30;29.50;72.00;0.00;0.00;4.50
2010-3-31;27.50;79.00;0.00;0.00;2.50
2010-4-1;27.00;78.00;0.00;0.00;2.00
2010-4-2;25.50;86.00;0.00;0.00;0.50
2010-4-3;26.00;90.00;0.00;0.00;1.00
2010-4-4;27.00;79.00;0.00;0.00;2.00
2010-4-5;28.00;87.00;0.00;0.00;3.00
2010-4-6;26.00;89.00;0.00;0.00;1.00
2010-4-7;24.50;71.00;0.00;0.00;0.00
2010-4-8;24.50;64.00;0.00;0.00;0.00
2010-4-9;24.50;60.00;0.00;0.00;0.00
2010-4-10;24.50;65.00;0.00;0.00;0.00
2010-4-11;24.50;71.00;0.00;0.00;0.00
2010-4-12;21.50;89.00;0.00;0.00;0.00
2010-4-13;24.00;68.00;0.00;0.00;0.00
2010-4-14;24.50;80.00;0.00;0.00;0.00
2010-4-15;24.50;83.00;0.00;0.00;0.00
2010-4-16;25.00;89.00;0.00;0.00;0.00
2010-4-17;26.00;83.00;0.00;0.00;1.00
2010-4-18;26.00;83.00;0.00;0.00;1.00
2010-4-19;25.50;81.00;0.00;0.00;0.50
2010-4-20;25.50;75.00;0.00;0.00;0.50
2010-4-21;26.50;78.00;0.00;0.00;1.50
2010-4-22;28.00;75.00;0.00;0.00;3.00
2010-4-23;28.00;74.00;0.00;0.00;3.00
2010-4-24;27.00;82.00;0.00;0.00;2.00
2010-4-25;24.00;79.00;0.00;0.00;0.00
2010-4-26;26.50;76.00;0.00;0.00;1.50
2010-4-27;29.50;72.00;0.00;0.00;4.50
2010-4-28;27.00;76.00;0.00;0.00;2.00
2010-4-29;26.00;71.00;0.00;0.00;1.00
2010-4-30;22.50;90.00;0.00;0.00;0.00
2010-5-1;23.50;81.00;0.00;0.00;0.00
2010-5-2;25.00;81.00;0.00;0.00;0.00
2010-5-3;23.50;73.00;0.00;0.00;0.00
2010-5-4;24.00;73.00;0.00;0.00;0.00
2010-5-5;26.00;76.00;0.00;0.00;1.00
2010-5-6;27.00;81.00;0.00;0.00;2.00
2010-5-7;26.50;78.00;0.00;0.00;1.50
2010-5-8;27.50;82.00;0.00;0.00;2.50
2010-5-9;27.50;83.00;0.00;0.00;2.50
2010-5-10;22.00;87.00;0.00;0.00;0.00
2010-5-11;21.00;94.00;0.00;0.00;0.00
2010-5-12;24.50;85.00;0.00;0.00;0.00
2010-5-13;24.50;86.00;0.00;0.00;0.00
2010-5-14;23.50;77.00;0.00;0.00;0.00
2010-5-15;22.50;80.00;0.00;0.00;0.00
2010-5-16;23.00;83.00;0.00;0.00;0.00
2010-5-17;24.50;81.00;0.00;0.00;0.00
2010-5-18;23.00;85.00;0.00;0.00;0.00
2010-5-19;25.50;81.00;0.00;0.00;0.50
2010-5-20;25.50;80.00;0.00;0.00;0.50
2010-5-21;24.00;84.00;0.00;0.00;0.00
2010-5-22;22.50;90.00;0.00;0.00;0.00
2010-5-23;23.00;89.00;0.00;0.00;0.00
2010-5-24;23.50;88.00;0.00;0.00;0.00
2010-5-25;25.50;85.00;0.00;0.00;0.50
2010-5-26;25.00;84.00;0.00;0.00;0.00
2010-5-27;24.00;90.00;0.00;0.00;0.00
2010-5-28;24.00;81.00;0.00;0.00;0.00
2010-5-29;23.50;81.00;0.00;0.00;0.00
2010-5-30;24.00;80.00;0.00;0.00;0.00
2010-5-31;27.00;72.00;0.00;0.00;2.00
2010-6-1;22.50;78.00;0.00;0.00;0.00
2010-6-2;20.00;91.00;0.00;0.00;0.00
2010-6-3;20.00;91.00;0.00;0.00;0.00
2010-6-4;19.00;91.00;0.00;0.00;0.00
2010-6-5;22.00;75.00;0.00;0.00;0.00
2010-6-6;23.00;78.00;0.00;0.00;0.00
2010-6-7;21.00;77.00;0.00;0.00;0.00
2010-6-8;20.00;85.00;0.00;0.00;0.00
2010-6-9;20.50;85.00;0.00;0.00;0.00
2010-6-10;20.50;83.00;0.00;0.00;0.00
2010-6-11;22.00;80.00;0.00;0.00;0.00
2010-6-12;21.00;77.00;0.00;0.00;0.00
2010-6-13;20.50;80.00;0.00;0.00;0.00
2010-6-14;21.50;77.00;0.00;0.00;0.00
2010-6-15;20.00;81.00;0.00;0.00;0.00
2010-6-16;22.00;74.00;0.00;0.00;0.00
2010-6-17;22.50;78.00;0.00;0.00;0.00
2010-6-18;21.00;80.00;0.00;0.00;0.00
2010-6-19;22.50;74.00;0.00;0.00;0.00
2010-6-20;23.50;72.00;0.00;0.00;0.00
2010-6-21;24.00;78.00;0.00;0.00;0.00
2010-6-22;22.50;84.00;0.00;0.00;0.00
2010-6-23;21.50;90.00;0.00;0.00;0.00
2010-6-24;21.50;84.00;0.00;0.00;0.00
2010-6-25;21.50;80.00;0.00;0.00;0.00
2010-6-26;21.50;82.00;0.00;0.00;0.00
2010-6-27;22.00;89.00;0.00;0.00;0.00
2010-6-28;23.00;88.00;0.00;0.00;0.00
2010-6-29;22.00;82.00;0.00;0.00;0.00
2010-6-30;22.00;80.00;0.00;0.00;0.00
2010-7-1;21.50;81.00;0.00;0.00;0.00
2010-7-2;20.00;93.00;0.00;0.00;0.00
2010-7-3;20.50;96.00;0.00;0.00;0.00
2010-7-4;22.00;87.00;0.00;0.00;0.00
2010-7-5;22.00;88.00;0.00;0.00;0.00
2010-7-6;21.00;84.00;0.00;0.00;0.00
2010-7-7;21.50;86.00;0.00;0.00;0.00
2010-7-8;22.50;80.00;0.00;0.00;0.00
2010-7-9;24.50;83.00;0.00;0.00;0.00
2010-7-10;23.00;92.00;0.00;0.00;0.00
2010-7-11;23.50;94.00;0.00;0.00;0.00
2010-7-12;24.50;85.00;0.00;0.00;0.00
2010-7-13;26.00;77.00;0.00;0.00;1.00
2010-7-14;24.50;83.00;0.00;0.00;0.00
2010-7-15;24.50;85.00;0.00;0.00;0.00
2010-7-16;24.00;87.00;0.00;0.00;0.00
2010-7-17;22.00;90.00;0.00;0.00;0.00
2010-7-18;23.00;84.00;0.00;0.00;0.00
2010-7-19;21.50;87.00;0.00;0.00;0.00
2010-7-20;22.00;79.00;0.00;0.00;0.00
2010-7-21;22.00;79.00;0.00;0.00;0.00
2010-7-22;22.50;86.00;0.00;0.00;0.00
2010-7-23;25.00;76.00;0.00;0.00;0.00
2010-7-24;23.00;82.00;0.00;0.00;0.00
2010-7-25;21.50;88.00;0.00;0.00;0.00
2010-7-26;22.50;82.00;0.00;0.00;0.00
2010-7-27;24.00;85.00;0.00;0.00;0.00
2010-7-28;22.00;84.00;0.00;0.00;0.00
2010-7-29;20.00;92.00;0.00;0.00;0.00
2010-7-30;22.00;79.00;0.00;0.00;0.00
2010-7-31;22.00;77.00;0.00;0.00;0.00
2010-8-1;23.00;74.00;0.00;0.00;0.00
2010-8-2;22.50;78.00;0.00;0.00;0.00
2010-8-3;23.50;76.00;0.00;0.00;0.00
2010-8-4;22.00;83.00;0.00;0.00;0.00
2010-8-5;23.50;79.00;0.00;0.00;0.00
2010-8-6;21.50;82.00;0.00;0.00;0.00
2010-8-7;22.00;73.00;0.00;0.00;0.00
2010-8-8;22.50;75.00;0.00;0.00;0.00
2010-8-9;26.00;72.00;0.00;0.00;1.00
2010-8-10;23.00;75.00;0.00;0.00;0.00
2010-8-11;21.50;73.00;0.00;0.00;0.00
2010-8-12;23.00;70.00;0.00;0.00;0.00
2010-8-13;21.50;73.00;0.00;0.00;0.00
2010-8-14;22.50;72.00;0.00;0.00;0.00
2010-8-15;18.50;84.00;0.00;0.00;0.00
2010-8-16;18.50;73.00;0.00;0.00;0.00
2010-8-17;19.00;68.00;0.00;0.00;0.00
2010-8-18;20.00;64.00;0.00;0.00;0.00
2010-8-19;19.00;78.00;0.00;0.00;0.00
2010-8-20;22.00;68.00;0.00;0.00;0.00
2010-8-21;21.50;74.00;0.00;0.00;0.00
2010-8-22;22.50;73.00;0.00;0.00;0.00
2010-8-23;20.50;77.00;0.00;0.00;0.00
2010-8-24;22.50;74.00;0.00;0.00;0.00
2010-8-25;24.50;70.00;0.00;0.00;0.00
2010-8-26;23.50;70.00;0.00;0.00;0.00
2010-8-27;25.00;71.00;0.00;0.00;0.00
2010-8-28;24.50;74.00;0.00;0.00;0.00
2010-8-29;25.00;75.00;0.00;0.00;0.00
2010-8-30;24.00;76.00;0.00;0.00;0.00
2010-8-31;25.50;74.00;0.00;0.00;0.50
2010-9-1;23.50;74.00;0.00;0.00;0.00
2010-9-2;24.00;73.00;0.00;0.00;0.00
2010-9-3;25.00;72.00;0.00;0.00;0.00
2010-9-4;25.50;65.00;0.00;0.00;0.50
2010-9-5;27.00;64.00;0.00;0.00;2.00
2010-9-6;23.50;73.00;0.00;0.00;0.00
2010-9-7;23.50;73.00;0.00;0.00;0.00
2010-9-8;24.50;79.00;0.00;0.00;0.00
2010-9-9;22.00;76.00;0.00;0.00;0.00
2010-9-10;21.50;79.00;0.00;0.00;0.00
2010-9-11;21.00;67.00;0.00;0.00;0.00
2010-9-12;22.00;65.00;0.00;0.00;0.00
2010-9-13;21.50;70.00;0.00;0.00;0.00
2010-9-14;23.50;72.00;0.00;0.00;0.00
2010-9-15;26.00;69.00;0.00;0.00;1.00
2010-9-16;25.00;73.00;0.00;0.00;0.00
2010-9-17;25.00;71.00;0.00;0.00;0.00
2010-9-18;23.50;78.00;0.00;0.00;0.00
2010-9-19;21.50;75.00;0.00;0.00;0.00
2010-9-20;22.00;88.00;0.00;0.00;0.00
2010-9-21;22.50;85.00;0.00;0.00;0.00
2010-9-22;24.50;77.00;0.00;0.00;0.00
2010-9-23;24.50;71.00;0.00;0.00;0.00
2010-9-24;24.50;74.00;0.00;0.00;0.00
2010-9-25;26.50;68.00;0.00;0.00;1.50
2010-9-26;26.00;70.00;0.00;0.00;1.00
2010-9-27;25.00;73.00;0.00;0.00;0.00
2010-9-28;25.00;79.00;0.00;0.00;0.00
2010-9-29;26.50;80.00;0.00;0.00;1.50
2010-9-30;27.00;84.00;0.00;0.00;2.00
2010-10-1;25.50;87.00;0.00;0.00;0.50
2010-10-2;25.50;85.00;0.00;0.00;0.50
2010-10-3;23.00;80.00;0.00;0.00;0.00
2010-10-4;22.50;78.00;0.00;0.00;0.00
2010-10-5;24.00;79.00;0.00;0.00;0.00
2010-10-6;24.00;85.00;0.00;0.00;0.00
2010-10-7;26.00;81.00;0.00;0.00;1.00
2010-10-8;27.50;78.00;0.00;0.00;2.50
2010-10-9;23.00;68.00;0.00;0.00;0.00
2010-10-10;22.00;66.00;0.00;0.00;0.00
2010-10-11;22.00;78.00;0.00;0.00;0.00
2010-10-12;20.50;66.00;0.00;0.00;0.00
2010-10-13;21.00;64.00;0.00;0.00;0.00
2010-10-14;22.50;70.00;0.00;0.00;0.00
2010-10-15;24.00;81.00;0.00;0.00;0.00
2010-10-16;25.50;83.00;0.00;0.00;0.50
2010-10-17;27.00;73.00;0.00;0.00;2.00
2010-10-18;27.00;74.00;0.00;0.00;2.00
2010-10-19;24.00;70.00;0.00;0.00;0.00
2010-10-20;23.50;66.00;0.00;0.00;0.00
2010-10-21;23.00;69.00;0.00;0.00;0.00
2010-10-22;25.00;66.00;0.00;0.00;0.00
2010-10-23;26.00;66.00;0.00;0.00;1.00
2010-10-24;26.50;75.00;0.00;0.00;1.50
2010-10-25;25.50;82.00;0.00;0.00;0.50
2010-10-26;25.00;89.00;0.00;0.00;0.00
2010-10-27;24.00;81.00;0.00;0.00;0.00
2010-10-28;24.00;71.00;0.00;0.00;0.00
2010-10-29;25.00;76.00;0.00;0.00;0.00
2010-10-30;29.00;70.00;0.00;0.00;4.00
2010-10-31;29.50;77.00;0.00;0.00;4.50
2010-11-1;26.00;90.00;0.00;0.00;1.00
2010-11-2;23.00;93.00;0.00;0.00;0.00
2010-11-3;23.50;79.00;0.00;0.00;0.00
2010-11-4;24.00;78.00;0.00;0.00;0.00
2010-11-5;24.50;84.00;0.00;0.00;0.00
2010-11-6;28.00;75.00;0.00;0.00;3.00
2010-11-7;22.50;96.00;0.00;0.00;0.00
2010-11-8;24.00;90.00;0.00;0.00;0.00
2010-11-9;27.00;83.00;0.00;0.00;2.00
2010-11-10;27.50;78.00;0.00;0.00;2.50
2010-11-11;24.50;82.00;0.00;0.00;0.00
2010-11-12;24.00;73.00;0.00;0.00;0.00
2010-11-13;21.50;80.00;0.00;0.00;0.00
2010-11-14;21.50;89.00;0.00;0.00;0.00
2010-11-15;20.50;95.00;0.00;0.00;0.00
2010-11-16;22.50;92.00;0.00;0.00;0.00
2010-11-17;27.50;78.00;0.00;0.00;2.50
2010-11-18;27.00;83.00;0.00;0.00;2.00
2010-11-19;25.00;87.00;0.00;0.00;0.00
2010-11-20;27.00;83.00;0.00;0.00;2.00
2010-11-21;27.50;78.00;0.00;0.00;2.50
2010-11-22;28.50;75.00;0.00;0.00;3.50
2010-11-23;23.50;89.00;0.00;0.00;0.00
2010-11-24;26.50;88.00;0.00;0.00;1.50
2010-11-25;27.50;78.00;0.00;0.00;2.50
2010-11-26;26.50;86.00;0.00;0.00;1.50
2010-11-27;25.00;84.00;0.00;0.00;0.00
2010-11-28;24.50;81.00;0.00;0.00;0.00
2010-11-29;27.50;73.00;0.00;0.00;2.50
2010-11-30;27.00;77.00;0.00;0.00;2.00
2010-12-1;28.50;74.00;0.00;0.00;3.50
2010-12-2;28.50;74.00;0.00;0.00;3.50
2010-12-3;28.50;70.00;0.00;0.00;3.50
2010-12-4;28.50;66.00;0.00;0.00;3.50
2010-12-5;28.50;69.00;0.00;0.00;3.50
2010-12-6;29.00;74.00;0.00;0.00;4.00
2010-12-7;28.50;80.00;0.00;0.00;3.50
2010-12-8;28.50;78.00;0.00;0.00;3.50
2010-12-9;28.00;81.00;0.00;0.00;3.00
2010-12-10;26.50;78.00;0.00;0.00;1.50
2010-12-11;26.00;73.00;0.00;0.00;1.00
2010-12-12;26.00;73.00;0.00;0.00;1.00
2010-12-13;29.50;74.00;0.00;0.00;4.50
2010-12-14;29.50;73.00;0.00;0.00;4.50
2010-12-15;29.00;77.00;0.00;0.00;4.00
2010-12-16;28.50;75.00;0.00;0.00;3.50
2010-12-17;27.00;75.00;0.00;0.00;2.00
2010-12-18;28.00;68.00;0.00;0.00;3.00
2010-12-19;28.00;70.00;0.00;0.00;3.00
2010-12-20;28.50;68.00;0.00;0.00;3.50
2010-12-21;29.00;68.00;0.00;0.00;4.00
2010-12-22;29.00;74.00;0.00;0.00;4.00
2010-12-23;29.50;74.00;0.00;0.00;4.50
2010-12-24;25.00;90.00;0.00;0.00;0.00
2010-12-25;27.00;85.00;0.00;0.00;2.00
2010-12-26;29.00;80.00;0.00;0.00;4.00
2010-12-27;27.00;87.00;0.00;0.00;2.00
2010-12-28;27.50;86.00;0.00;0.00;2.50
2010-12-29;23.00;97.00;0.00;0.00;0.00
2010-12-30;23.50;77.00;0.00;0.00;0.00
2010-12-31;23.50;95.00;0.00;0.00;0.00
2011-1-1;27.00;84.00;0.00;0.00;2.00
2011-1-2;28.00;80.00;0.00;0.00;3.00
2011-1-3;27.00;82.00;0.00;0.00;2.00
2011-1-4;26.50;80.00;0.00;0.00;1.50
2011-1-5;28.50;77.00;0.00;0.00;3.50
2011-1-6;27.50;80.00;0.00;0.00;2.50
2011-1-7;26.50;80.00;0.00;0.00;1.50
2011-1-8;27.00;75.00;0.00;0.00;2.00
2011-1-9;27.00;75.00;0.00;0.00;2.00
2011-1-10;28.50;70.00;0.00;0.00;3.50
2011-1-11;29.00;73.00;0.00;0.00;4.00
2011-1-12;27.50;81.00;0.00;0.00;2.50
2011-1-13;29.00;79.00;0.00;0.00;4.00
2011-1-14;28.50;85.00;0.00;0.00;3.50
2011-1-15;27.50;84.00;0.00;0.00;2.50
2011-1-16;28.50;77.00;0.00;0.00;3.50
2011-1-17;29.50;75.00;0.00;0.00;4.50
2011-1-18;29.50;72.00;0.00;0.00;4.50
2011-1-19;28.00;72.00;0.00;0.00;3.00
2011-1-20;28.00;72.00;0.00;0.00;3.00
2011-1-21;28.50;73.00;0.00;0.00;3.50
2011-1-22;26.00;87.00;0.00;0.00;1.00
2011-1-23;26.50;79.00;0.00;0.00;1.50
2011-1-24;26.50;77.00;0.00;0.00;1.50
2011-1-25;25.50;85.00;0.00;0.00;0.50
2011-1-26;27.00;79.00;0.00;0.00;2.00
2011-1-27;27.50;76.00;0.00;0.00;2.50
2011-1-28;28.00;74.00;0.00;0.00;3.00
2011-1-29;28.50;70.00;0.00;0.00;3.50
2011-1-30;28.50;70.00;0.00;0.00;3.50
2011-1-31;29.00;70.00;0.00;0.00;4.00
2011-2-1;28.50;72.00;0.00;0.00;3.50
2011-2-2;28.00;70.00;0.00;0.00;3.00
2011-2-3;27.50;72.00;0.00;0.00;2.50
2011-2-4;28.00;70.00;0.00;0.00;3.00
2011-2-5;27.50;76.00;0.00;0.00;2.50
2011-2-6;28.50;73.00;0.00;0.00;3.50
2011-2-7;28.50;72.00;0.00;0.00;3.50
2011-2-8;28.00;77.00;0.00;0.00;3.00
2011-2-9;27.50;74.00;0.00;0.00;2.50
2011-2-10;29.00;68.00;0.00;0.00;4.00
2011-2-11;29.00;69.00;0.00;0.00;4.00
2011-2-12;28.00;71.00;0.00;0.00;3.00
2011-2-13;27.50;71.00;0.00;0.00;2.50
2011-2-14;28.50;71.00;0.00;0.00;3.50
2011-2-15;28.00;73.00;0.00;0.00;3.00
2011-2-16;28.00;72.00;0.00;0.00;3.00
2011-2-17;27.00;84.00;0.00;0.00;2.00
2011-2-18;26.50;80.00;0.00;0.00;1.50
2011-2-19;26.50;86.00;0.00;0.00;1.50
2011-2-20;27.50;84.00;0.00;0.00;2.50
2011-2-21;27.50;78.00;0.00;0.00;2.50
2011-2-22;29.50;68.00;0.00;0.00;4.50
2011-2-23;29.50;75.00;0.00;0.00;4.50
2011-2-24;27.00;83.00;0.00;0.00;2.00
2011-2-25;26.50;89.00;0.00;0.00;1.50
2011-2-26;27.50;84.00;0.00;0.00;2.50
2011-2-27;28.50;76.00;0.00;0.00;3.50
2011-2-28;29.50;76.00;0.00;0.00;4.50
2011-3-1;27.50;82.00;0.00;0.00;2.50
2011-3-2;27.00;79.00;0.00;0.00;2.00
2011-3-3;27.00;77.00;0.00;0.00;2.00
2011-3-4;25.00;79.00;0.00;0.00;0.00
2011-3-5;25.50;86.00;0.00;0.00;0.50
2011-3-6;23.50;97.00;0.00;0.00;0.00
2011-3-7;25.00;89.00;0.00;0.00;0.00
2011-3-8;25.00;94.00;0.00;0.00;0.00
2011-3-9;26.00;92.00;0.00;0.00;1.00
2011-3-10;26.50;91.00;0.00;0.00;1.50
2011-3-11;26.50;94.00;0.00;0.00;1.50
2011-3-12;27.00;93.00;0.00;0.00;2.00
2011-3-13;27.50;89.00;0.00;0.00;2.50
2011-3-14;27.00;93.00;0.00;0.00;2.00
2011-3-15;27.50;92.00;0.00;0.00;2.50
2011-3-16;27.00;91.00;0.00;0.00;2.00
2011-3-17;25.00;93.00;0.00;0.00;0.00
2011-3-18;25.50;79.00;0.00;0.00;0.50
2011-3-19;25.50;79.00;0.00;0.00;0.50
2011-3-20;25.50;86.00;0.00;0.00;0.50
2011-3-21;25.00;82.00;0.00;0.00;0.00
2011-3-22;25.00;86.00;0.00;0.00;0.00
2011-3-23;24.50;96.00;0.00;0.00;0.00
2011-3-24;25.00;89.00;0.00;0.00;0.00
2011-3-25;26.50;83.00;0.00;0.00;1.50
2011-3-26;28.00;81.00;0.00;0.00;3.00
2011-3-27;28.50;78.00;0.00;0.00;3.50
2011-3-28;25.00;83.00;0.00;0.00;0.00
2011-3-29;28.00;77.00;0.00;0.00;3.00
2011-3-30;28.50;80.00;0.00;0.00;3.50
2011-3-31;27.50;84.00;0.00;0.00;2.50
2011-4-1;27.00;87.00;0.00;0.00;2.00
2011-4-2;26.00;84.00;0.00;0.00;1.00
2011-4-3;28.00;83.00;0.00;0.00;3.00
2011-4-4;26.00;91.00;0.00;0.00;1.00
2011-4-5;26.50;85.00;0.00;0.00;1.50
2011-4-6;25.00;85.00;0.00;0.00;0.00
2011-4-7;25.00;85.00;0.00;0.00;0.00
2011-4-8;25.00;82.00;0.00;0.00;0.00
2011-4-9;25.00;85.00;0.00;0.00;0.00
2011-4-10;25.00;87.00;0.00;0.00;0.00
2011-4-11;26.00;83.00;0.00;0.00;1.00
2011-4-12;26.50;84.00;0.00;0.00;1.50
2011-4-13;26.00;80.00;0.00;0.00;1.00
2011-4-14;27.00;81.00;0.00;0.00;2.00
2011-4-15;26.50;82.00;0.00;0.00;1.50
2011-4-16;25.50;86.00;0.00;0.00;0.50
2011-4-17;26.00;83.00;0.00;0.00;1.00
2011-4-18;25.00;88.00;0.00;0.00;0.00
2011-4-19;25.00;91.00;0.00;0.00;0.00
2011-4-20;24.50;94.00;0.00;0.00;0.00
2011-4-21;25.50;85.00;0.00;0.00;0.50
2011-4-22;25.50;83.00;0.00;0.00;0.50
2011-4-23;25.50;80.00;0.00;0.00;0.50
2011-4-24;27.00;78.00;0.00;0.00;2.00
2011-4-25;26.50;79.00;0.00;0.00;1.50
2011-4-26;25.00;83.00;0.00;0.00;0.00
2011-4-27;22.00;94.00;0.00;0.00;0.00
2011-4-28;22.00;96.00;0.00;0.00;0.00
2011-4-29;24.00;94.00;0.00;0.00;0.00
2011-4-30;26.50;85.00;0.00;0.00;1.50
2011-5-1;27.00;80.00;0.00;0.00;2.00
2011-5-2;28.00;79.00;0.00;0.00;3.00
2011-5-3;24.50;83.00;0.00;0.00;0.00
2011-5-4;24.50;84.00;0.00;0.00;0.00
2011-5-5;25.00;84.00;0.00;0.00;0.00
2011-5-6;27.50;80.00;0.00;0.00;2.50
2011-5-7;25.00;75.00;0.00;0.00;0.00
2011-5-8;23.50;78.00;0.00;0.00;0.00
2011-5-9;23.50;77.00;0.00;0.00;0.00
2011-5-10;23.50;78.00;0.00;0.00;0.00
2011-5-11;23.50;80.00;0.00;0.00;0.00
2011-5-12;23.50;79.00;0.00;0.00;0.00
2011-5-13;25.00;78.00;0.00;0.00;0.00
2011-5-14;24.00;71.00;0.00;0.00;0.00
2011-5-15;23.50;77.00;0.00;0.00;0.00
2011-5-16;23.00;79.00;0.00;0.00;0.00
2011-5-17;23.50;68.00;0.00;0.00;0.00
2011-5-18;21.50;70.00;0.00;0.00;0.00
2011-5-19;20.50;78.00;0.00;0.00;0.00
2011-5-20;22.00;84.00;0.00;0.00;0.00
2011-5-21;21.50;85.00;0.00;0.00;0.00
2011-5-22;21.50;82.00;0.00;0.00;0.00
2011-5-23;21.50;82.00;0.00;0.00;0.00
2011-5-24;22.00;81.00;0.00;0.00;0.00
2011-5-25;22.00;79.00;0.00;0.00;0.00
2011-5-26;23.00;79.00;0.00;0.00;0.00
2011-5-27;22.50;79.00;0.00;0.00;0.00
2011-5-28;22.50;71.00;0.00;0.00;0.00
2011-5-29;22.00;74.00;0.00;0.00;0.00
2011-5-30;22.00;69.00;0.00;0.00;0.00
2011-5-31;22.00;77.00;0.00;0.00;0.00
2011-6-1;23.50;80.00;0.00;0.00;0.00
2011-6-2;22.00;87.00;0.00;0.00;0.00
2011-6-3;24.00;78.00;0.00;0.00;0.00
2011-6-4;23.00;83.00;0.00;0.00;0.00
2011-6-5;21.50;63.00;0.00;0.00;0.00
2011-6-6;18.00;77.00;0.00;0.00;0.00
2011-6-7;22.00;71.00;0.00;0.00;0.00
2011-6-8;25.00;65.00;0.00;0.00;0.00
2011-6-9;23.50;79.00;0.00;0.00;0.00
2011-6-10;22.00;82.00;0.00;0.00;0.00
2011-6-11;23.00;71.00;0.00;0.00;0.00
2011-6-12;21.00;73.00;0.00;0.00;0.00
2011-6-13;21.00;77.00;0.00;0.00;0.00
2011-6-14;20.50;77.00;0.00;0.00;0.00
2011-6-15;21.00;77.00;0.00;0.00;0.00
2011-6-16;20.00;78.00;0.00;0.00;0.00
2011-6-17;21.00;84.00;0.00;0.00;0.00
2011-6-18;23.00;89.00;0.00;0.00;0.00
2011-6-19;21.50;86.00;0.00;0.00;0.00
2011-6-20;22.00;82.00;0.00;0.00;0.00
2011-6-21;24.00;77.00;0.00;0.00;0.00
2011-6-22;21.50;79.00;0.00;0.00;0.00
2011-6-23;22.50;84.00;0.00;0.00;0.00
2011-6-24;21.50;86.00;0.00;0.00;0.00
2011-6-25;22.00;92.00;0.00;0.00;0.00
2011-6-26;23.50;83.00;0.00;0.00;0.00
2011-6-27;25.00;76.00;0.00;0.00;0.00
2011-6-28;21.00;82.00;0.00;0.00;0.00
2011-6-29;21.50;78.00;0.00;0.00;0.00
2011-6-30;23.00;78.00;0.00;0.00;0.00
2011-7-1;22.00;82.00;0.00;0.00;0.00
2011-7-2;22.50;81.00;0.00;0.00;0.00
2011-7-3;23.50;79.00;0.00;0.00;0.00
2011-7-4;20.50;86.00;0.00;0.00;0.00
2011-7-5;20.00;81.00;0.00;0.00;0.00
2011-7-6;23.00;81.00;0.00;0.00;0.00
2011-7-7;20.50;84.00;0.00;0.00;0.00
2011-7-8;20.00;70.00;0.00;0.00;0.00
2011-7-9;18.50;76.00;0.00;0.00;0.00
2011-7-10;21.00;73.00;0.00;0.00;0.00
2011-7-11;20.00;75.00;0.00;0.00;0.00
2011-7-12;22.00;77.00;0.00;0.00;0.00
2011-7-13;22.00;76.00;0.00;0.00;0.00
2011-7-14;22.00;78.00;0.00;0.00;0.00
2011-7-15;23.00;78.00;0.00;0.00;0.00
2011-7-16;23.00;83.00;0.00;0.00;0.00
2011-7-17;22.50;81.00;0.00;0.00;0.00
2011-7-18;22.00;77.00;0.00;0.00;0.00
2011-7-19;24.00;73.00;0.00;0.00;0.00
2011-7-20;23.00;74.00;0.00;0.00;0.00
2011-7-21;23.00;73.00;0.00;0.00;0.00
2011-7-22;23.50;71.00;0.00;0.00;0.00
2011-7-23;23.50;84.00;0.00;0.00;0.00
2011-7-24;20.50;89.00;0.00;0.00;0.00
2011-7-25;21.50;84.00;0.00;0.00;0.00
2011-7-26;22.00;85.00;0.00;0.00;0.00
2011-7-27;22.00;76.00;0.00;0.00;0.00
2011-7-28;20.50;77.00;0.00;0.00;0.00
2011-7-29;22.50;74.00;0.00;0.00;0.00
2011-7-30;25.00;66.00;0.00;0.00;0.00
2011-7-31;22.50;83.00;0.00;0.00;0.00
2011-8-1;26.00;70.00;0.00;0.00;1.00
2011-8-2;25.00;80.00;0.00;0.00;0.00
2011-8-3;26.00;82.00;0.00;0.00;1.00
2011-8-4;21.00;82.00;0.00;0.00;0.00
2011-8-5;19.50;70.00;0.00;0.00;0.00
2011-8-6;23.00;74.00;0.00;0.00;0.00
2011-8-7;24.00;81.00;0.00;0.00;0.00
2011-8-8;26.00;78.00;0.00;0.00;1.00
2011-8-9;25.50;74.00;0.00;0.00;0.50
2011-8-10;24.00;78.00;0.00;0.00;0.00
2011-8-11;21.00;83.00;0.00;0.00;0.00
2011-8-12;21.50;77.00;0.00;0.00;0.00
2011-8-13;23.00;69.00;0.00;0.00;0.00
2011-8-14;21.00;76.00;0.00;0.00;0.00
2011-8-15;22.50;78.00;0.00;0.00;0.00
2011-8-16;22.50;74.00;0.00;0.00;0.00
2011-8-17;23.50;65.00;0.00;0.00;0.00
2011-8-18;24.00;66.00;0.00;0.00;0.00
2011-8-19;23.50;72.00;0.00;0.00;0.00
2011-8-20;27.50;68.00;0.00;0.00;2.50
2011-8-21;21.00;89.00;0.00;0.00;0.00
2011-8-22;20.00;83.00;0.00;0.00;0.00
2011-8-23;20.50;94.00;0.00;0.00;0.00
2011-8-24;23.00;81.00;0.00;0.00;0.00
2011-8-25;23.50;81.00;0.00;0.00;0.00
2011-8-26;24.00;75.00;0.00;0.00;0.00
2011-8-27;24.00;81.00;0.00;0.00;0.00
2011-8-28;24.00;78.00;0.00;0.00;0.00
2011-8-29;25.50;69.00;0.00;0.00;0.50
2011-8-30;27.00;68.00;0.00;0.00;2.00
2011-8-31;26.00;69.00;0.00;0.00;1.00
2011-9-1;22.00;67.00;0.00;0.00;0.00
2011-9-2;20.50;59.00;0.00;0.00;0.00
2011-9-3;19.00;62.00;0.00;0.00;0.00
2011-9-4;18.50;66.00;0.00;0.00;0.00
2011-9-5;21.00;65.00;0.00;0.00;0.00
2011-9-6;22.50;66.00;0.00;0.00;0.00
2011-9-7;23.00;71.00;0.00;0.00;0.00
2011-9-8;25.00;67.00;0.00;0.00;0.00
2011-9-9;26.50;66.00;0.00;0.00;1.50
2011-9-10;24.50;67.00;0.00;0.00;0.00
2011-9-11;25.00;74.00;0.00;0.00;0.00
2011-9-12;23.00;74.00;0.00;0.00;0.00
2011-9-13;24.50;72.00;0.00;0.00;0.00
2011-9-14;23.00;76.00;0.00;0.00;0.00
2011-9-15;23.00;83.00;0.00;0.00;0.00
2011-9-16;22.50;62.00;0.00;0.00;0.00
2011-9-17;22.00;71.00;0.00;0.00;0.00
2011-9-18;21.00;78.00;0.00;0.00;0.00
2011-9-19;21.50;70.00;0.00;0.00;0.00
2011-9-20;21.00;70.00;0.00;0.00;0.00
2011-9-21;23.00;69.00;0.00;0.00;0.00
2011-9-22;23.50;74.00;0.00;0.00;0.00
2011-9-23;21.00;72.00;0.00;0.00;0.00
2011-9-24;25.50;70.00;0.00;0.00;0.50
2011-9-25;20.50;79.00;0.00;0.00;0.00
2011-9-26;21.00;70.00;0.00;0.00;0.00
2011-9-27;22.00;74.00;0.00;0.00;0.00
2011-9-28;22.00;75.00;0.00;0.00;0.00
2011-9-29;22.50;79.00;0.00;0.00;0.00
2011-9-30;24.50;77.00;0.00;0.00;0.00
2011-10-1;25.00;69.00;0.00;0.00;0.00
2011-10-2;27.00;65.00;0.00;0.00;2.00
2011-10-3;25.00;78.00;0.00;0.00;0.00
2011-10-4;21.50;92.00;0.00;0.00;0.00
2011-10-5;20.00;97.00;0.00;0.00;0.00
2011-10-6;22.50;92.00;0.00;0.00;0.00
2011-10-7;24.00;82.00;0.00;0.00;0.00
2011-10-8;24.50;81.00;0.00;0.00;0.00
2011-10-9;24.00;78.00;0.00;0.00;0.00
2011-10-10;25.50;81.00;0.00;0.00;0.50
2011-10-11;25.00;92.00;0.00;0.00;0.00
2011-10-12;22.50;93.00;0.00;0.00;0.00
2011-10-13;25.00;83.00;0.00;0.00;0.00
2011-10-14;26.00;82.00;0.00;0.00;1.00
2011-10-15;28.00;73.00;0.00;0.00;3.00
2011-10-16;27.00;80.00;0.00;0.00;2.00
2011-10-17;23.00;95.00;0.00;0.00;0.00
2011-10-18;22.50;81.00;0.00;0.00;0.00
2011-10-19;19.50;85.00;0.00;0.00;0.00
2011-10-20;21.00;74.00;0.00;0.00;0.00
2011-10-21;21.50;72.00;0.00;0.00;0.00
2011-10-22;21.50;88.00;0.00;0.00;0.00
2011-10-23;20.50;89.00;0.00;0.00;0.00
2011-10-24;21.00;83.00;0.00;0.00;0.00
2011-10-25;22.50;83.00;0.00;0.00;0.00
2011-10-26;25.00;83.00;0.00;0.00;0.00
2011-10-27;27.00;81.00;0.00;0.00;2.00
2011-10-28;29.00;72.00;0.00;0.00;4.00
2011-10-29;26.00;84.00;0.00;0.00;1.00
2011-10-30;27.50;77.00;0.00;0.00;2.50
2011-10-31;20.00;88.00;0.00;0.00;0.00
2011-11-1;19.50;82.00;0.00;0.00;0.00
2011-11-2;20.50;74.00;0.00;0.00;0.00
2011-11-3;21.00;67.00;0.00;0.00;0.00
2011-11-4;21.50;66.00;0.00;0.00;0.00
2011-11-5;22.00;66.00;0.00;0.00;0.00
2011-11-6;23.00;63.00;0.00;0.00;0.00
2011-11-7;22.50;67.00;0.00;0.00;0.00
2011-11-8;24.00;72.00;0.00;0.00;0.00
2011-11-9;25.00;75.00;0.00;0.00;0.00
2011-11-10;25.50;73.00;0.00;0.00;0.50
2011-11-11;26.00;77.00;0.00;0.00;1.00
2011-11-12;26.50;79.00;0.00;0.00;1.50
2011-11-13;26.50;79.00;0.00;0.00;1.50
2011-11-14;27.50;76.00;0.00;0.00;2.50
2011-11-15;28.00;73.00;0.00;0.00;3.00
2011-11-16;25.00;89.00;0.00;0.00;0.00
2011-11-17;23.00;76.00;0.00;0.00;0.00
2011-11-18;22.50;81.00;0.00;0.00;0.00
2011-11-19;20.50;91.00;0.00;0.00;0.00
2011-11-20;21.00;87.00;0.00;0.00;0.00
2011-11-21;23.50;81.00;0.00;0.00;0.00
2011-11-22;26.50;79.00;0.00;0.00;1.50
2011-11-23;24.50;87.00;0.00;0.00;0.00
2011-11-24;23.50;88.00;0.00;0.00;0.00
2011-11-25;25.50;90.00;0.00;0.00;0.50
2011-11-26;25.50;84.00;0.00;0.00;0.50
2011-11-27;24.50;89.00;0.00;0.00;0.00
2011-11-28;24.00;90.00;0.00;0.00;0.00
2011-11-29;24.00;92.00;0.00;0.00;0.00
2011-11-30;24.50;90.00;0.00;0.00;0.00
2011-12-1;27.50;79.00;0.00;0.00;2.50
2011-12-2;24.00;91.00;0.00;0.00;0.00
2011-12-3;23.00;84.00;0.00;0.00;0.00
2011-12-4;22.00;91.00;0.00;0.00;0.00
2011-12-5;24.50;91.00;0.00;0.00;0.00
2011-12-6;24.50;90.00;0.00;0.00;0.00
2011-12-7;25.50;90.00;0.00;0.00;0.50
2011-12-8;27.00;81.00;0.00;0.00;2.00
2011-12-9;28.50;73.00;0.00;0.00;3.50
2011-12-10;24.50;88.00;0.00;0.00;0.00
2011-12-11;23.00;84.00;0.00;0.00;0.00
2011-12-12;23.50;87.00;0.00;0.00;0.00
2011-12-13;26.50;88.00;0.00;0.00;1.50
2011-12-14;26.00;88.00;0.00;0.00;1.00
2011-12-15;27.00;77.00;0.00;0.00;2.00
2011-12-16;27.00;79.00;0.00;0.00;2.00
2011-12-17;27.00;84.00;0.00;0.00;2.00
2011-12-18;27.50;75.00;0.00;0.00;2.50
2011-12-19;27.50;75.00;0.00;0.00;2.50
2011-12-20;28.50;73.00;0.00;0.00;3.50
2011-12-21;28.00;71.00;0.00;0.00;3.00
2011-12-22;27.00;77.00;0.00;0.00;2.00
2011-12-23;28.50;74.00;0.00;0.00;3.50
2011-12-24;28.00;74.00;0.00;0.00;3.00
2011-12-25;28.00;71.00;0.00;0.00;3.00
2011-12-26;27.50;71.00;0.00;0.00;2.50
2011-12-27;27.00;72.00;0.00;0.00;2.00
2011-12-28;28.50;76.00;0.00;0.00;3.50
2011-12-29;23.00;92.00;0.00;0.00;0.00
2011-12-30;23.50;85.00;0.00;0.00;0.00
2011-12-31;27.00;81.00;0.00;0.00;2.00
2012-1-1;26.50;82.00;0.00;0.00;1.50
2012-1-2;26.00;91.00;0.00;0.00;1.00
2012-1-3;25.00;92.00;0.00;0.00;0.00
2012-1-4;23.50;91.00;0.00;0.00;0.00
2012-1-5;24.50;93.00;0.00;0.00;0.00
2012-1-6;25.50;85.00;0.00;0.00;0.50
2012-1-7;27.00;81.00;0.00;0.00;2.00
2012-1-8;26.00;87.00;0.00;0.00;1.00
2012-1-9;26.00;87.00;0.00;0.00;1.00
2012-1-10;24.00;94.00;0.00;0.00;0.00
2012-1-11;26.00;86.00;0.00;0.00;1.00
2012-1-12;26.50;85.00;0.00;0.00;1.50
2012-1-13;27.00;79.00;0.00;0.00;2.00
2012-1-14;28.50;73.00;0.00;0.00;3.50
2012-1-15;28.50;73.00;0.00;0.00;3.50
2012-1-16;29.00;71.00;0.00;0.00;4.00
2012-1-17;28.50;70.00;0.00;0.00;3.50
2012-1-18;27.50;71.00;0.00;0.00;2.50
2012-1-19;27.00;72.00;0.00;0.00;2.00
2012-1-20;27.00;72.00;0.00;0.00;2.00
2012-1-21;27.00;73.00;0.00;0.00;2.00
2012-1-22;26.50;78.00;0.00;0.00;1.50
2012-1-23;27.00;74.00;0.00;0.00;2.00
2012-1-24;27.50;73.00;0.00;0.00;2.50
2012-1-25;28.00;71.00;0.00;0.00;3.00
2012-1-26;29.00;67.00;0.00;0.00;4.00
2012-1-27;29.00;69.00;0.00;0.00;4.00
2012-1-28;27.00;76.00;0.00;0.00;2.00
2012-1-29;28.50;71.00;0.00;0.00;3.50
2012-1-30;27.50;77.00;0.00;0.00;2.50
2012-1-31;27.50;78.00;0.00;0.00;2.50
2012-2-1;27.50;75.00;0.00;0.00;2.50
2012-2-2;27.00;77.00;0.00;0.00;2.00
2012-2-3;26.50;81.00;0.00;0.00;1.50
2012-2-4;27.00;75.00;0.00;0.00;2.00
2012-2-5;27.50;76.00;0.00;0.00;2.50
2012-2-6;28.00;72.00;0.00;0.00;3.00
2012-2-7;28.50;69.00;0.00;0.00;3.50
2012-2-8;30.00;66.00;0.00;0.00;5.00
2012-2-9;29.50;63.00;0.00;0.00;4.50
2012-2-10;29.00;67.00;0.00;0.00;4.00
2012-2-11;28.50;72.00;0.00;0.00;3.50
2012-2-12;29.00;73.00;0.00;0.00;4.00
2012-2-13;28.00;71.00;0.00;0.00;3.00
2012-2-14;27.00;80.00;0.00;0.00;2.00
2012-2-15;26.50;84.00;0.00;0.00;1.50
2012-2-16;25.50;90.00;0.00;0.00;0.50
2012-2-17;26.00;84.00;0.00;0.00;1.00
2012-2-18;26.50;81.00;0.00;0.00;1.50
2012-2-19;27.00;78.00;0.00;0.00;2.00
2012-2-20;27.00;75.00;0.00;0.00;2.00
2012-2-21;26.50;81.00;0.00;0.00;1.50
2012-2-22;27.50;77.00;0.00;0.00;2.50
2012-2-23;28.00;71.00;0.00;0.00;3.00
2012-2-24;29.00;69.00;0.00;0.00;4.00
2012-2-25;27.50;72.00;0.00;0.00;2.50
2012-2-26;28.00;69.00;0.00;0.00;3.00
2012-2-27;29.00;67.00;0.00;0.00;4.00
2012-2-28;29.00;70.00;0.00;0.00;4.00
2012-2-29;28.00;69.00;0.00;0.00;3.00
2012-3-1;28.50;68.00;0.00;0.00;3.50
2012-3-2;29.00;64.00;0.00;0.00;4.00
2012-3-3;29.00;67.00;0.00;0.00;4.00
2012-3-4;27.50;73.00;0.00;0.00;2.50
2012-3-5;28.50;73.00;0.00;0.00;3.50
2012-3-6;26.50;76.00;0.00;0.00;1.50
2012-3-7;26.00;79.00;0.00;0.00;1.00
2012-3-8;25.50;78.00;0.00;0.00;0.50
2012-3-9;28.00;72.00;0.00;0.00;3.00
2012-3-10;27.00;82.00;0.00;0.00;2.00
2012-3-11;28.50;76.00;0.00;0.00;3.50
2012-3-12;28.50;72.00;0.00;0.00;3.50
2012-3-13;28.00;72.00;0.00;0.00;3.00
2012-3-14;29.00;68.00;0.00;0.00;4.00
2012-3-15;28.00;65.00;0.00;0.00;3.00
2012-3-16;28.00;74.00;0.00;0.00;3.00
2012-3-17;26.50;77.00;0.00;0.00;1.50
2012-3-18;25.50;65.00;0.00;0.00;0.50
2012-3-19;25.50;79.00;0.00;0.00;0.50
2012-3-20;27.50;70.00;0.00;0.00;2.50
2012-3-21;27.50;77.00;0.00;0.00;2.50
2012-3-22;30.00;70.00;0.00;0.00;5.00
2012-3-23;29.50;70.00;0.00;0.00;4.50
2012-3-24;30.50;71.00;0.00;0.00;5.50
2012-3-25;29.00;70.00;0.00;0.00;4.00
2012-3-26;28.00;71.00;0.00;0.00;3.00
2012-3-27;28.50;69.00;0.00;0.00;3.50
2012-3-28;28.00;70.00;0.00;0.00;3.00
2012-3-29;27.00;80.00;0.00;0.00;2.00
2012-3-30;26.50;77.00;0.00;0.00;1.50
2012-3-31;27.50;78.00;0.00;0.00;2.50
2012-4-1;25.50;85.00;0.00;0.00;0.50
2012-4-2;26.50;83.00;0.00;0.00;1.50
2012-4-3;27.50;77.00;0.00;0.00;2.50
2012-4-4;28.00;76.00;0.00;0.00;3.00
2012-4-5;28.50;72.00;0.00;0.00;3.50
2012-4-6;30.00;72.00;0.00;0.00;5.00
2012-4-7;27.50;81.00;0.00;0.00;2.50
2012-4-8;27.50;80.00;0.00;0.00;2.50
2012-4-9;28.00;77.00;0.00;0.00;3.00
2012-4-10;26.00;80.00;0.00;0.00;1.00
2012-4-11;26.50;82.00;0.00;0.00;1.50
2012-4-12;27.50;81.00;0.00;0.00;2.50
2012-4-13;26.50;75.00;0.00;0.00;1.50
2012-4-14;28.00;71.00;0.00;0.00;3.00
2012-4-15;29.00;66.00;0.00;0.00;4.00
2012-4-16;27.50;70.00;0.00;0.00;2.50
2012-4-17;27.00;65.00;0.00;0.00;2.00
2012-4-18;25.00;70.00;0.00;0.00;0.00
2012-4-19;23.50;78.00;0.00;0.00;0.00
2012-4-20;26.00;71.00;0.00;0.00;1.00
2012-4-21;27.00;65.00;0.00;0.00;2.00
2012-4-22;26.00;72.00;0.00;0.00;1.00
2012-4-23;24.00;80.00;0.51;0.00;0.00
2012-4-24;25.50;79.00;0.00;0.00;0.50
2012-4-25;26.00;82.00;0.00;0.00;1.00
2012-4-26;28.00;74.00;0.00;0.00;3.00
2012-4-27;30.00;62.00;0.00;0.00;5.00
2012-4-28;27.00;70.00;0.00;0.00;2.00
2012-4-29;28.00;70.00;0.00;0.00;3.00
2012-4-30;26.50;75.00;0.00;0.00;1.50
2012-5-1;25.50;73.00;0.00;0.00;0.50
2012-5-2;22.50;61.00;0.00;0.00;0.00
2012-5-3;23.50;67.00;0.00;0.00;0.00
2012-5-4;24.50;81.00;0.00;0.00;0.00
2012-5-5;23.50;84.00;0.00;0.00;0.00
2012-5-6;24.50;78.00;0.00;0.00;0.00
2012-5-7;24.50;78.00;0.00;0.00;0.00
2012-5-8;23.00;85.00;0.00;0.00;0.00
2012-5-9;23.00;80.00;0.00;0.00;0.00
2012-5-10;24.00;78.00;0.00;0.00;0.00
2012-5-11;25.00;74.00;0.00;0.00;0.00
2012-5-12;27.50;67.00;0.00;0.00;2.50
2012-5-13;26.00;80.00;0.00;0.00;1.00
2012-5-14;21.50;93.00;0.00;0.00;0.00
2012-5-15;21.00;88.00;0.00;0.00;0.00
2012-5-16;22.00;82.00;0.00;0.00;0.00
2012-5-17;24.00;72.00;0.00;0.00;0.00
2012-5-18;21.50;84.00;0.00;0.00;0.00
2012-5-19;21.50;83.00;0.00;0.00;0.00
2012-5-20;22.00;77.00;0.00;0.00;0.00
2012-5-21;19.50;90.00;0.00;0.00;0.00
2012-5-22;21.50;85.00;2.03;0.00;0.00
2012-5-23;22.00;85.00;0.00;0.00;0.00
2012-5-24;22.50;81.00;0.00;0.00;0.00
2012-5-25;24.00;77.00;0.00;0.00;0.00
2012-5-26;25.50;78.00;0.00;0.00;0.50
2012-5-27;23.50;86.00;0.00;0.00;0.00
2012-5-28;24.50;90.00;0.00;0.00;0.00
2012-5-29;26.00;79.00;0.00;0.00;1.00
2012-5-30;27.00;73.00;0.00;0.00;2.00
2012-5-31;25.50;76.00;0.00;0.00;0.50
2012-6-1;24.50;83.00;0.00;0.00;0.00
2012-6-2;25.00;84.00;0.00;0.00;0.00
2012-6-3;26.50;73.00;0.00;0.00;1.50
2012-6-4;26.50;76.00;0.00;0.00;1.50
2012-6-5;27.50;72.00;0.00;0.00;2.50
2012-6-6;28.00;71.00;0.00;0.00;3.00
2012-6-7;26.00;79.00;0.00;0.00;1.00
2012-6-8;24.50;83.00;0.00;0.00;0.00
2012-6-9;11.00;88.00;0.00;7.00;0.00
2012-6-10;__.__;__.__;0.00;0.00;0.00
2012-6-11;22.50;91.00;0.00;0.00;0.00
2012-6-12;23.00;85.00;0.00;0.00;0.00
2012-6-13;22.00;82.00;0.00;0.00;0.00
2012-6-14;23.50;81.00;0.00;0.00;0.00
2012-6-15;24.50;80.00;0.00;0.00;0.00
2012-6-16;24.50;74.00;0.00;0.00;0.00
2012-6-17;23.50;78.00;0.00;0.00;0.00
2012-6-18;23.50;79.00;0.00;0.00;0.00
2012-6-19;15.50;69.00;0.00;2.50;0.00
2012-6-20;27.00;74.00;0.00;0.00;2.00
2012-6-21;27.00;69.00;0.00;0.00;2.00
2012-6-22;27.00;74.00;0.00;0.00;2.00
2012-6-23;24.00;71.00;0.00;0.00;0.00
2012-6-24;23.00;72.00;0.00;0.00;0.00
2012-6-25;21.50;78.00;0.00;0.00;0.00
2012-6-26;21.00;73.00;0.00;0.00;0.00
2012-6-27;21.50;87.00;0.00;0.00;0.00
2012-6-28;22.50;89.00;0.00;0.00;0.00
2012-6-29;23.50;80.00;0.00;0.00;0.00
2012-6-30;23.50;79.00;0.00;0.00;0.00
2012-7-1;24.00;77.00;0.00;0.00;0.00
2012-7-2;23.50;78.00;0.00;0.00;0.00
2012-7-3;23.00;75.00;0.00;0.00;0.00
2012-7-4;23.50;80.00;0.00;0.00;0.00
2012-7-5;24.00;79.00;0.00;0.00;0.00
2012-7-6;23.50;84.00;0.00;0.00;0.00
2012-7-7;23.50;81.00;0.00;0.00;0.00
2012-7-8;25.00;77.00;0.00;0.00;0.00
2012-7-9;22.50;69.00;0.00;0.00;0.00
2012-7-10;22.00;66.00;0.00;0.00;0.00
2012-7-11;23.00;69.00;0.00;0.00;0.00
2012-7-12;24.50;71.00;0.00;0.00;0.00
2012-7-13;24.00;75.00;0.00;0.00;0.00
2012-7-14;24.00;74.00;0.00;0.00;0.00
2012-7-15;23.50;83.00;0.00;0.00;0.00
2012-7-16;20.00;91.00;0.00;0.00;0.00
2012-7-17;21.50;87.00;0.00;0.00;0.00
2012-7-18;24.00;71.00;0.00;0.00;0.00
2012-7-19;22.00;73.00;0.00;0.00;0.00
2012-7-20;22.50;74.00;0.00;0.00;0.00
2012-7-21;24.50;73.00;0.00;0.00;0.00
2012-7-22;25.00;76.00;0.00;0.00;0.00
2012-7-23;25.00;74.00;0.00;0.00;0.00
2012-7-24;23.50;73.00;0.00;0.00;0.00
2012-7-25;24.50;66.00;0.00;0.00;0.00
2012-7-26;23.50;70.00;0.00;0.00;0.00
2012-7-27;24.50;67.00;0.00;0.00;0.00
2012-7-28;22.00;78.00;0.00;0.00;0.00
2012-7-29;23.00;68.00;0.00;0.00;0.00
2012-7-30;23.00;71.00;0.00;0.00;0.00
2012-7-31;21.50;88.00;6.10;0.00;0.00
2012-8-1;23.50;87.00;0.00;0.00;0.00
2012-8-2;22.50;84.00;0.00;0.00;0.00
2012-8-3;22.50;79.00;0.00;0.00;0.00
2012-8-4;23.50;78.00;0.00;0.00;0.00
2012-8-5;24.50;68.00;0.00;0.00;0.00
2012-8-6;23.50;65.00;0.00;0.00;0.00
2012-8-7;21.50;69.00;0.00;0.00;0.00
2012-8-8;21.50;76.00;0.00;0.00;0.00
2012-8-9;22.00;80.00;0.00;0.00;0.00
2012-8-10;22.00;81.00;0.00;0.00;0.00
2012-8-11;22.50;82.00;0.00;0.00;0.00
2012-8-12;23.00;85.00;0.00;0.00;0.00
2012-8-13;22.50;88.00;0.00;0.00;0.00
2012-8-14;24.00;83.00;0.00;0.00;0.00
2012-8-15;23.00;87.00;0.00;0.00;0.00
2012-8-16;23.00;82.00;0.00;0.00;0.00
2012-8-17;23.00;83.00;0.00;0.00;0.00
2012-8-18;23.50;81.00;0.00;0.00;0.00
2012-8-19;23.50;69.00;0.00;0.00;0.00
2012-8-20;22.50;83.00;0.00;0.00;0.00
2012-8-21;22.50;79.00;0.00;0.00;0.00
2012-8-22;22.00;81.00;0.00;0.00;0.00
2012-8-23;22.50;86.00;0.00;0.00;0.00
2012-8-24;23.00;78.00;0.00;0.00;0.00
2012-8-25;22.50;84.00;0.00;0.00;0.00
2012-8-26;22.00;93.00;0.00;0.00;0.00
2012-8-27;24.00;80.00;0.00;0.00;0.00
2012-8-28;23.50;87.00;0.00;0.00;0.00
2012-8-29;25.50;85.00;0.00;0.00;0.50
2012-8-30;22.50;75.00;0.00;0.00;0.00
2012-8-31;22.00;64.00;0.00;0.00;0.00
2012-9-1;21.50;71.00;0.00;0.00;0.00
2012-9-2;22.00;70.00;0.00;0.00;0.00
2012-9-3;25.00;66.00;0.00;0.00;0.00
2012-9-4;22.00;74.00;0.00;0.00;0.00
2012-9-5;22.00;66.00;0.00;0.00;0.00
2012-9-6;22.50;72.00;0.00;0.00;0.00
2012-9-7;24.50;73.00;0.00;0.00;0.00
2012-9-8;25.00;78.00;0.00;0.00;0.00
2012-9-9;26.50;69.00;0.00;0.00;1.50
2012-9-10;24.50;79.00;0.00;0.00;0.00
2012-9-11;27.50;70.00;0.00;0.00;2.50
2012-9-12;25.50;78.00;0.00;0.00;0.50
2012-9-13;28.50;71.00;0.00;0.00;3.50
2012-9-14;24.00;81.00;0.00;0.00;0.00
2012-9-15;23.50;78.00;0.00;0.00;0.00
2012-9-16;24.00;87.00;0.00;0.00;0.00
2012-9-17;26.00;76.00;0.00;0.00;1.00
2012-9-18;26.50;69.00;0.00;0.00;1.50
2012-9-19;28.50;67.00;0.00;0.00;3.50
2012-9-20;27.50;72.00;0.00;0.00;2.50
2012-9-21;27.50;73.00;0.00;0.00;2.50
2012-9-22;24.00;73.00;0.00;0.00;0.00
2012-9-23;21.50;72.00;0.00;0.00;0.00
2012-9-24;23.50;68.00;0.00;0.00;0.00
2012-9-25;25.50;71.00;0.00;0.00;0.50
2012-9-26;23.00;81.00;0.00;0.00;0.00
2012-9-27;20.50;56.00;0.00;0.00;0.00
2012-9-28;20.50;60.00;0.00;0.00;0.00
2012-9-29;21.00;64.00;0.00;0.00;0.00
2012-9-30;21.50;68.00;0.00;0.00;0.00
2012-10-1;21.50;73.00;0.00;0.00;0.00
2012-10-2;23.00;72.00;0.00;0.00;0.00
2012-10-3;24.50;72.00;0.00;0.00;0.00
2012-10-4;24.50;75.00;0.00;0.00;0.00
2012-10-5;23.50;80.00;0.00;0.00;0.00
2012-10-6;24.00;73.00;0.00;0.00;0.00
2012-10-7;24.50;79.00;0.00;0.00;0.00
2012-10-8;24.50;77.00;0.00;0.00;0.00
2012-10-9;24.50;82.00;0.00;0.00;0.00
2012-10-10;25.50;71.00;0.00;0.00;0.50
2012-10-11;27.00;65.00;0.00;0.00;2.00
2012-10-12;26.50;74.00;0.00;0.00;1.50
2012-10-13;24.00;78.00;0.00;0.00;0.00
2012-10-14;24.00;72.00;0.00;0.00;0.00
2012-10-15;24.50;67.00;0.00;0.00;0.00
2012-10-16;24.00;68.00;0.00;0.00;0.00
2012-10-17;24.00;76.00;0.00;0.00;0.00
2012-10-18;27.00;76.00;0.00;0.00;2.00
2012-10-19;26.00;76.00;0.00;0.00;1.00
2012-10-20;27.00;75.00;0.00;0.00;2.00
2012-10-21;27.00;73.00;0.00;0.00;2.00
2012-10-22;28.50;65.00;0.00;0.00;3.50
2012-10-23;28.50;68.00;0.00;0.00;3.50
2012-10-24;29.50;68.00;0.00;0.00;4.50
2012-10-25;26.00;80.00;0.00;0.00;1.00
2012-10-26;27.00;71.00;0.00;0.00;2.00
2012-10-27;26.00;70.00;0.00;0.00;1.00
2012-10-28;28.50;63.00;0.00;0.00;3.50
2012-10-29;28.00;68.00;0.00;0.00;3.00
2012-10-30;28.50;67.00;0.00;0.00;3.50
2012-10-31;30.00;66.00;0.00;0.00;5.00
2012-11-1;26.50;76.00;0.00;0.00;1.50
2012-11-2;25.50;71.00;0.00;0.00;0.50
2012-11-3;23.50;84.00;0.00;0.00;0.00
2012-11-4;23.50;89.00;0.00;0.00;0.00
2012-11-5;25.00;81.00;1.02;0.00;0.00
2012-11-6;25.00;85.00;6.10;0.00;0.00
2012-11-7;24.50;90.00;0.00;0.00;0.00
2012-11-8;25.50;87.00;12.95;0.00;0.50
2012-11-9;24.00;90.00;0.00;0.00;0.00
2012-11-10;25.00;85.00;0.00;0.00;0.00
2012-11-11;26.00;83.00;0.00;0.00;1.00
2012-11-12;28.50;73.00;0.00;0.00;3.50
2012-11-13;26.50;81.00;0.00;0.00;1.50
2012-11-14;23.50;81.00;0.00;0.00;0.00
2012-11-15;23.00;90.00;0.00;0.00;0.00
2012-11-16;23.50;87.00;0.25;0.00;0.00
2012-11-17;25.00;75.00;0.00;0.00;0.00
2012-11-18;23.00;84.00;0.00;0.00;0.00
2012-11-19;23.50;79.00;0.51;0.00;0.00
2012-11-20;24.00;83.00;0.00;0.00;0.00
2012-11-21;24.50;84.00;0.00;0.00;0.00
2012-11-22;24.50;74.00;0.00;0.00;0.00
2012-11-23;25.50;72.00;0.00;0.00;0.50
2012-11-24;30.50;69.00;0.00;0.00;5.50
2012-11-25;25.50;91.00;0.00;0.00;0.50
2012-11-26;24.00;90.00;0.00;0.00;0.00
2012-11-27;25.50;82.00;6.10;0.00;0.50
2012-11-28;27.00;71.00;0.00;0.00;2.00
2012-11-29;25.50;84.00;0.00;0.00;0.50
2012-11-30;26.50;86.00;2.03;0.00;1.50
2012-12-1;24.50;88.00;3.05;0.00;0.00
2012-12-2;27.00;78.00;0.00;0.00;2.00
2012-12-3;27.50;72.00;0.00;0.00;2.50
2012-12-4;27.00;72.00;0.00;0.00;2.00
2012-12-5;27.00;75.00;0.00;0.00;2.00
2012-12-6;27.50;75.00;0.00;0.00;2.50
2012-12-7;27.50;69.00;0.00;0.00;2.50
2012-12-8;29.00;66.00;0.00;0.00;4.00
2012-12-9;27.00;76.00;0.00;0.00;2.00
2012-12-10;25.50;90.00;0.00;0.00;0.50
2012-12-11;29.00;74.00;0.00;0.00;4.00
2012-12-12;29.00;76.00;0.00;0.00;4.00
2012-12-13;29.00;74.00;0.00;0.00;4.00
2012-12-14;29.00;68.00;0.00;0.00;4.00
2012-12-15;29.00;66.00;0.00;0.00;4.00
2012-12-16;29.00;62.00;0.00;0.00;4.00
2012-12-17;29.00;68.00;0.00;0.00;4.00
2012-12-18;29.00;79.00;0.25;0.00;4.00
2012-12-19;29.50;76.00;0.00;0.00;4.50
2012-12-20;27.50;71.00;0.00;0.00;2.50
2012-12-21;28.00;69.00;0.00;0.00;3.00
2012-12-22;29.00;71.00;0.00;0.00;4.00
2012-12-23;28.00;74.00;0.00;0.00;3.00
2012-12-24;28.50;73.00;0.00;0.00;3.50
2012-12-25;30.50;69.00;0.00;0.00;5.50
2012-12-26;30.00;63.00;0.00;0.00;5.00
2012-12-27;30.00;64.00;0.00;0.00;5.00
2012-12-28;30.00;68.00;0.00;0.00;5.00
2012-12-29;29.50;70.00;0.00;0.00;4.50
2012-12-30;29.00;64.00;0.00;0.00;4.00
2012-12-31;28.50;69.00;0.00;0.00;3.50
2013-1-1;28.50;67.00;0.00;0.00;3.50
2013-1-2;29.00;67.00;0.00;0.00;4.00
2013-1-3;29.00;65.00;0.00;0.00;4.00
2013-1-4;28.00;65.00;0.00;0.00;3.00
2013-1-5;28.50;67.00;0.00;0.00;3.50
2013-1-6;28.50;63.00;0.00;0.00;3.50
2013-1-7;28.50;63.00;0.00;0.00;3.50
2013-1-8;28.50;68.00;0.00;0.00;3.50
2013-1-9;28.50;65.00;0.00;0.00;3.50
2013-1-10;30.00;64.00;0.00;0.00;5.00
2013-1-11;28.00;71.00;0.00;0.00;3.00
2013-1-12;27.00;81.00;0.51;0.00;2.00
2013-1-13;28.50;75.00;0.00;0.00;3.50
2013-1-14;27.50;72.00;0.00;0.00;2.50
2013-1-15;28.00;68.00;0.00;0.00;3.00
2013-1-16;27.50;68.00;0.00;0.00;2.50
2013-1-17;26.50;85.00;3.05;0.00;1.50
2013-1-18;26.00;90.00;32.00;0.00;1.00
2013-1-19;28.00;83.00;7.11;0.00;3.00
2013-1-20;26.00;84.00;0.25;0.00;1.00
2013-1-21;25.00;74.00;0.25;0.00;0.00
2013-1-22;26.50;78.00;2.03;0.00;1.50
2013-1-23;25.50;80.00;0.51;0.00;0.50
2013-1-24;26.50;70.00;0.00;0.00;1.50
2013-1-25;29.50;72.00;0.00;0.00;4.50
2013-1-26;31.50;65.00;0.00;0.00;6.50
2013-1-27;25.50;89.00;0.25;0.00;0.50
2013-1-28;25.50;80.00;7.11;0.00;0.50
2013-1-29;24.50;91.00;8.89;0.00;0.00
2013-1-30;25.00;86.00;0.00;0.00;0.00
2013-1-31;26.00;85.00;0.00;0.00;1.00
2013-2-1;27.00;83.00;0.00;0.00;2.00
2013-2-2;28.50;74.00;0.00;0.00;3.50
2013-2-3;29.00;59.00;0.00;0.00;4.00
2013-2-4;30.00;66.00;0.00;0.00;5.00
2013-2-5;25.50;81.00;0.00;0.00;0.50
2013-2-6;27.00;85.00;0.00;0.00;2.00
2013-2-7;27.00;79.00;4.06;0.00;2.00
2013-2-8;28.00;74.00;0.00;0.00;3.00
2013-2-9;27.50;72.00;0.00;0.00;2.50
2013-2-10;27.50;72.00;0.00;0.00;2.50
2013-2-11;27.50;70.00;0.00;0.00;2.50
2013-2-12;27.50;68.00;0.00;0.00;2.50
2013-2-13;28.50;67.00;0.00;0.00;3.50
2013-2-14;28.50;70.00;0.00;0.00;3.50
2013-2-15;28.50;77.00;0.00;0.00;3.50
2013-2-16;28.50;69.00;0.00;0.00;3.50
2013-2-17;28.50;69.00;0.00;0.00;3.50
2013-2-18;29.50;69.00;0.00;0.00;4.50
2013-2-19;28.50;69.00;0.00;0.00;3.50
2013-2-20;28.00;71.00;0.00;0.00;3.00
2013-2-21;28.00;73.00;0.00;0.00;3.00
2013-2-22;27.50;71.00;0.00;0.00;2.50
2013-2-23;28.00;68.00;0.00;0.00;3.00
2013-2-24;28.00;70.00;0.00;0.00;3.00
2013-2-25;28.00;71.00;0.00;0.00;3.00
2013-2-26;29.00;64.00;0.00;0.00;4.00
2013-2-27;29.50;68.00;0.00;0.00;4.50
2013-2-28;27.00;82.00;1.02;0.00;2.00
2013-3-1;25.50;85.00;1.02;0.00;0.50
2013-3-2;25.50;84.00;6.10;0.00;0.50
2013-3-3;28.00;77.00;0.00;0.00;3.00
2013-3-4;28.00;71.00;0.00;0.00;3.00
2013-3-5;29.00;65.00;0.00;0.00;4.00
2013-3-6;31.00;68.00;0.00;0.00;6.00
2013-3-7;29.50;70.00;0.00;0.00;4.50
2013-3-8;29.50;72.00;0.00;0.00;4.50
2013-3-9;28.50;72.00;0.00;0.00;3.50
2013-3-10;27.00;73.00;1.02;0.00;2.00
2013-3-11;27.50;81.00;0.25;0.00;2.50
2013-3-12;26.50;86.00;0.00;0.00;1.50
2013-3-13;14.00;76.00;0.00;4.00;0.00
2013-3-14;28.00;80.00;7.11;0.00;3.00
2013-3-15;26.00;89.00;1.02;0.00;1.00
2013-3-16;26.50;84.00;0.00;0.00;1.50
2013-3-17;28.00;75.00;0.00;0.00;3.00
2013-3-18;26.00;87.00;55.88;0.00;1.00
2013-3-19;21.50;93.00;39.88;0.00;0.00
2013-3-20;24.50;87.00;0.00;0.00;0.00
2013-3-21;27.00;77.00;0.00;0.00;2.00
2013-3-22;27.00;78.00;0.00;0.00;2.00
2013-3-23;26.50;84.00;0.00;0.00;1.50
2013-3-24;26.50;84.00;1.02;0.00;1.50
2013-3-25;28.00;83.00;12.95;0.00;3.00
2013-3-26;28.50;81.00;0.00;0.00;3.50
2013-3-27;29.50;72.00;17.02;0.00;4.50
2013-3-28;25.50;80.00;0.25;0.00;0.50
2013-3-29;23.00;83.00;16.00;0.00;0.00
2013-3-30;24.00;84.00;0.00;0.00;0.00
2013-3-31;25.00;82.00;0.25;0.00;0.00
2013-4-1;25.50;85.00;0.25;0.00;0.50
2013-4-2;26.50;82.00;0.00;0.00;1.50
2013-4-3;26.00;84.00;4.06;0.00;1.00
2013-4-4;25.50;86.00;0.00;0.00;0.50
2013-4-5;28.50;74.00;0.00;0.00;3.50
2013-4-6;27.00;77.00;0.00;0.00;2.00
2013-4-7;27.00;82.00;2.03;0.00;2.00
2013-4-8;25.00;89.00;3.05;0.00;0.00
2013-4-9;24.50;89.00;6.10;0.00;0.00
2013-4-10;23.00;93.00;1.02;0.00;0.00
2013-4-11;24.00;88.00;0.00;0.00;0.00
2013-4-12;26.00;83.00;0.00;0.00;1.00
2013-4-13;28.00;73.00;0.00;0.00;3.00
2013-4-14;26.50;76.00;0.00;0.00;1.50
2013-4-15;24.00;76.00;0.00;0.00;0.00
2013-4-16;25.50;80.00;0.00;0.00;0.50
2013-4-17;25.00;71.00;0.00;0.00;0.00
2013-4-18;22.50;71.00;0.00;0.00;0.00
2013-4-19;23.00;76.00;0.00;0.00;0.00
2013-4-20;23.50;65.00;0.00;0.00;0.00
2013-4-21;23.00;70.00;2.03;0.00;0.00
2013-4-22;24.00;68.00;0.00;0.00;0.00
2013-4-23;23.00;75.00;0.00;0.00;0.00
2013-4-24;24.00;72.00;1.02;0.00;0.00
2013-4-25;24.00;77.00;0.00;0.00;0.00
2013-4-26;10.00;88.00;0.00;8.00;0.00
2013-4-27;0.00;__.__;0.00;18.00;0.00
2013-4-28;0.00;__.__;0.76;18.00;0.00
2013-4-29;0.00;__.__;2.03;18.00;0.00
2013-4-30;__.__;__.__;0.00;0.00;0.00
2013-5-1;__.__;__.__;0.00;0.00;0.00
2013-5-2;__.__;__.__;0.00;0.00;0.00
2013-5-3;__.__;__.__;0.00;0.00;0.00
2013-5-4;__.__;__.__;0.00;0.00;0.00
2013-5-5;__.__;__.__;0.00;0.00;0.00
2013-5-6;__.__;__.__;0.00;0.00;0.00
2013-5-7;__.__;__.__;0.00;0.00;0.00
2013-5-8;0.00;__.__;0.00;18.00;0.00
2013-5-9;24.00;70.00;0.00;0.00;0.00
2013-5-10;23.50;71.00;0.00;0.00;0.00
2013-5-11;22.50;77.00;0.00;0.00;0.00
2013-5-12;23.00;77.00;0.00;0.00;0.00
2013-5-13;25.00;80.00;0.00;0.00;0.00
2013-5-14;26.00;77.00;0.00;0.00;1.00
2013-5-15;26.00;77.00;0.00;0.00;1.00
2013-5-16;26.00;77.00;0.00;0.00;1.00
2013-5-17;24.50;80.00;2.03;0.00;0.00
2013-5-18;23.50;84.00;3.05;0.00;0.00
2013-5-19;23.00;80.00;0.00;0.00;0.00
2013-5-20;23.50;77.00;0.00;0.00;0.00
2013-5-21;24.00;75.00;0.00;0.00;0.00
2013-5-22;25.00;65.00;0.00;0.00;0.00
2013-5-23;21.50;86.00;0.00;0.00;0.00
2013-5-24;22.00;81.00;11.94;0.00;0.00
2013-5-25;20.00;89.00;0.25;0.00;0.00
2013-5-26;21.00;78.00;0.00;0.00;0.00
2013-5-27;22.50;83.00;0.00;0.00;0.00
2013-5-28;23.00;69.00;0.00;0.00;0.00
2013-5-29;26.00;71.00;0.00;0.00;1.00
2013-5-30;24.50;74.00;0.00;0.00;0.00
2013-5-31;25.00;71.00;0.25;0.00;0.00
2013-6-1;23.00;81.00;0.00;0.00;0.00
2013-6-2;24.00;78.00;0.00;0.00;0.00
2013-6-3;26.00;78.00;7.11;0.00;1.00
2013-6-4;21.50;90.00;4.06;0.00;0.00
2013-6-5;23.00;86.00;0.00;0.00;0.00
2013-6-6;23.50;82.00;0.00;0.00;0.00
2013-6-7;24.00;81.00;0.00;0.00;0.00
2013-6-8;23.50;84.00;3.05;0.00;0.00
2013-6-9;23.50;81.00;0.00;0.00;0.00
2013-6-10;23.00;79.00;0.00;0.00;0.00
2013-6-11;23.00;77.00;0.00;0.00;0.00
2013-6-12;24.00;79.00;0.00;0.00;0.00
2013-6-13;23.50;79.00;0.00;0.00;0.00
2013-6-14;22.50;80.00;0.00;0.00;0.00
2013-6-15;22.00;84.00;0.00;0.00;0.00
2013-6-16;23.00;85.00;2.03;0.00;0.00
2013-6-17;24.00;76.00;0.00;0.00;0.00
2013-6-18;22.50;79.00;0.00;0.00;0.00
2013-6-19;22.50;82.00;0.00;0.00;0.00
2013-6-20;24.50;80.00;0.00;0.00;0.00
2013-6-21;24.00;79.00;0.00;0.00;0.00
2013-6-22;27.00;65.00;0.00;0.00;2.00
2013-6-23;23.00;80.00;2.03;0.00;0.00
2013-6-24;21.50;89.00;0.00;0.00;0.00
2013-6-25;22.50;80.00;0.00;0.00;0.00
2013-6-26;23.00;76.00;0.00;0.00;0.00
2013-6-27;25.00;75.00;0.00;0.00;0.00
2013-6-28;23.50;80.00;0.00;0.00;0.00
2013-6-29;25.00;77.00;0.00;0.00;0.00
2013-6-30;24.00;77.00;0.00;0.00;0.00
2013-7-1;25.50;78.00;0.00;0.00;0.50
2013-7-2;23.50;82.00;7.11;0.00;0.00
2013-7-3;20.50;82.00;0.00;0.00;0.00
2013-7-4;21.00;78.00;0.00;0.00;0.00
2013-7-5;22.00;81.00;0.00;0.00;0.00
2013-7-6;21.50;78.00;0.00;0.00;0.00
2013-7-7;23.50;78.00;0.00;0.00;0.00
2013-7-8;22.00;80.00;0.00;0.00;0.00
2013-7-9;20.00;86.00;5.08;0.00;0.00
2013-7-10;24.00;71.00;0.00;0.00;0.00
2013-7-11;23.00;83.00;2.03;0.00;0.00
2013-7-12;21.00;84.00;2.03;0.00;0.00
2013-7-13;22.00;92.00;0.76;0.00;0.00
2013-7-14;23.50;79.00;0.00;0.00;0.00
2013-7-15;25.50;76.00;11.94;0.00;0.50
2013-7-16;22.50;80.00;0.00;0.00;0.00
2013-7-17;24.50;80.00;0.00;0.00;0.00
2013-7-18;25.00;73.00;0.00;0.00;0.00
2013-7-19;25.00;70.00;0.00;0.00;0.00
2013-7-20;26.00;72.00;0.00;0.00;1.00
2013-7-21;26.50;72.00;0.00;0.00;1.50
2013-7-22;27.00;73.00;0.00;0.00;2.00
2013-7-23;25.00;75.00;0.00;0.00;0.00
2013-7-24;22.00;74.00;0.00;0.00;0.00
2013-7-25;23.00;79.00;0.00;0.00;0.00
2013-7-26;21.50;76.00;0.00;0.00;0.00
2013-7-27;22.00;73.00;0.00;0.00;0.00
2013-7-28;21.00;73.00;0.00;0.00;0.00
2013-7-29;22.00;76.00;0.00;0.00;0.00
2013-7-30;21.50;67.00;0.00;0.00;0.00
2013-7-31;20.50;73.00;0.00;0.00;0.00
2013-8-1;21.50;69.00;0.00;0.00;0.00
2013-8-2;21.50;63.00;0.00;0.00;0.00
2013-8-3;24.00;67.00;0.00;0.00;0.00
2013-8-4;25.50;70.00;0.00;0.00;0.50
2013-8-5;23.50;77.00;0.00;0.00;0.00
2013-8-6;22.50;77.00;0.00;0.00;0.00
2013-8-7;22.50;80.00;0.00;0.00;0.00
2013-8-8;23.00;76.00;0.00;0.00;0.00
2013-8-9;22.50;74.00;0.00;0.00;0.00
2013-8-10;24.00;68.00;0.00;0.00;0.00
2013-8-11;26.50;63.00;0.00;0.00;1.50
2013-8-12;23.00;76.00;0.00;0.00;0.00
2013-8-13;23.50;75.00;0.00;0.00;0.00
2013-8-14;26.00;65.00;3.05;0.00;1.00
2013-8-15;21.00;74.00;0.00;0.00;0.00
2013-8-16;22.00;61.00;0.00;0.00;0.00
2013-8-17;21.50;70.00;3.05;0.00;0.00
2013-8-18;22.00;82.00;13.97;0.00;0.00
2013-8-19;21.00;77.00;3.05;0.00;0.00
2013-8-20;21.00;90.00;7.87;0.00;0.00
2013-8-21;22.50;88.00;5.08;0.00;0.00
2013-8-22;23.50;82.00;0.00;0.00;0.00
2013-8-23;24.00;70.00;0.00;0.00;0.00
2013-8-24;24.00;74.00;0.00;0.00;0.00
2013-8-25;23.00;74.00;0.00;0.00;0.00
2013-8-26;26.50;67.00;0.00;0.00;1.50
2013-8-27;25.50;79.00;1.02;0.00;0.50
2013-8-28;19.50;82.00;0.00;0.00;0.00
2013-8-29;21.00;74.00;0.00;0.00;0.00
2013-8-30;21.50;71.00;0.00;0.00;0.00
2013-8-31;21.00;75.00;0.00;0.00;0.00
2013-9-1;23.50;78.00;0.00;0.00;0.00
2013-9-2;24.00;66.00;0.00;0.00;0.00
2013-9-3;26.50;64.00;0.00;0.00;1.50
2013-9-4;24.00;65.00;0.00;0.00;0.00
2013-9-5;21.50;77.00;0.00;0.00;0.00
2013-9-6;22.50;73.00;2.03;0.00;0.00
2013-9-7;20.50;82.00;0.25;0.00;0.00
2013-9-8;21.50;82.00;0.00;0.00;0.00
2013-9-9;23.00;77.00;0.00;0.00;0.00
2013-9-10;21.50;80.00;0.51;0.00;0.00
2013-9-11;22.00;81.00;4.06;0.00;0.00
2013-9-12;21.50;80.00;3.05;0.00;0.00
2013-9-13;22.50;84.00;0.00;0.00;0.00
2013-9-14;23.50;77.00;0.00;0.00;0.00
2013-9-15;24.00;73.00;0.00;0.00;0.00
2013-9-16;25.50;72.00;0.00;0.00;0.50
2013-9-17;26.50;70.00;0.00;0.00;1.50
2013-9-18;27.50;72.00;0.00;0.00;2.50
2013-9-19;26.50;77.00;0.00;0.00;1.50
2013-9-20;25.00;74.00;0.00;0.00;0.00
2013-9-21;26.00;71.00;0.00;0.00;1.00
2013-9-22;28.50;69.00;0.00;0.00;3.50
2013-9-23;27.50;73.00;0.00;0.00;2.50
2013-9-24;26.50;80.00;1.02;0.00;1.50
2013-9-25;25.00;78.00;0.25;0.00;0.00
2013-9-26;22.00;59.00;0.00;0.00;0.00
2013-9-27;22.50;57.00;0.00;0.00;0.00
2013-9-28;22.00;61.00;0.00;0.00;0.00
2013-9-29;22.50;79.00;1.02;0.00;0.00
2013-9-30;22.00;87.00;2.03;0.00;0.00
2013-10-1;25.50;69.00;0.00;0.00;0.50
2013-10-2;26.00;76.00;1.02;0.00;1.00
2013-10-3;25.00;81.00;0.00;0.00;0.00
2013-10-4;29.00;70.00;7.11;0.00;4.00
2013-10-5;26.00;80.00;8.89;0.00;1.00
2013-10-6;23.50;68.00;0.51;0.00;0.00
2013-10-7;22.00;69.00;4.06;0.00;0.00
2013-10-8;20.50;80.00;5.08;0.00;0.00
2013-10-9;19.50;86.00;1.02;0.00;0.00
2013-10-10;22.50;73.00;0.51;0.00;0.00
2013-10-11;22.00;70.00;2.03;0.00;0.00
2013-10-12;23.00;71.00;0.00;0.00;0.00
2013-10-13;22.50;81.00;0.00;0.00;0.00
2013-10-14;23.00;78.00;0.76;0.00;0.00
2013-10-15;26.00;67.00;0.00;0.00;1.00
2013-10-16;25.50;69.00;0.00;0.00;0.50
2013-10-17;26.00;75.00;0.00;0.00;1.00
2013-10-18;27.00;69.00;0.00;0.00;2.00
2013-10-19;27.00;81.00;0.25;0.00;2.00
2013-10-20;27.50;79.00;0.00;0.00;2.50
2013-10-21;28.00;72.00;0.00;0.00;3.00
2013-10-22;28.00;69.00;0.00;0.00;3.00
2013-10-23;28.00;72.00;0.00;0.00;3.00
2013-10-24;27.00;69.00;0.00;0.00;2.00
2013-10-25;27.50;68.00;0.00;0.00;2.50
2013-10-26;27.50;69.00;0.00;0.00;2.50
2013-10-27;29.00;61.00;0.00;0.00;4.00
2013-10-28;25.00;64.00;0.00;0.00;0.00
2013-10-29;23.00;62.00;0.00;0.00;0.00
2013-10-30;23.50;69.00;0.00;0.00;0.00
2013-10-31;21.50;91.00;5.08;0.00;0.00
2013-11-1;23.50;73.00;21.08;0.00;0.00
2013-11-2;23.00;75.00;0.76;0.00;0.00
2013-11-3;23.50;73.00;2.03;0.00;0.00
2013-11-4;24.00;69.00;0.00;0.00;0.00
2013-11-5;27.50;76.00;11.94;0.00;2.50
2013-11-6;24.50;80.00;39.88;0.00;0.00
2013-11-7;24.00;85.00;2.03;0.00;0.00
2013-11-8;22.50;93.00;3.05;0.00;0.00
2013-11-9;24.00;84.00;6.10;0.00;0.00
2013-11-10;26.00;82.00;0.00;0.00;1.00
2013-11-11;29.00;72.00;0.00;0.00;4.00
2013-11-12;30.00;66.00;0.00;0.00;5.00
2013-11-13;26.00;69.00;0.00;0.00;1.00
2013-11-14;25.50;70.00;0.00;0.00;0.50
2013-11-15;23.50;88.00;0.00;0.00;0.00
2013-11-16;26.00;80.00;0.00;0.00;1.00
2013-11-17;28.00;70.00;0.00;0.00;3.00
2013-11-18;27.50;78.00;0.00;0.00;2.50
2013-11-19;27.00;73.00;0.00;0.00;2.00
2013-11-20;27.00;68.00;0.00;0.00;2.00
2013-11-21;27.00;65.00;0.00;0.00;2.00
2013-11-22;28.50;59.00;0.00;0.00;3.50
2013-11-23;26.50;77.00;6.10;0.00;1.50
2013-11-24;26.00;80.00;0.00;0.00;1.00
2013-11-25;25.50;86.00;5.08;0.00;0.50
2013-11-26;22.00;94.00;41.91;0.00;0.00
2013-11-27;24.50;86.00;2.03;0.00;0.00
2013-11-28;26.50;78.00;7.11;0.00;1.50
2013-11-29;27.50;81.00;1.02;0.00;2.50
2013-11-30;27.50;79.00;0.00;0.00;2.50
2013-12-1;29.00;69.00;0.00;0.00;4.00
2013-12-2;30.00;66.00;0.00;0.00;5.00
2013-12-3;30.50;65.00;0.00;0.00;5.50
2013-12-4;28.00;75.00;2.03;0.00;3.00
2013-12-5;30.50;73.00;0.00;0.00;5.50
2013-12-6;27.00;81.00;2.03;0.00;2.00
2013-12-7;27.00;77.00;0.00;0.00;2.00
2013-12-8;26.50;85.00;7.87;0.00;1.50
2013-12-9;28.00;79.00;18.03;0.00;3.00
2013-12-10;30.00;67.00;0.00;0.00;5.00
2013-12-11;27.00;77.00;0.00;0.00;2.00
2013-12-12;24.00;92.00;45.97;0.00;0.00
2013-12-13;24.50;82.00;4.06;0.00;0.00
2013-12-14;25.00;87.00;9.91;0.00;0.00
2013-12-15;25.00;83.00;6.10;0.00;0.00
2013-12-16;27.00;86.00;36.07;0.00;2.00
2013-12-17;23.00;96.00;11.94;0.00;0.00
2013-12-18;22.00;94.00;54.10;0.00;0.00
2013-12-19;24.50;92.00;20.07;0.00;0.00
2013-12-20;25.50;91.00;8.89;0.00;0.50
2013-12-21;23.50;93.00;16.00;0.00;0.00
2013-12-22;24.50;94.00;58.93;0.00;0.00
2013-12-23;26.50;87.00;13.97;0.00;1.50
2013-12-24;26.50;90.00;8.89;0.00;1.50
2013-12-25;26.50;89.00;2.03;0.00;1.50
2013-12-26;26.50;89.00;0.76;0.00;1.50
2013-12-27;28.00;69.00;0.00;0.00;3.00
2013-12-28;28.50;74.00;0.00;0.00;3.50
2013-12-29;28.00;85.00;0.00;0.00;3.00
2013-12-30;29.50;71.00;0.00;0.00;4.50
2013-12-31;29.50;70.00;0.00;0.00;4.50
2014-1-1;29.50;67.00;0.00;0.00;4.50
2014-1-2;29.00;66.00;0.00;0.00;4.00
2014-1-3;29.00;64.00;0.00;0.00;4.00
2014-1-4;29.00;65.00;0.00;0.00;4.00
2014-1-5;28.50;68.00;0.00;0.00;3.50
2014-1-6;27.00;66.00;0.00;0.00;2.00
2014-1-7;27.00;70.00;0.00;0.00;2.00
2014-1-8;27.00;71.00;0.00;0.00;2.00
2014-1-9;26.50;85.00;2.03;0.00;1.50
2014-1-10;28.00;79.00;4.06;0.00;3.00
2014-1-11;28.00;74.00;0.00;0.00;3.00
2014-1-12;28.50;74.00;0.51;0.00;3.50
2014-1-13;28.00;69.00;0.00;0.00;3.00
2014-1-14;27.50;69.00;0.00;0.00;2.50
2014-1-15;29.00;66.00;0.00;0.00;4.00
2014-1-16;29.00;62.00;0.00;0.00;4.00
2014-1-17;30.00;65.00;0.00;0.00;5.00
2014-1-18;27.00;80.00;28.96;0.00;2.00
2014-1-19;27.00;80.00;0.25;0.00;2.00
2014-1-20;27.00;75.00;0.00;0.00;2.00
2014-1-21;27.50;79.00;0.00;0.00;2.50
2014-1-22;29.50;72.00;0.00;0.00;4.50
2014-1-23;29.50;70.00;0.00;0.00;4.50
2014-1-24;29.50;67.00;0.00;0.00;4.50
2014-1-25;29.00;66.00;0.00;0.00;4.00
2014-1-26;29.50;66.00;0.00;0.00;4.50
2014-1-27;28.50;68.00;0.00;0.00;3.50
2014-1-28;28.50;67.00;0.00;0.00;3.50
2014-1-29;28.00;70.00;0.00;0.00;3.00
2014-1-30;28.50;70.00;0.00;0.00;3.50
2014-1-31;28.00;68.00;0.00;0.00;3.00
2014-2-1;29.00;68.00;0.00;0.00;4.00
2014-2-2;29.50;66.00;0.00;0.00;4.50
2014-2-3;29.50;68.00;0.00;0.00;4.50
2014-2-4;28.50;67.00;0.00;0.00;3.50
2014-2-5;28.50;69.00;0.25;0.00;3.50
2014-2-6;28.50;71.00;0.00;0.00;3.50
2014-2-7;29.00;72.00;0.00;0.00;4.00
2014-2-8;28.50;67.00;0.00;0.00;3.50
2014-2-9;28.50;66.00;0.00;0.00;3.50
2014-2-10;28.50;67.00;0.00;0.00;3.50
2014-2-11;29.00;66.00;0.00;0.00;4.00
2014-2-12;29.00;67.00;0.00;0.00;4.00
2014-2-13;29.00;66.00;0.00;0.00;4.00
2014-2-14;30.50;63.00;0.00;0.00;5.50
2014-2-15;29.50;63.00;0.00;0.00;4.50
2014-2-16;28.50;67.00;0.00;0.00;3.50
2014-2-17;27.50;79.00;12.95;0.00;2.50
2014-2-18;25.00;85.00;9.91;0.00;0.00
2014-2-19;26.50;82.00;0.00;0.00;1.50
2014-2-20;27.00;71.00;0.00;0.00;2.00
2014-2-21;27.50;69.00;0.00;0.00;2.50
2014-2-22;27.50;73.00;0.25;0.00;2.50
2014-2-23;27.50;76.00;2.03;0.00;2.50
2014-2-24;28.50;74.00;0.00;0.00;3.50
2014-2-25;28.00;70.00;2.03;0.00;3.00
2014-2-26;28.50;72.00;0.00;0.00;3.50
2014-2-27;28.50;66.00;0.00;0.00;3.50
2014-2-28;30.50;61.00;0.00;0.00;5.50
2014-3-1;29.00;64.00;0.00;0.00;4.00
2014-3-2;29.50;66.00;0.00;0.00;4.50
2014-3-3;28.50;76.00;2.03;0.00;3.50
2014-3-4;27.00;77.00;0.00;0.00;2.00
2014-3-5;28.00;72.00;0.00;0.00;3.00
2014-3-6;28.00;69.00;0.00;0.00;3.00
2014-3-7;29.50;64.00;0.00;0.00;4.50
2014-3-8;30.00;63.00;0.00;0.00;5.00
2014-3-9;29.00;65.00;0.00;0.00;4.00
2014-3-10;29.50;67.00;0.00;0.00;4.50
2014-3-11;28.00;68.00;0.00;0.00;3.00
2014-3-12;28.00;69.00;0.00;0.00;3.00
2014-3-13;28.50;74.00;0.00;0.00;3.50
2014-3-14;28.00;75.00;0.25;0.00;3.00
2014-3-15;28.50;70.00;0.00;0.00;3.50
2014-3-16;28.00;67.00;0.00;0.00;3.00
2014-3-17;27.50;67.00;0.00;0.00;2.50
2014-3-18;27.50;66.00;0.00;0.00;2.50
2014-3-19;28.00;65.00;0.00;0.00;3.00
2014-3-20;29.50;63.00;0.00;0.00;4.50
2014-3-21;30.50;62.00;0.00;0.00;5.50
2014-3-22;30.50;65.00;3.05;0.00;5.50
2014-3-23;25.00;87.00;14.99;0.00;0.00
2014-3-24;26.00;72.00;0.00;0.00;1.00
2014-3-25;27.00;69.00;2.03;0.00;2.00
2014-3-26;26.50;81.00;0.00;0.00;1.50
2014-3-27;28.00;74.00;0.25;0.00;3.00
2014-3-28;26.50;82.00;34.04;0.00;1.50
2014-3-29;26.00;84.00;0.51;0.00;1.00
2014-3-30;27.50;77.00;0.51;0.00;2.50
2014-3-31;28.50;81.00;0.00;0.00;3.50
2014-4-1;28.00;77.00;0.00;0.00;3.00
2014-4-2;28.00;75.00;0.00;0.00;3.00
2014-4-3;28.50;77.00;33.02;0.00;3.50
2014-4-4;26.00;79.00;17.02;0.00;1.00
2014-4-5;26.00;73.00;0.00;0.00;1.00
2014-4-6;25.00;71.00;0.00;0.00;0.00
2014-4-7;25.50;67.00;0.00;0.00;0.50
2014-4-8;26.00;68.00;0.00;0.00;1.00
2014-4-9;27.50;70.00;0.00;0.00;2.50
2014-4-10;27.50;67.00;0.00;0.00;2.50
2014-4-11;26.50;70.00;0.00;0.00;1.50
2014-4-12;25.50;71.00;0.00;0.00;0.50
2014-4-13;27.00;70.00;0.00;0.00;2.00
2014-4-14;27.50;68.00;0.00;0.00;2.50
2014-4-15;26.00;77.00;0.00;0.00;1.00
2014-4-16;26.00;69.00;0.00;0.00;1.00
2014-4-17;26.00;66.00;0.00;0.00;1.00
2014-4-18;26.50;67.00;0.00;0.00;1.50
2014-4-19;27.50;70.00;0.00;0.00;2.50
2014-4-20;28.50;65.00;0.00;0.00;3.50
2014-4-21;27.00;73.00;0.00;0.00;2.00
2014-4-22;27.00;72.00;0.00;0.00;2.00
2014-4-23;27.50;68.00;0.00;0.00;2.50
2014-4-24;25.50;75.00;51.05;0.00;0.50
2014-4-25;24.50;62.00;0.00;0.00;0.00
2014-4-26;24.50;55.00;0.00;0.00;0.00
2014-4-27;24.00;59.00;0.00;0.00;0.00
2014-4-28;24.00;55.00;0.00;0.00;0.00
2014-4-29;23.00;55.00;2.03;0.00;0.00
2014-4-30;22.00;71.00;0.00;0.00;0.00
2014-5-1;23.00;59.00;0.00;0.00;0.00
2014-5-2;23.50;63.00;0.00;0.00;0.00
2014-5-3;22.00;73.00;0.51;0.00;0.00
2014-5-4;23.50;74.00;0.00;0.00;0.00
2014-5-5;24.50;72.00;0.00;0.00;0.00
2014-5-6;24.50;69.00;0.00;0.00;0.00
2014-5-7;25.50;71.00;0.00;0.00;0.50
2014-5-8;26.00;64.00;0.00;0.00;1.00
2014-5-9;26.50;69.00;1.02;0.00;1.50
2014-5-10;24.50;61.00;0.00;0.00;0.00
2014-5-11;21.50;64.00;0.00;0.00;0.00
2014-5-12;22.00;65.00;0.00;0.00;0.00
2014-5-13;22.50;69.00;0.00;0.00;0.00
2014-5-14;23.00;75.00;0.00;0.00;0.00
2014-5-15;23.50;75.00;0.00;0.00;0.00
2014-5-16;23.00;73.00;0.00;0.00;0.00
2014-5-17;23.00;75.00;0.00;0.00;0.00
2014-5-18;23.50;75.00;0.00;0.00;0.00
2014-5-19;24.50;74.00;0.00;0.00;0.00
2014-5-20;23.00;75.00;0.00;0.00;0.00
2014-5-21;25.00;71.00;0.00;0.00;0.00
2014-5-22;26.00;67.00;0.00;0.00;1.00
2014-5-23;25.00;66.00;0.00;0.00;0.00
2014-5-24;24.50;76.00;0.00;0.00;0.00
2014-5-25;24.00;72.00;0.00;0.00;0.00
2014-5-26;25.50;72.00;0.00;0.00;0.50
2014-5-27;25.50;71.00;1.02;0.00;0.50
2014-5-28;24.00;74.00;1.02;0.00;0.00
2014-5-29;24.00;64.00;0.00;0.00;0.00
2014-5-30;22.50;66.00;0.00;0.00;0.00
2014-5-31;21.50;71.00;0.00;0.00;0.00
2014-6-1;23.00;69.00;0.00;0.00;0.00
2014-6-2;23.50;68.00;0.00;0.00;0.00
2014-6-3;22.50;70.00;0.00;0.00;0.00
2014-6-4;23.00;72.00;0.00;0.00;0.00
2014-6-5;24.50;69.00;0.00;0.00;0.00
2014-6-6;26.00;61.00;0.00;0.00;1.00
2014-6-7;26.00;64.00;0.00;0.00;1.00
2014-6-8;24.00;67.00;0.00;0.00;0.00
2014-6-9;26.00;65.00;0.00;0.00;1.00
2014-6-10;24.00;73.00;1.02;0.00;0.00
2014-6-11;24.00;76.00;4.06;0.00;0.00
2014-6-12;24.00;73.00;2.03;0.00;0.00
2014-6-13;22.50;81.00;6.10;0.00;0.00
2014-6-14;24.00;75.00;0.00;0.00;0.00
2014-6-15;23.50;74.00;0.00;0.00;0.00
2014-6-16;22.50;77.00;0.00;0.00;0.00
2014-6-17;23.00;75.00;0.00;0.00;0.00
2014-6-18;24.00;71.00;0.00;0.00;0.00
2014-6-19;23.50;69.00;0.00;0.00;0.00
2014-6-20;21.00;80.00;6.10;0.00;0.00
2014-6-21;21.50;79.00;2.03;0.00;0.00
2014-6-22;21.50;79.00;0.25;0.00;0.00
2014-6-23;21.50;72.00;0.00;0.00;0.00
2014-6-24;22.50;71.00;0.00;0.00;0.00
2014-6-25;22.00;72.00;0.00;0.00;0.00
2014-6-26;23.00;70.00;0.00;0.00;0.00
2014-6-27;23.50;70.00;0.00;0.00;0.00
2014-6-28;23.00;75.00;0.00;0.00;0.00
2014-6-29;25.00;77.00;1.02;0.00;0.00
2014-6-30;24.50;68.00;0.00;0.00;0.00
2014-7-1;26.50;68.00;0.00;0.00;1.50
2014-7-2;23.00;77.00;0.00;0.00;0.00
2014-7-3;24.00;76.00;0.00;0.00;0.00
2014-7-4;23.00;73.00;0.00;0.00;0.00
2014-7-5;22.50;74.00;0.00;0.00;0.00
2014-7-6;22.00;79.00;1.02;0.00;0.00
2014-7-7;23.50;80.00;8.89;0.00;0.00
2014-7-8;23.00;78.00;0.00;0.00;0.00
2014-7-9;22.00;78.00;0.00;0.00;0.00
2014-7-10;23.00;73.00;0.00;0.00;0.00
2014-7-11;22.00;74.00;0.00;0.00;0.00
2014-7-12;23.00;68.00;2.03;0.00;0.00
2014-7-13;22.00;71.00;2.03;0.00;0.00
2014-7-14;20.00;74.00;4.06;0.00;0.00
2014-7-15;20.00;79.00;1.02;0.00;0.00
2014-7-16;22.00;73.00;0.51;0.00;0.00
2014-7-17;21.00;85.00;5.08;0.00;0.00
2014-7-18;24.00;64.00;0.00;0.00;0.00
2014-7-19;21.50;69.00;0.00;0.00;0.00
2014-7-20;21.00;63.00;0.00;0.00;0.00
2014-7-21;20.00;70.00;0.00;0.00;0.00
2014-7-22;21.50;71.00;0.00;0.00;0.00
2014-7-23;22.00;72.00;0.00;0.00;0.00
2014-7-24;22.50;69.00;0.00;0.00;0.00
2014-7-25;26.00;65.00;0.00;0.00;1.00
2014-7-26;22.00;74.00;6.10;0.00;0.00
2014-7-27;22.50;78.00;0.00;0.00;0.00
2014-7-28;23.50;75.00;4.06;0.00;0.00
2014-7-29;20.50;74.00;4.06;0.00;0.00
2014-7-30;20.00;71.00;4.06;0.00;0.00
2014-7-31;20.00;77.00;0.00;0.00;0.00
2014-8-1;21.00;71.00;0.00;0.00;0.00
2014-8-2;25.50;70.00;0.00;0.00;0.50
2014-8-3;23.50;72.00;0.00;0.00;0.00
2014-8-4;26.00;71.00;0.00;0.00;1.00
2014-8-5;24.00;65.00;0.00;0.00;0.00
2014-8-6;21.50;50.00;0.00;0.00;0.00
2014-8-7;20.50;61.00;0.00;0.00;0.00
2014-8-8;20.50;64.00;0.00;0.00;0.00
2014-8-9;21.00;66.00;0.00;0.00;0.00
2014-8-10;22.00;67.00;0.00;0.00;0.00
2014-8-11;21.50;66.00;0.00;0.00;0.00
2014-8-12;25.00;66.00;0.00;0.00;0.00
2014-8-13;26.50;55.00;0.00;0.00;1.50
2014-8-14;21.00;73.00;0.00;0.00;0.00
2014-8-15;21.00;73.00;1.02;0.00;0.00
2014-8-16;22.50;82.00;2.03;0.00;0.00
2014-8-17;22.50;85.00;6.10;0.00;0.00
2014-8-18;22.50;81.00;2.03;0.00;0.00
2014-8-19;21.00;75.00;0.00;0.00;0.00
2014-8-20;21.00;76.00;0.00;0.00;0.00
2014-8-21;21.50;74.00;0.00;0.00;0.00
2014-8-22;24.00;69.00;0.00;0.00;0.00
2014-8-23;22.50;69.00;0.00;0.00;0.00
2014-8-24;23.00;63.00;0.00;0.00;0.00
2014-8-25;23.50;60.00;0.00;0.00;0.00
2014-8-26;26.00;60.00;0.00;0.00;1.00
2014-8-27;26.00;62.00;0.25;0.00;1.00
2014-8-28;22.50;74.00;0.51;0.00;0.00
2014-8-29;21.00;75.00;0.76;0.00;0.00
2014-8-30;21.50;78.00;14.99;0.00;0.00
2014-8-31;23.50;73.00;0.00;0.00;0.00
2014-9-1;26.50;66.00;0.00;0.00;1.50
2014-9-2;24.00;73.00;0.00;0.00;0.00
2014-9-3;23.50;79.00;1.02;0.00;0.00
2014-9-4;23.00;71.00;4.06;0.00;0.00
2014-9-5;21.50;58.00;0.00;0.00;0.00
2014-9-6;21.50;56.00;0.51;0.00;0.00
2014-9-7;21.50;62.00;0.00;0.00;0.00
2014-9-8;22.00;64.00;0.00;0.00;0.00
2014-9-9;22.50;70.00;0.51;0.00;0.00
2014-9-10;23.50;67.00;0.00;0.00;0.00
2014-9-11;24.50;63.00;0.00;0.00;0.00
2014-9-12;23.50;63.00;0.00;0.00;0.00
2014-9-13;23.50;68.00;0.00;0.00;0.00
2014-9-14;22.50;65.00;0.00;0.00;0.00
2014-9-15;23.00;62.00;0.00;0.00;0.00
2014-9-16;25.50;60.00;0.00;0.00;0.50
2014-9-17;24.00;73.00;0.00;0.00;0.00
2014-9-18;25.00;67.00;0.00;0.00;0.00
2014-9-19;25.00;65.00;0.00;0.00;0.00
2014-9-20;27.50;61.00;0.00;0.00;2.50
2014-9-21;26.50;69.00;7.87;0.00;1.50
2014-9-22;22.50;61.00;0.00;0.00;0.00
2014-9-23;21.00;68.00;0.25;0.00;0.00
2014-9-24;23.00;62.00;0.00;0.00;0.00
2014-9-25;25.00;61.00;0.00;0.00;0.00
2014-9-26;26.00;56.00;0.00;0.00;1.00
2014-9-27;26.50;62.00;0.00;0.00;1.50
2014-9-28;26.50;66.00;0.00;0.00;1.50
2014-9-29;26.50;68.00;0.00;0.00;1.50
2014-9-30;28.00;63.00;0.25;0.00;3.00
2014-10-1;28.00;65.00;0.00;0.00;3.00
2014-10-2;25.50;61.00;0.00;0.00;0.50
2014-10-3;22.00;57.00;1.02;0.00;0.00
2014-10-4;20.00;60.00;5.08;0.00;0.00
2014-10-5;19.50;65.00;2.03;0.00;0.00
2014-10-6;20.00;72.00;0.00;0.00;0.00
2014-10-7;21.50;70.00;0.00;0.00;0.00
2014-10-8;21.50;69.00;0.00;0.00;0.00
2014-10-9;22.00;68.00;0.00;0.00;0.00
2014-10-10;23.50;64.00;0.00;0.00;0.00
2014-10-11;26.00;62.00;0.00;0.00;1.00
2014-10-12;27.00;62.00;0.00;0.00;2.00
2014-10-13;27.50;64.00;0.00;0.00;2.50
2014-10-14;28.00;61.00;0.00;0.00;3.00
2014-10-15;24.50;71.00;0.00;0.00;0.00
2014-10-16;25.00;72.00;0.00;0.00;0.00
2014-10-17;27.50;63.00;0.00;0.00;2.50
2014-10-18;27.50;65.00;0.00;0.00;2.50
2014-10-19;28.50;63.00;0.00;0.00;3.50
2014-10-20;28.00;59.00;0.00;0.00;3.00
2014-10-21;23.50;72.00;0.00;0.00;0.00
2014-10-22;22.50;65.00;0.00;0.00;0.00
2014-10-23;21.50;66.00;0.00;0.00;0.00
2014-10-24;23.00;65.00;0.00;0.00;0.00
2014-10-25;24.00;64.00;0.00;0.00;0.00
2014-10-26;25.00;75.00;18.03;0.00;0.00
2014-10-27;23.50;78.00;8.89;0.00;0.00
2014-10-28;21.50;81.00;5.08;0.00;0.00
2014-10-29;20.50;87.00;5.08;0.00;0.00
2014-10-30;23.00;82.00;189.99;0.00;0.00
2014-10-31;23.50;79.00;22.10;0.00;0.00
2014-11-1;24.50;72.00;0.00;0.00;0.00
2014-11-2;24.00;68.00;0.00;0.00;0.00
2014-11-3;23.00;68.00;0.00;0.00;0.00
2014-11-4;24.50;69.00;0.00;0.00;0.00
2014-11-5;25.00;71.00;0.00;0.00;0.00
2014-11-6;26.00;72.00;0.00;0.00;1.00
2014-11-7;25.00;72.00;0.00;0.00;0.00
2014-11-8;26.50;66.00;0.00;0.00;1.50
2014-11-9;24.50;73.00;0.00;0.00;0.00
2014-11-10;24.00;72.00;0.00;0.00;0.00
2014-11-11;24.00;71.00;0.00;0.00;0.00
2014-11-12;24.50;75.00;0.00;0.00;0.00
2014-11-13;26.00;78.00;7.87;0.00;1.00
2014-11-14;24.50;82.00;0.76;0.00;0.00
2014-11-15;23.00;68.00;0.00;0.00;0.00
2014-11-16;23.50;62.00;0.00;0.00;0.00
2014-11-17;22.00;59.00;0.00;0.00;0.00
2014-11-18;21.50;61.00;0.00;0.00;0.00
2014-11-19;21.00;66.00;0.00;0.00;0.00
2014-11-20;23.00;67.00;0.00;0.00;0.00
2014-11-21;24.50;72.00;0.00;0.00;0.00
2014-11-22;25.50;74.00;0.00;0.00;0.50
2014-11-23;25.50;74.00;0.51;0.00;0.50
2014-11-24;25.00;77.00;0.00;0.00;0.00
2014-11-25;25.50;75.00;0.00;0.00;0.50
2014-11-26;26.50;65.00;0.00;0.00;1.50
2014-11-27;27.00;65.00;0.00;0.00;2.00
2014-11-28;25.00;76.00;19.05;0.00;0.00
2014-11-29;24.50;78.00;4.06;0.00;0.00
2014-11-30;23.50;82.00;2.03;0.00;0.00
2014-12-1;24.50;76.00;0.00;0.00;0.00
2014-12-2;24.00;72.00;0.00;0.00;0.00
2014-12-3;24.00;72.00;0.00;0.00;0.00
2014-12-4;25.00;60.00;0.00;0.00;0.00
2014-12-5;25.50;67.00;0.00;0.00;0.50
2014-12-6;23.50;78.00;11.94;0.00;0.00
2014-12-7;24.50;79.00;2.03;0.00;0.00
2014-12-8;24.50;80.00;3.05;0.00;0.00
2014-12-9;25.50;73.00;0.00;0.00;0.50
2014-12-10;25.00;69.00;0.00;0.00;0.00
2014-12-11;25.50;69.00;0.00;0.00;0.50
2014-12-12;26.00;69.00;0.00;0.00;1.00
2014-12-13;26.50;70.00;0.00;0.00;1.50
2014-12-14;26.00;66.00;0.25;0.00;1.00
2014-12-15;22.50;80.00;25.91;0.00;0.00
2014-12-16;24.50;67.00;0.00;0.00;0.00
2014-12-17;22.50;72.00;0.00;0.00;0.00
2014-12-18;26.00;72.00;0.00;0.00;1.00
2014-12-19;27.00;68.00;0.00;0.00;2.00
2014-12-20;27.50;69.00;0.00;0.00;2.50
2014-12-21;28.50;68.00;0.00;0.00;3.50
2014-12-22;27.00;69.00;0.00;0.00;2.00
2014-12-23;27.00;70.00;0.00;0.00;2.00
2014-12-24;27.00;66.00;0.00;0.00;2.00
2014-12-25;27.00;71.00;0.00;0.00;2.00
2014-12-26;26.00;68.00;0.00;0.00;1.00
2014-12-27;24.50;66.00;0.00;0.00;0.00
2014-12-28;27.00;63.00;0.00;0.00;2.00
2014-12-29;28.00;66.00;0.00;0.00;3.00
2014-12-30;27.00;67.00;0.00;0.00;2.00
2014-12-31;27.00;64.00;0.00;0.00;2.00
2015-1-1;27.00;61.00;0.00;0.00;2.00
2015-1-2;28.00;64.00;0.00;0.00;3.00
2015-1-3;28.00;64.00;0.00;0.00;3.00
2015-1-4;27.50;62.00;0.00;0.00;2.50
2015-1-5;26.00;64.00;0.00;0.00;1.00
2015-1-6;26.00;68.00;0.00;0.00;1.00
2015-1-7;26.50;64.00;0.00;0.00;1.50
2015-1-8;25.50;64.00;0.00;0.00;0.50
2015-1-9;25.50;67.00;0.00;0.00;0.50
2015-1-10;26.50;64.00;0.00;0.00;1.50
2015-1-11;28.00;63.00;0.00;0.00;3.00
2015-1-12;28.00;64.00;0.00;0.00;3.00
2015-1-13;27.50;64.00;0.00;0.00;2.50
2015-1-14;26.50;66.00;0.00;0.00;1.50
2015-1-15;27.00;63.00;0.00;0.00;2.00
2015-1-16;27.50;63.00;0.00;0.00;2.50
2015-1-17;26.50;64.00;0.00;0.00;1.50
2015-1-18;28.50;63.00;0.00;0.00;3.50
2015-1-19;28.00;63.00;0.00;0.00;3.00
2015-1-20;27.50;63.00;0.00;0.00;2.50
2015-1-21;27.50;63.00;0.00;0.00;2.50
2015-1-22;28.00;64.00;0.00;0.00;3.00
2015-1-23;26.00;67.00;0.00;0.00;1.00
2015-1-24;27.00;65.00;0.00;0.00;2.00
2015-1-25;26.50;66.00;0.00;0.00;1.50
2015-1-26;27.50;66.00;0.00;0.00;2.50
2015-1-27;27.50;68.00;0.00;0.00;2.50
2015-1-28;28.00;63.00;0.00;0.00;3.00
2015-1-29;28.00;63.00;0.00;0.00;3.00
2015-1-30;29.00;62.00;0.00;0.00;4.00
2015-1-31;27.50;63.00;0.00;0.00;2.50
2015-2-1;27.00;67.00;0.00;0.00;2.00
2015-2-2;28.00;62.00;0.00;0.00;3.00
2015-2-3;27.50;63.00;0.00;0.00;2.50
2015-2-4;28.50;61.00;0.00;0.00;3.50
2015-2-5;26.50;69.00;4.06;0.00;1.50
2015-2-6;27.00;75.00;0.00;0.00;2.00
2015-2-7;25.50;80.00;7.11;0.00;0.50
2015-2-8;26.00;78.00;17.02;0.00;1.00
2015-2-9;26.50;75.00;9.91;0.00;1.50
2015-2-10;27.00;70.00;0.00;0.00;2.00
2015-2-11;26.50;70.00;0.00;0.00;1.50
2015-2-12;27.50;69.00;0.00;0.00;2.50
2015-2-13;29.00;65.00;0.00;0.00;4.00
2015-2-14;27.50;68.00;0.00;0.00;2.50
2015-2-15;27.00;66.00;0.00;0.00;2.00
2015-2-16;28.00;64.00;0.00;0.00;3.00
2015-2-17;28.00;66.00;0.00;0.00;3.00
2015-2-18;29.00;62.00;0.00;0.00;4.00
2015-2-19;27.50;67.00;0.00;0.00;2.50
2015-2-20;26.50;68.00;0.00;0.00;1.50
2015-2-21;27.00;72.00;0.00;0.00;2.00
2015-2-22;26.00;77.00;6.10;0.00;1.00
2015-2-23;26.50;75.00;0.00;0.00;1.50
2015-2-24;25.00;77.00;0.00;0.00;0.00
2015-2-25;26.50;70.00;0.00;0.00;1.50
2015-2-26;28.00;73.00;0.76;0.00;3.00
2015-2-27;27.50;74.00;0.00;0.00;2.50
2015-2-28;27.00;68.00;0.00;0.00;2.00
2015-3-1;25.50;74.00;6.10;0.00;0.50
2015-3-2;26.00;71.00;0.00;0.00;1.00
2015-3-3;25.00;84.00;0.00;0.00;0.00
2015-3-4;25.00;81.00;0.00;0.00;0.00
2015-3-5;25.00;76.00;0.00;0.00;0.00
2015-3-6;26.00;71.00;0.00;0.00;1.00
2015-3-7;28.00;66.00;0.00;0.00;3.00
2015-3-8;28.50;64.00;0.00;0.00;3.50
2015-3-9;28.00;67.00;0.00;0.00;3.00
2015-3-10;28.00;64.00;0.00;0.00;3.00
2015-3-11;28.00;65.00;0.00;0.00;3.00
2015-3-12;28.50;65.00;0.00;0.00;3.50
2015-3-13;27.50;68.00;0.00;0.00;2.50
2015-3-14;28.00;69.00;0.00;0.00;3.00
2015-3-15;27.00;69.00;0.00;0.00;2.00
2015-3-16;27.50;68.00;0.00;0.00;2.50
2015-3-17;27.50;69.00;0.00;0.00;2.50
2015-3-18;27.00;69.00;0.00;0.00;2.00
2015-3-19;26.00;76.00;0.25;0.00;1.00
2015-3-20;25.50;80.00;9.91;0.00;0.50
2015-3-21;26.00;80.00;2.03;0.00;1.00
2015-3-22;27.00;71.00;0.25;0.00;2.00
2015-3-23;24.00;85.00;8.89;0.00;0.00
2015-3-24;24.50;78.00;0.00;0.00;0.00
2015-3-25;25.50;67.00;0.00;0.00;0.50
2015-3-26;23.50;70.00;0.00;0.00;0.00
2015-3-27;26.00;68.00;0.00;0.00;1.00
2015-3-28;25.50;76.00;0.00;0.00;0.50
2015-3-29;26.00;69.00;0.00;0.00;1.00
2015-3-30;26.50;69.00;0.00;0.00;1.50
2015-3-31;28.50;64.00;0.00;0.00;3.50
2015-4-1;26.00;72.00;2.03;0.00;1.00
2015-4-2;25.00;73.00;0.00;0.00;0.00
2015-4-3;24.50;71.00;0.00;0.00;0.00
2015-4-4;24.00;74.00;0.00;0.00;0.00
2015-4-5;26.00;72.00;0.00;0.00;1.00
2015-4-6;28.00;68.00;0.00;0.00;3.00
2015-4-7;25.00;64.00;0.25;0.00;0.00
2015-4-8;24.00;59.00;0.00;0.00;0.00
2015-4-9;21.50;77.00;1.02;0.00;0.00
2015-4-10;23.00;72.00;0.00;0.00;0.00
2015-4-11;22.50;69.00;0.00;0.00;0.00
2015-4-12;23.00;68.00;0.00;0.00;0.00
2015-4-13;23.00;70.00;0.00;0.00;0.00
2015-4-14;23.00;70.00;0.00;0.00;0.00
2015-4-15;24.00;68.00;0.00;0.00;0.00
2015-4-16;25.00;69.00;0.00;0.00;0.00
2015-4-17;25.00;79.00;0.00;0.00;0.00
2015-4-18;26.00;73.00;0.00;0.00;1.00
2015-4-19;26.00;74.00;0.00;0.00;1.00
2015-4-20;26.50;72.00;0.00;0.00;1.50
2015-4-21;29.00;69.00;1.02;0.00;4.00
2015-4-22;25.50;75.00;0.00;0.00;0.50
2015-4-23;25.00;72.00;0.25;0.00;0.00
2015-4-24;24.50;73.00;0.00;0.00;0.00
2015-4-25;26.00;69.00;0.00;0.00;1.00
2015-4-26;25.00;59.00;2.03;0.00;0.00
2015-4-27;23.00;81.00;0.51;0.00;0.00
2015-4-28;23.00;74.00;0.00;0.00;0.00
2015-4-29;23.00;75.00;0.00;0.00;0.00
2015-4-30;24.00;72.00;11.94;0.00;0.00
2015-5-1;23.00;72.00;32.00;0.00;0.00
2015-5-2;23.50;83.00;0.00;0.00;0.00
2015-5-3;24.00;78.00;0.00;0.00;0.00
2015-5-4;24.00;74.00;0.00;0.00;0.00
2015-5-5;26.00;73.00;2.03;0.00;1.00
2015-5-6;23.50;77.00;0.76;0.00;0.00
2015-5-7;22.50;81.00;8.89;0.00;0.00
2015-5-8;22.50;78.00;5.08;0.00;0.00
2015-5-9;21.00;74.00;0.00;0.00;0.00
2015-5-10;22.00;73.00;0.00;0.00;0.00
2015-5-11;24.00;71.00;2.03;0.00;0.00
2015-5-12;23.50;73.00;0.00;0.00;0.00
2015-5-13;24.00;65.00;0.25;0.00;0.00
2015-5-14;20.50;78.00;0.51;0.00;0.00
2015-5-15;21.50;66.00;3.05;0.00;0.00
2015-5-16;20.00;88.00;8.89;0.00;0.00
2015-5-17;19.50;90.00;8.89;0.00;0.00
2015-5-18;22.50;81.00;5.08;0.00;0.00
2015-5-19;21.00;88.00;17.02;0.00;0.00
2015-5-20;21.00;85.00;2.03;0.00;0.00
2015-5-21;21.50;78.00;1.02;0.00;0.00
2015-5-22;21.50;78.00;0.76;0.00;0.00
2015-5-23;20.50;76.00;0.00;0.00;0.00
2015-5-24;20.50;81.00;0.00;0.00;0.00
2015-5-25;22.50;72.00;0.00;0.00;0.00
2015-5-26;22.00;79.00;0.00;0.00;0.00
2015-5-27;22.50;79.00;0.00;0.00;0.00
2015-5-28;25.50;73.00;0.00;0.00;0.50
2015-5-29;23.50;80.00;10.92;0.00;0.00
2015-5-30;22.50;81.00;0.00;0.00;0.00
2015-5-31;24.00;80.00;0.00;0.00;0.00
2015-6-1;25.00;77.00;0.25;0.00;0.00
2015-6-2;22.50;70.00;0.00;0.00;0.00
2015-6-3;20.00;76.00;0.00;0.00;0.00
2015-6-4;21.50;74.00;0.00;0.00;0.00
2015-6-5;21.50;86.00;3.05;0.00;0.00
2015-6-6;23.00;81.00;0.76;0.00;0.00
2015-6-7;22.00;77.00;0.00;0.00;0.00
2015-6-8;21.50;74.00;0.00;0.00;0.00
2015-6-9;22.00;77.00;0.00;0.00;0.00
2015-6-10;23.00;77.00;0.00;0.00;0.00
2015-6-11;24.50;73.00;0.00;0.00;0.00
2015-6-12;25.00;73.00;0.00;0.00;0.00
2015-6-13;23.50;72.00;0.00;0.00;0.00
2015-6-14;25.50;64.00;0.00;0.00;0.50
2015-6-15;26.50;64.00;0.00;0.00;1.50
2015-6-16;22.00;78.00;0.00;0.00;0.00
2015-6-17;23.00;80.00;0.00;0.00;0.00
2015-6-18;23.00;76.00;0.00;0.00;0.00
2015-6-19;22.00;73.00;3.05;0.00;0.00
2015-6-20;22.00;73.00;0.00;0.00;0.00
2015-6-21;21.50;70.00;6.10;0.00;0.00
2015-6-22;21.50;84.00;0.00;0.00;0.00
2015-6-23;22.00;76.00;0.00;0.00;0.00
2015-6-24;22.00;79.00;19.05;0.00;0.00
2015-6-25;20.00;77.00;2.03;0.00;0.00
2015-6-26;19.50;80.00;5.08;0.00;0.00
2015-6-27;20.00;72.00;0.00;0.00;0.00
2015-6-28;19.50;85.00;0.00;0.00;0.00
2015-6-29;20.50;80.00;1.02;0.00;0.00
2015-6-30;22.00;78.00;0.00;0.00;0.00
2015-7-1;23.50;75.00;0.00;0.00;0.00
2015-7-2;22.50;76.00;0.00;0.00;0.00
2015-7-3;22.00;77.00;0.00;0.00;0.00
2015-7-4;25.50;65.00;0.00;0.00;0.50
2015-7-5;20.50;65.00;0.00;0.00;0.00
2015-7-6;20.50;74.00;0.51;0.00;0.00
2015-7-7;20.00;83.00;0.00;0.00;0.00
2015-7-8;20.50;79.00;0.00;0.00;0.00
2015-7-9;22.00;76.00;0.00;0.00;0.00
2015-7-10;21.00;82.00;0.00;0.00;0.00
2015-7-11;21.50;81.00;0.00;0.00;0.00
2015-7-12;23.00;74.00;0.00;0.00;0.00
2015-7-13;22.50;77.00;0.00;0.00;0.00
2015-7-14;22.00;76.00;0.00;0.00;0.00
2015-7-15;21.00;79.00;0.00;0.00;0.00
2015-7-16;22.50;82.00;2.03;0.00;0.00
2015-7-17;22.00;79.00;0.00;0.00;0.00
2015-7-18;21.50;78.00;0.00;0.00;0.00
2015-7-19;21.00;81.00;0.00;0.00;0.00
2015-7-20;20.00;82.00;0.00;0.00;0.00
2015-7-21;23.00;72.00;0.00;0.00;0.00
2015-7-22;22.50;73.00;0.00;0.00;0.00
2015-7-23;21.50;79.00;1.02;0.00;0.00
2015-7-24;21.50;78.00;0.00;0.00;0.00
2015-7-25;23.50;75.00;0.00;0.00;0.00
2015-7-26;24.50;74.00;0.00;0.00;0.00
2015-7-27;24.50;73.00;0.00;0.00;0.00
2015-7-28;24.50;71.00;0.00;0.00;0.00
2015-7-29;24.50;72.00;0.00;0.00;0.00
2015-7-30;22.00;75.00;0.00;0.00;0.00
2015-7-31;22.00;77.00;0.00;0.00;0.00
2015-8-1;22.00;74.00;0.00;0.00;0.00
2015-8-2;22.00;68.00;0.00;0.00;0.00
2015-8-3;21.50;67.00;0.00;0.00;0.00
2015-8-4;23.00;61.00;0.00;0.00;0.00
2015-8-5;21.00;71.00;0.00;0.00;0.00
2015-8-6;25.00;66.00;0.00;0.00;0.00
2015-8-7;26.00;69.00;0.00;0.00;1.00
2015-8-8;22.00;82.00;3.05;0.00;0.00
2015-8-9;23.00;85.00;2.03;0.00;0.00
2015-8-10;21.50;81.00;3.05;0.00;0.00
2015-8-11;21.50;73.00;0.00;0.00;0.00
2015-8-12;19.00;88.00;2.03;0.00;0.00
2015-8-13;19.00;86.00;5.08;0.00;0.00
2015-8-14;21.00;79.00;1.02;0.00;0.00
2015-8-15;20.50;76.00;0.00;0.00;0.00
2015-8-16;21.50;76.00;0.51;0.00;0.00
2015-8-17;23.00;78.00;0.00;0.00;0.00
2015-8-18;22.50;75.00;0.00;0.00;0.00
2015-8-19;22.00;70.00;0.00;0.00;0.00
2015-8-20;22.50;68.00;0.00;0.00;0.00
2015-8-21;22.00;67.00;0.00;0.00;0.00
2015-8-22;21.00;78.00;0.00;0.00;0.00
2015-8-23;22.00;76.00;0.00;0.00;0.00
2015-8-24;22.00;67.00;0.00;0.00;0.00
2015-8-25;22.50;76.00;0.00;0.00;0.00
2015-8-26;23.00;72.00;0.00;0.00;0.00
2015-8-27;22.50;77.00;2.03;0.00;0.00
2015-8-28;24.00;75.00;0.00;0.00;0.00
2015-8-29;21.00;71.00;0.00;0.00;0.00
2015-8-30;22.00;74.00;0.00;0.00;0.00
2015-8-31;23.50;73.00;0.00;0.00;0.00
2015-9-1;26.50;63.00;0.00;0.00;1.50
2015-9-2;21.00;73.00;0.00;0.00;0.00
2015-9-3;21.50;71.00;0.00;0.00;0.00
2015-9-4;26.00;73.00;0.00;0.00;1.00
2015-9-5;23.00;76.00;5.08;0.00;0.00
2015-9-6;21.50;84.00;0.00;0.00;0.00
2015-9-7;26.00;71.00;0.00;0.00;1.00
2015-9-8;23.50;71.00;0.00;0.00;0.00
2015-9-9;26.00;66.00;0.00;0.00;1.00
2015-9-10;24.50;73.00;0.00;0.00;0.00
2015-9-11;27.00;68.00;0.00;0.00;2.00
2015-9-12;24.50;78.00;0.00;0.00;0.00
2015-9-13;21.00;83.00;2.03;0.00;0.00
2015-9-14;21.00;85.00;4.06;0.00;0.00
2015-9-15;24.00;82.00;0.25;0.00;0.00
2015-9-16;24.00;73.00;0.00;0.00;0.00
2015-9-17;25.00;68.00;0.00;0.00;0.00
2015-9-18;25.00;67.00;0.00;0.00;0.00
2015-9-19;25.50;66.00;0.00;0.00;0.50
2015-9-20;25.00;67.00;0.00;0.00;0.00
2015-9-21;24.50;69.00;0.00;0.00;0.00
2015-9-22;25.00;62.00;0.00;0.00;0.00
2015-9-23;25.00;63.00;0.00;0.00;0.00
2015-9-24;28.00;62.00;0.00;0.00;3.00
2015-9-25;27.50;64.00;0.00;0.00;2.50
2015-9-26;24.00;70.00;0.00;0.00;0.00
2015-9-27;25.50;67.00;0.00;0.00;0.50
2015-9-28;26.50;56.00;0.00;0.00;1.50
2015-9-29;26.50;64.00;0.00;0.00;1.50
2015-9-30;27.00;65.00;0.00;0.00;2.00
2015-10-1;27.00;66.00;0.00;0.00;2.00
2015-10-2;25.50;66.00;0.00;0.00;0.50
2015-10-3;26.50;64.00;0.00;0.00;1.50
2015-10-4;27.00;67.00;0.00;0.00;2.00
2015-10-5;22.50;74.00;0.00;0.00;0.00
2015-10-6;22.00;66.00;0.00;0.00;0.00
2015-10-7;22.00;68.00;0.00;0.00;0.00
2015-10-8;23.00;63.00;0.00;0.00;0.00
2015-10-9;25.00;58.00;0.00;0.00;0.00
2015-10-10;27.00;63.00;0.00;0.00;2.00
2015-10-11;26.50;63.00;0.00;0.00;1.50
2015-10-12;25.50;62.00;0.00;0.00;0.50
2015-10-13;25.50;66.00;0.00;0.00;0.50
2015-10-14;27.00;67.00;0.00;0.00;2.00
2015-10-15;28.00;66.00;0.00;0.00;3.00
2015-10-16;27.50;64.00;0.00;0.00;2.50
2015-10-17;26.50;65.00;0.00;0.00;1.50
2015-10-18;24.50;71.00;0.00;0.00;0.00
2015-10-19;21.00;80.00;0.25;0.00;0.00
2015-10-20;22.50;73.00;0.00;0.00;0.00
2015-10-21;28.50;67.00;0.00;0.00;3.50
2015-10-22;28.00;66.00;0.00;0.00;3.00
2015-10-23;27.50;69.00;0.00;0.00;2.50
2015-10-24;26.00;65.00;0.00;0.00;1.00
2015-10-25;23.50;73.00;1.02;0.00;0.00
2015-10-26;23.00;72.00;0.00;0.00;0.00
2015-10-27;25.50;68.00;0.00;0.00;0.50
2015-10-28;26.00;73.00;0.00;0.00;1.00
2015-10-29;25.00;81.00;0.25;0.00;0.00
2015-10-30;23.50;93.00;2.03;0.00;0.00
2015-10-31;25.50;83.00;2.03;0.00;0.50
2015-11-1;28.00;75.00;0.51;0.00;3.00
2015-11-2;27.50;73.00;0.00;0.00;2.50
2015-11-3;29.00;65.00;0.00;0.00;4.00
2015-11-4;29.50;63.00;0.00;0.00;4.50
2015-11-5;28.00;75.00;0.00;0.00;3.00
2015-11-6;26.50;75.00;0.00;0.00;1.50
2015-11-7;27.50;71.00;0.00;0.00;2.50
2015-11-8;26.50;73.00;0.00;0.00;1.50
2015-11-9;29.00;69.00;0.00;0.00;4.00
2015-11-10;27.50;74.00;0.00;0.00;2.50
2015-11-11;27.50;73.00;0.00;0.00;2.50
2015-11-12;30.00;69.00;0.00;0.00;5.00
2015-11-13;27.50;71.00;0.00;0.00;2.50
2015-11-14;30.00;70.00;0.00;0.00;5.00
2015-11-15;31.50;69.00;0.25;0.00;6.50
2015-11-16;26.00;81.00;0.00;0.00;1.00
2015-11-17;26.50;91.00;0.00;0.00;1.50
2015-11-18;28.00;77.00;0.00;0.00;3.00
2015-11-19;29.00;74.00;0.00;0.00;4.00
2015-11-20;29.00;71.00;0.00;0.00;4.00
2015-11-21;26.50;77.00;8.89;0.00;1.50
2015-11-22;24.00;79.00;0.76;0.00;0.00
2015-11-23;25.00;77.00;0.00;0.00;0.00
2015-11-24;26.50;83.00;0.00;0.00;1.50
2015-11-25;26.50;84.00;0.00;0.00;1.50
2015-11-26;24.50;89.00;1.02;0.00;0.00
2015-11-27;24.00;82.00;2.03;0.00;0.00
2015-11-28;25.50;81.00;3.05;0.00;0.50
2015-11-29;28.00;74.00;0.00;0.00;3.00
2015-11-30;30.00;72.00;0.00;0.00;5.00
2015-12-1;26.50;84.00;0.00;0.00;1.50
2015-12-2;26.50;85.00;0.51;0.00;1.50
2015-12-3;27.00;92.00;6.10;0.00;2.00
2015-12-4;26.00;86.00;0.00;0.00;1.00
2015-12-5;29.50;75.00;0.00;0.00;4.50
2015-12-6;31.50;60.00;0.00;0.00;6.50
2015-12-7;26.50;85.00;12.95;0.00;1.50
2015-12-8;24.00;90.00;5.08;0.00;0.00
2015-12-9;27.00;79.00;0.00;0.00;2.00
2015-12-10;28.50;67.00;0.00;0.00;3.50
2015-12-11;28.00;72.00;0.00;0.00;3.00
2015-12-12;28.00;75.00;0.00;0.00;3.00
2015-12-13;28.50;75.00;0.00;0.00;3.50
2015-12-14;29.50;71.00;0.00;0.00;4.50
2015-12-15;28.00;71.00;0.00;0.00;3.00
2015-12-16;28.50;70.00;0.00;0.00;3.50
2015-12-17;28.00;74.00;0.00;0.00;3.00
2015-12-18;28.50;71.00;0.00;0.00;3.50
2015-12-19;28.50;65.00;0.00;0.00;3.50
2015-12-20;29.00;69.00;0.00;0.00;4.00
2015-12-21;28.00;70.00;0.00;0.00;3.00
2015-12-22;27.50;72.00;0.00;0.00;2.50
2015-12-23;27.00;73.00;0.00;0.00;2.00
2015-12-24;27.50;71.00;0.00;0.00;2.50
2015-12-25;29.50;70.00;0.00;0.00;4.50
2015-12-26;28.00;74.00;35.05;0.00;3.00
2015-12-27;29.50;66.00;0.00;0.00;4.50
2015-12-28;29.50;66.00;0.00;0.00;4.50
2015-12-29;29.00;72.00;0.00;0.00;4.00
2015-12-30;29.00;74.00;0.00;0.00;4.00
2015-12-31;29.50;72.00;0.00;0.00;4.50
2016-1-1;30.50;70.00;0.00;0.00;5.50
2016-1-2;28.50;74.00;0.76;0.00;3.50
2016-1-3;26.00;90.00;0.00;0.00;1.00
2016-1-4;26.50;76.00;0.00;0.00;1.50
2016-1-5;25.00;73.00;0.51;0.00;0.00
2016-1-6;25.00;77.00;0.00;0.00;0.00
2016-1-7;27.50;74.00;0.00;0.00;2.50
2016-1-8;29.00;69.00;0.00;0.00;4.00
2016-1-9;29.00;73.00;0.00;0.00;4.00
2016-1-10;29.00;71.00;0.00;0.00;4.00
2016-1-11;29.50;74.00;0.00;0.00;4.50
2016-1-12;29.00;79.00;1.02;0.00;4.00
2016-1-13;30.00;68.00;0.00;0.00;5.00
2016-1-14;29.50;68.00;0.00;0.00;4.50
2016-1-15;30.00;69.00;0.76;0.00;5.00
2016-1-16;28.50;78.00;2.03;0.00;3.50
2016-1-17;25.00;88.00;11.94;0.00;0.00
2016-1-18;23.00;94.00;17.02;0.00;0.00
2016-1-19;26.00;89.00;2.03;0.00;1.00
2016-1-20;25.50;88.00;28.96;0.00;0.50
2016-1-21;24.00;88.00;0.00;0.00;0.00
