2010-1-2;33.00;24.00;69.00;0.00
2010-1-3;34.00;24.00;71.00;0.00
2010-1-4;34.00;24.00;71.00;0.00
2010-1-5;34.00;25.00;71.00;0.00
2010-1-6;33.00;26.00;67.00;0.00
2010-1-7;34.00;25.00;66.00;0.00
2010-1-8;33.00;25.00;70.00;0.00
2010-1-9;33.00;26.00;71.00;0.00
2010-1-10;34.00;24.00;66.00;0.00
2010-1-11;34.00;24.00;67.00;0.00
2010-1-12;34.00;26.00;64.00;0.00
2010-1-13;35.00;26.00;70.00;0.00
2010-1-14;34.00;26.00;67.00;0.00
2010-1-15;34.00;26.00;71.00;0.00
2010-1-16;32.00;25.00;72.00;0.00
2010-1-17;33.00;24.00;72.00;0.00
2010-1-18;34.00;24.00;74.00;0.00
2010-1-19;33.00;26.00;70.00;0.00
2010-1-20;34.00;25.00;65.00;0.00
2010-1-21;35.00;26.00;62.00;0.00
2010-1-22;34.00;26.00;66.00;0.00
2010-1-23;33.00;25.00;73.00;0.00
2010-1-24;32.00;25.00;73.00;0.00
2010-1-25;33.00;25.00;73.00;0.00
2010-1-26;33.00;23.00;67.00;0.00
2010-1-27;33.00;26.00;69.00;0.00
2010-1-28;33.00;25.00;69.00;0.00
2010-1-29;34.00;25.00;75.00;0.00
2010-1-30;34.00;24.00;70.00;0.00
2010-1-31;33.00;25.00;69.00;0.00
2010-2-1;33.00;25.00;69.00;0.00
2010-2-2;33.00;25.00;70.00;0.00
2010-2-3;34.00;25.00;72.00;0.00
2010-2-4;33.00;26.00;64.00;0.00
2010-2-5;34.00;25.00;68.00;0.00
2010-2-6;32.00;25.00;71.00;0.00
2010-2-7;33.00;24.00;69.00;0.00
2010-2-8;34.00;24.00;69.00;0.00
2010-2-9;33.00;26.00;65.00;0.00
2010-2-10;32.00;26.00;75.00;0.00
2010-2-11;32.00;24.00;78.00;0.00
2010-2-12;30.00;24.00;78.00;0.00
2010-2-13;32.00;24.00;74.00;0.00
2010-2-14;32.00;25.00;75.00;0.00
2010-2-15;34.00;26.00;73.00;0.00
2010-2-16;34.00;26.00;70.00;0.00
2010-2-17;35.00;27.00;66.00;0.00
2010-2-18;34.00;26.00;66.00;0.00
2010-2-19;32.00;25.00;72.00;0.00
2010-2-20;32.00;25.00;74.00;0.00
2010-2-21;33.00;25.00;69.00;0.00
2010-2-22;34.00;24.00;70.00;0.00
2010-2-23;36.00;26.00;68.00;0.00
2010-2-24;36.00;26.00;63.00;0.00
2010-2-25;35.00;26.00;62.00;0.00
2010-2-26;28.00;24.00;79.00;0.00
2010-2-27;31.00;22.00;74.00;0.00
2010-2-28;28.00;23.00;86.00;0.00
2010-3-1;29.00;23.00;83.00;0.00
2010-3-2;27.00;22.00;85.00;0.00
2010-3-3;29.00;24.00;82.00;0.00
2010-3-4;29.00;24.00;88.00;0.00
2010-3-5;26.00;24.00;96.00;0.00
2010-3-6;28.00;23.00;89.00;0.00
2010-3-7;29.00;25.00;82.00;0.00
2010-3-8;33.00;25.00;83.00;0.00
2010-3-9;34.00;24.00;82.00;0.00
2010-3-10;33.00;25.00;82.00;0.00
2010-3-11;34.00;25.00;75.00;0.00
2010-3-12;33.00;26.00;78.00;0.00
2010-3-13;35.00;26.00;73.00;0.00
2010-3-14;36.00;27.00;70.00;0.00
2010-3-15;33.00;26.00;74.00;0.00
2010-3-16;32.00;25.00;73.00;0.00
2010-3-17;29.00;25.00;75.00;0.00
2010-3-18;29.00;24.00;80.00;0.00
2010-3-19;30.00;24.00;80.00;0.00
2010-3-20;32.00;23.00;76.00;0.00
2010-3-21;33.00;23.00;80.00;0.00
2010-3-22;34.00;25.00;78.00;0.00
2010-3-23;35.00;25.00;74.00;0.00
2010-3-24;33.00;25.00;74.00;0.00
2010-3-25;31.00;24.00;73.00;0.00
2010-3-26;26.00;24.00;94.00;0.00
2010-3-27;30.00;24.00;85.00;0.00
2010-3-28;33.00;24.00;78.00;0.00
2010-3-29;33.00;25.00;73.00;0.00
2010-3-30;34.00;25.00;72.00;0.00
2010-3-31;29.00;26.00;79.00;0.00
2010-4-1;29.00;25.00;78.00;0.00
2010-4-2;28.00;23.00;86.00;0.00
2010-4-3;28.00;24.00;90.00;0.00
2010-4-4;31.00;23.00;79.00;0.00
2010-4-5;32.00;24.00;87.00;0.00
2010-4-6;29.00;23.00;89.00;0.00
2010-4-7;28.00;21.00;71.00;0.00
2010-4-8;29.00;20.00;64.00;0.00
2010-4-9;28.00;21.00;60.00;0.00
2010-4-10;28.00;21.00;65.00;0.00
2010-4-11;28.00;21.00;71.00;0.00
2010-4-12;23.00;20.00;89.00;0.00
2010-4-13;28.00;20.00;68.00;0.00
2010-4-14;28.00;21.00;80.00;0.00
2010-4-15;28.00;21.00;83.00;0.00
2010-4-16;27.00;23.00;89.00;0.00
2010-4-17;30.00;22.00;83.00;0.00
2010-4-18;29.00;23.00;83.00;0.00
2010-4-19;28.00;23.00;81.00;0.00
2010-4-20;30.00;21.00;75.00;0.00
2010-4-21;31.00;22.00;78.00;0.00
2010-4-22;32.00;24.00;75.00;0.00
2010-4-23;33.00;23.00;74.00;0.00
2010-4-24;31.00;23.00;82.00;0.00
2010-4-25;29.00;19.00;79.00;0.00
2010-4-26;30.00;23.00;76.00;0.00
2010-4-27;34.00;25.00;72.00;0.00
2010-4-28;30.00;24.00;76.00;0.00
2010-4-29;29.00;23.00;71.00;0.00
2010-4-30;24.00;21.00;90.00;0.00
2010-5-1;26.00;21.00;81.00;0.00
2010-5-2;29.00;21.00;81.00;0.00
2010-5-3;28.00;19.00;73.00;0.00
2010-5-4;30.00;18.00;73.00;0.00
2010-5-5;32.00;20.00;76.00;0.00
2010-5-6;32.00;22.00;81.00;0.00
2010-5-7;32.00;21.00;78.00;0.00
2010-5-8;33.00;22.00;82.00;0.00
2010-5-9;33.00;22.00;83.00;0.00
2010-5-10;24.00;20.00;87.00;0.00
2010-5-11;23.00;19.00;94.00;0.00
2010-5-12;29.00;20.00;85.00;0.00
2010-5-13;26.00;23.00;86.00;0.00
2010-5-14;27.00;20.00;77.00;0.00
2010-5-15;27.00;18.00;80.00;0.00
2010-5-16;28.00;18.00;83.00;0.00
2010-5-17;28.00;21.00;81.00;0.00
2010-5-18;27.00;19.00;85.00;0.00
2010-5-19;30.00;21.00;81.00;0.00
2010-5-20;30.00;21.00;80.00;0.00
2010-5-21;27.00;21.00;84.00;0.00
2010-5-22;25.00;20.00;90.00;0.00
2010-5-23;26.00;20.00;89.00;0.00
2010-5-24;28.00;19.00;88.00;0.00
2010-5-25;30.00;21.00;85.00;0.00
2010-5-26;29.00;21.00;84.00;0.00
2010-5-27;28.00;20.00;90.00;0.00
2010-5-28;28.00;20.00;81.00;0.00
2010-5-29;28.00;19.00;81.00;0.00
2010-5-30;30.00;18.00;80.00;0.00
2010-5-31;33.00;21.00;72.00;0.00
2010-6-1;26.00;19.00;78.00;0.00
2010-6-2;22.00;18.00;91.00;0.00
2010-6-3;22.00;18.00;91.00;0.00
2010-6-4;21.00;17.00;91.00;0.00
2010-6-5;28.00;16.00;75.00;0.00
2010-6-6;25.00;21.00;78.00;0.00
2010-6-7;26.00;16.00;77.00;0.00
2010-6-8;25.00;15.00;85.00;0.00
2010-6-9;26.00;15.00;85.00;0.00
2010-6-10;26.00;15.00;83.00;0.00
2010-6-11;27.00;17.00;80.00;0.00
2010-6-12;24.00;18.00;77.00;0.00
2010-6-13;24.00;17.00;80.00;0.00
2010-6-14;25.00;18.00;77.00;0.00
2010-6-15;25.00;15.00;81.00;0.00
2010-6-16;28.00;16.00;74.00;0.00
2010-6-17;29.00;16.00;78.00;0.00
2010-6-18;27.00;15.00;80.00;0.00
2010-6-19;29.00;16.00;74.00;0.00
2010-6-20;31.00;16.00;72.00;0.00
2010-6-21;33.00;15.00;78.00;0.00
2010-6-22;25.00;20.00;84.00;0.00
2010-6-23;23.00;20.00;90.00;0.00
2010-6-24;24.00;19.00;84.00;0.00
2010-6-25;26.00;17.00;80.00;0.00
2010-6-26;26.00;17.00;82.00;0.00
2010-6-27;25.00;19.00;89.00;0.00
2010-6-28;26.00;20.00;88.00;0.00
2010-6-29;26.00;18.00;82.00;0.00
2010-6-30;26.00;18.00;80.00;0.00
2010-7-1;26.00;17.00;81.00;0.00
2010-7-2;22.00;18.00;93.00;0.00
2010-7-3;22.00;19.00;96.00;0.00
2010-7-4;26.00;18.00;87.00;0.00
2010-7-5;25.00;19.00;88.00;0.00
2010-7-6;25.00;17.00;84.00;0.00
2010-7-7;27.00;16.00;86.00;0.00
2010-7-8;28.00;17.00;80.00;0.00
2010-7-9;28.00;21.00;83.00;0.00
2010-7-10;26.00;20.00;92.00;0.00
2010-7-11;26.00;21.00;94.00;0.00
2010-7-12;29.00;20.00;85.00;0.00
2010-7-13;30.00;22.00;77.00;0.00
2010-7-14;28.00;21.00;83.00;0.00
2010-7-15;28.00;21.00;85.00;0.00
2010-7-16;27.00;21.00;87.00;0.00
2010-7-17;26.00;18.00;90.00;0.00
2010-7-18;26.00;20.00;84.00;0.00
2010-7-19;25.00;18.00;87.00;0.00
2010-7-20;26.00;18.00;79.00;0.00
2010-7-21;28.00;16.00;79.00;0.00
2010-7-22;26.00;19.00;86.00;0.00
2010-7-23;30.00;20.00;76.00;0.00
2010-7-24;28.00;18.00;82.00;0.00
2010-7-25;25.00;18.00;88.00;0.00
2010-7-26;29.00;16.00;82.00;0.00
2010-7-27;28.00;20.00;85.00;0.00
2010-7-28;26.00;18.00;84.00;0.00
2010-7-29;23.00;17.00;92.00;0.00
2010-7-30;28.00;16.00;79.00;0.00
2010-7-31;28.00;16.00;77.00;0.00
2010-8-1;30.00;16.00;74.00;0.00
2010-8-2;29.00;16.00;78.00;0.00
2010-8-3;29.00;18.00;76.00;0.00
2010-8-4;26.00;18.00;83.00;0.00
2010-8-5;30.00;17.00;79.00;0.00
2010-8-6;26.00;17.00;82.00;0.00
2010-8-7;26.00;18.00;73.00;0.00
2010-8-8;29.00;16.00;75.00;0.00
2010-8-9;34.00;18.00;72.00;0.00
2010-8-10;25.00;21.00;75.00;0.00
2010-8-11;24.00;19.00;73.00;0.00
2010-8-12;27.00;19.00;70.00;0.00
2010-8-13;27.00;16.00;73.00;0.00
2010-8-14;27.00;18.00;72.00;0.00
2010-8-15;22.00;15.00;84.00;0.00
2010-8-16;23.00;14.00;73.00;0.00
2010-8-17;23.00;15.00;68.00;0.00
2010-8-18;24.00;16.00;64.00;0.00
2010-8-19;23.00;15.00;78.00;0.00
2010-8-20;29.00;15.00;68.00;0.00
2010-8-21;28.00;15.00;74.00;0.00
2010-8-22;29.00;16.00;73.00;0.00
2010-8-23;26.00;15.00;77.00;0.00
2010-8-24;30.00;15.00;74.00;0.00
2010-8-25;31.00;18.00;70.00;0.00
2010-8-26;30.00;17.00;70.00;0.00
2010-8-27;30.00;20.00;71.00;0.00
2010-8-28;31.00;18.00;74.00;0.00
2010-8-29;30.00;20.00;75.00;0.00
2010-8-30;30.00;18.00;76.00;0.00
2010-8-31;30.00;21.00;74.00;0.00
2010-9-1;28.00;19.00;74.00;0.00
2010-9-2;29.00;19.00;73.00;0.00
2010-9-3;30.00;20.00;72.00;0.00
2010-9-4;31.00;20.00;65.00;0.00
2010-9-5;34.00;20.00;64.00;0.00
2010-9-6;27.00;20.00;73.00;0.00
2010-9-7;28.00;19.00;73.00;0.00
2010-9-8;30.00;19.00;79.00;0.00
2010-9-9;25.00;19.00;76.00;0.00
2010-9-10;25.00;18.00;79.00;0.00
2010-9-11;26.00;16.00;67.00;0.00
2010-9-12;28.00;16.00;65.00;0.00
2010-9-13;28.00;15.00;70.00;0.00
2010-9-14;28.00;19.00;72.00;0.00
2010-9-15;31.00;21.00;69.00;0.00
2010-9-16;29.00;21.00;73.00;0.00
2010-9-17;30.00;20.00;71.00;0.00
2010-9-18;28.00;19.00;78.00;0.00
2010-9-19;24.00;19.00;75.00;0.00
2010-9-20;25.00;19.00;88.00;0.00
2010-9-21;25.00;20.00;85.00;0.00
2010-9-22;30.00;19.00;77.00;0.00
2010-9-23;30.00;19.00;71.00;0.00
2010-9-24;29.00;20.00;74.00;0.00
2010-9-25;31.00;22.00;68.00;0.00
2010-9-26;31.00;21.00;70.00;0.00
2010-9-27;29.00;21.00;73.00;0.00
2010-9-28;29.00;21.00;79.00;0.00
2010-9-29;31.00;22.00;80.00;0.00
2010-9-30;32.00;22.00;84.00;0.00
2010-10-1;28.00;23.00;87.00;0.00
2010-10-2;30.00;21.00;85.00;0.00
2010-10-3;25.00;21.00;80.00;0.00
2010-10-4;25.00;20.00;78.00;0.00
2010-10-5;29.00;19.00;79.00;0.00
2010-10-6;26.00;22.00;85.00;0.00
2010-10-7;31.00;21.00;81.00;0.00
2010-10-8;31.00;24.00;78.00;0.00
2010-10-9;26.00;20.00;68.00;0.00
2010-10-10;25.00;19.00;66.00;0.00
2010-10-11;25.00;19.00;78.00;0.00
2010-10-12;22.00;19.00;66.00;0.00
2010-10-13;23.00;19.00;64.00;0.00
2010-10-14;26.00;19.00;70.00;0.00
2010-10-15;28.00;20.00;81.00;0.00
2010-10-16;30.00;21.00;83.00;0.00
2010-10-17;31.00;23.00;73.00;0.00
2010-10-18;32.00;22.00;74.00;0.00
2010-10-19;27.00;21.00;70.00;0.00
2010-10-20;26.00;21.00;66.00;0.00
2010-10-21;28.00;18.00;69.00;0.00
2010-10-22;29.00;21.00;66.00;0.00
2010-10-23;30.00;22.00;66.00;0.00
2010-10-24;30.00;23.00;75.00;0.00
2010-10-25;28.00;23.00;82.00;0.00
2010-10-26;29.00;21.00;89.00;0.00
2010-10-27;28.00;20.00;81.00;0.00
2010-10-28;28.00;20.00;71.00;0.00
2010-10-29;32.00;18.00;76.00;0.00
2010-10-30;35.00;23.00;70.00;0.00
2010-10-31;34.00;25.00;77.00;0.00
2010-11-1;30.00;22.00;90.00;0.00
2010-11-2;25.00;21.00;93.00;0.00
2010-11-3;27.00;20.00;79.00;0.00
2010-11-4;28.00;20.00;78.00;0.00
2010-11-5;28.00;21.00;84.00;0.00
2010-11-6;32.00;24.00;75.00;0.00
2010-11-7;24.00;21.00;96.00;0.00
2010-11-8;27.00;21.00;90.00;0.00
2010-11-9;31.00;23.00;83.00;0.00
2010-11-10;31.00;24.00;78.00;0.00
2010-11-11;28.00;21.00;82.00;0.00
2010-11-12;27.00;21.00;73.00;0.00
2010-11-13;25.00;18.00;80.00;0.00
2010-11-14;24.00;19.00;89.00;0.00
2010-11-15;22.00;19.00;95.00;0.00
2010-11-16;26.00;19.00;92.00;0.00
2010-11-17;33.00;22.00;78.00;0.00
2010-11-18;32.00;22.00;83.00;0.00
2010-11-19;28.00;22.00;87.00;0.00
2010-11-20;31.00;23.00;83.00;0.00
2010-11-21;31.00;24.00;78.00;0.00
2010-11-22;32.00;25.00;75.00;0.00
2010-11-23;26.00;21.00;89.00;0.00
2010-11-24;29.00;24.00;88.00;0.00
2010-11-25;31.00;24.00;78.00;0.00
2010-11-26;29.00;24.00;86.00;0.00
2010-11-27;27.00;23.00;84.00;0.00
2010-11-28;28.00;21.00;81.00;0.00
2010-11-29;32.00;23.00;73.00;0.00
2010-11-30;31.00;23.00;77.00;0.00
2010-12-1;32.00;25.00;74.00;0.00
2010-12-2;32.00;25.00;74.00;0.00
2010-12-3;33.00;24.00;70.00;0.00
2010-12-4;32.00;25.00;66.00;0.00
2010-12-5;33.00;24.00;69.00;0.00
2010-12-6;33.00;25.00;74.00;0.00
2010-12-7;32.00;25.00;80.00;0.00
2010-12-8;34.00;23.00;78.00;0.00
2010-12-9;31.00;25.00;81.00;0.00
2010-12-10;29.00;24.00;78.00;0.00
2010-12-11;30.00;22.00;73.00;0.00
2010-12-12;31.00;21.00;73.00;0.00
2010-12-13;35.00;24.00;74.00;0.00
2010-12-14;34.00;25.00;73.00;0.00
2010-12-15;32.00;26.00;77.00;0.00
2010-12-16;32.00;25.00;75.00;0.00
2010-12-17;30.00;24.00;75.00;0.00
2010-12-18;33.00;23.00;68.00;0.00
2010-12-19;33.00;23.00;70.00;0.00
2010-12-20;33.00;24.00;68.00;0.00
2010-12-21;34.00;24.00;68.00;0.00
2010-12-22;34.00;24.00;74.00;0.00
2010-12-23;35.00;24.00;74.00;0.00
2010-12-24;27.00;23.00;90.00;0.00
2010-12-25;31.00;23.00;85.00;0.00
2010-12-26;33.00;25.00;80.00;0.00
2010-12-27;31.00;23.00;87.00;0.00
2010-12-28;31.00;24.00;86.00;0.00
2010-12-29;25.00;21.00;97.00;0.00
2010-12-30;26.00;21.00;77.00;0.00
2010-12-31;26.00;21.00;95.00;0.00
2011-1-1;31.00;23.00;84.00;0.00
2011-1-2;32.00;24.00;80.00;0.00
2011-1-3;30.00;24.00;82.00;0.00
2011-1-4;29.00;24.00;80.00;0.00
2011-1-5;32.00;25.00;77.00;0.00
2011-1-6;31.00;24.00;80.00;0.00
2011-1-7;30.00;23.00;80.00;0.00
2011-1-8;31.00;23.00;75.00;0.00
2011-1-9;31.00;23.00;75.00;0.00
2011-1-10;33.00;24.00;70.00;0.00
2011-1-11;33.00;25.00;73.00;0.00
2011-1-12;32.00;23.00;81.00;0.00
2011-1-13;33.00;25.00;79.00;0.00
2011-1-14;33.00;24.00;85.00;0.00
2011-1-15;31.00;24.00;84.00;0.00
2011-1-16;33.00;24.00;77.00;0.00
2011-1-17;34.00;25.00;75.00;0.00
2011-1-18;34.00;25.00;72.00;0.00
2011-1-19;32.00;24.00;72.00;0.00
2011-1-20;32.00;24.00;72.00;0.00
2011-1-21;33.00;24.00;73.00;0.00
2011-1-22;28.00;24.00;87.00;0.00
2011-1-23;30.00;23.00;79.00;0.00
2011-1-24;29.00;24.00;77.00;0.00
2011-1-25;28.00;23.00;85.00;0.00
2011-1-26;31.00;23.00;79.00;0.00
2011-1-27;31.00;24.00;76.00;0.00
2011-1-28;32.00;24.00;74.00;0.00
2011-1-29;33.00;24.00;70.00;0.00
2011-1-30;33.00;24.00;70.00;0.00
2011-1-31;34.00;24.00;70.00;0.00
2011-2-1;33.00;24.00;72.00;0.00
2011-2-2;33.00;23.00;70.00;0.00
2011-2-3;32.00;23.00;72.00;0.00
2011-2-4;32.00;24.00;70.00;0.00
2011-2-5;31.00;24.00;76.00;0.00
2011-2-6;32.00;25.00;73.00;0.00
2011-2-7;33.00;24.00;72.00;0.00
2011-2-8;32.00;24.00;77.00;0.00
2011-2-9;32.00;23.00;74.00;0.00
2011-2-10;33.00;25.00;68.00;0.00
2011-2-11;33.00;25.00;69.00;0.00
2011-2-12;32.00;24.00;71.00;0.00
2011-2-13;32.00;23.00;71.00;0.00
2011-2-14;33.00;24.00;71.00;0.00
2011-2-15;32.00;24.00;73.00;0.00
2011-2-16;32.00;24.00;72.00;0.00
2011-2-17;31.00;23.00;84.00;0.00
2011-2-18;30.00;23.00;80.00;0.00
2011-2-19;29.00;24.00;86.00;0.00
2011-2-20;31.00;24.00;84.00;0.00
2011-2-21;32.00;23.00;78.00;0.00
2011-2-22;35.00;24.00;68.00;0.00
2011-2-23;35.00;24.00;75.00;0.00
2011-2-24;30.00;24.00;83.00;0.00
2011-2-25;29.00;24.00;89.00;0.00
2011-2-26;31.00;24.00;84.00;0.00
2011-2-27;34.00;23.00;76.00;0.00
2011-2-28;35.00;24.00;76.00;0.00
2011-3-1;32.00;23.00;82.00;0.00
2011-3-2;30.00;24.00;79.00;0.00
2011-3-3;30.00;24.00;77.00;0.00
2011-3-4;27.00;23.00;79.00;0.00
2011-3-5;28.00;23.00;86.00;0.00
2011-3-6;25.00;22.00;97.00;0.00
2011-3-7;27.00;23.00;89.00;0.00
2011-3-8;27.00;23.00;94.00;0.00
2011-3-9;29.00;23.00;92.00;0.00
2011-3-10;30.00;23.00;91.00;0.00
2011-3-11;29.00;24.00;94.00;0.00
2011-3-12;29.00;25.00;93.00;0.00
2011-3-13;31.00;24.00;89.00;0.00
2011-3-14;30.00;24.00;93.00;0.00
2011-3-15;31.00;24.00;92.00;0.00
2011-3-16;29.00;25.00;91.00;0.00
2011-3-17;27.00;23.00;93.00;0.00
2011-3-18;29.00;22.00;79.00;0.00
2011-3-19;30.00;21.00;79.00;0.00
2011-3-20;29.00;22.00;86.00;0.00
2011-3-21;28.00;22.00;82.00;0.00
2011-3-22;28.00;22.00;86.00;0.00
2011-3-23;26.00;23.00;96.00;0.00
2011-3-24;28.00;22.00;89.00;0.00
2011-3-25;31.00;22.00;83.00;0.00
2011-3-26;33.00;23.00;81.00;0.00
2011-3-27;33.00;24.00;78.00;0.00
2011-3-28;29.00;21.00;83.00;0.00
2011-3-29;33.00;23.00;77.00;0.00
2011-3-30;33.00;24.00;80.00;0.00
2011-3-31;31.00;24.00;84.00;0.00
2011-4-1;30.00;24.00;87.00;0.00
2011-4-2;29.00;23.00;84.00;0.00
2011-4-3;33.00;23.00;83.00;0.00
2011-4-4;29.00;23.00;91.00;0.00
2011-4-5;30.00;23.00;85.00;0.00
2011-4-6;28.00;22.00;85.00;0.00
2011-4-7;28.00;22.00;85.00;0.00
2011-4-8;28.00;22.00;82.00;0.00
2011-4-9;28.00;22.00;85.00;0.00
2011-4-10;28.00;22.00;87.00;0.00
2011-4-11;30.00;22.00;83.00;0.00
2011-4-12;30.00;23.00;84.00;0.00
2011-4-13;30.00;22.00;80.00;0.00
2011-4-14;31.00;23.00;81.00;0.00
2011-4-15;30.00;23.00;82.00;0.00
2011-4-16;29.00;22.00;86.00;0.00
2011-4-17;29.00;23.00;83.00;0.00
2011-4-18;28.00;22.00;88.00;0.00
2011-4-19;27.00;23.00;91.00;0.00
2011-4-20;27.00;22.00;94.00;0.00
2011-4-21;29.00;22.00;85.00;0.00
2011-4-22;30.00;21.00;83.00;0.00
2011-4-23;30.00;21.00;80.00;0.00
2011-4-24;32.00;22.00;78.00;0.00
2011-4-25;30.00;23.00;79.00;0.00
2011-4-26;28.00;22.00;83.00;0.00
2011-4-27;24.00;20.00;94.00;0.00
2011-4-28;24.00;20.00;96.00;0.00
2011-4-29;27.00;21.00;94.00;0.00
2011-4-30;31.00;22.00;85.00;0.00
2011-5-1;32.00;22.00;80.00;0.00
2011-5-2;32.00;24.00;79.00;0.00
2011-5-3;27.00;22.00;83.00;0.00
2011-5-4;28.00;21.00;84.00;0.00
2011-5-5;28.00;22.00;84.00;0.00
2011-5-6;31.00;24.00;80.00;0.00
2011-5-7;28.00;22.00;75.00;0.00
2011-5-8;28.00;19.00;78.00;0.00
2011-5-9;28.00;19.00;77.00;0.00
2011-5-10;28.00;19.00;78.00;0.00
2011-5-11;27.00;20.00;80.00;0.00
2011-5-12;28.00;19.00;79.00;0.00
2011-5-13;29.00;21.00;78.00;0.00
2011-5-14;28.00;20.00;71.00;0.00
2011-5-15;28.00;19.00;77.00;0.00
2011-5-16;26.00;20.00;79.00;0.00
2011-5-17;27.00;20.00;68.00;0.00
2011-5-18;25.00;18.00;70.00;0.00
2011-5-19;24.00;17.00;78.00;0.00
2011-5-20;26.00;18.00;84.00;0.00
2011-5-21;25.00;18.00;85.00;0.00
2011-5-22;25.00;18.00;82.00;0.00
2011-5-23;25.00;18.00;82.00;0.00
2011-5-24;26.00;18.00;81.00;0.00
2011-5-25;27.00;17.00;79.00;0.00
2011-5-26;29.00;17.00;79.00;0.00
2011-5-27;28.00;17.00;79.00;0.00
2011-5-28;26.00;19.00;71.00;0.00
2011-5-29;24.00;20.00;74.00;0.00
2011-5-30;24.00;20.00;69.00;0.00
2011-5-31;25.00;19.00;77.00;0.00
2011-6-1;29.00;18.00;80.00;0.00
2011-6-2;25.00;19.00;87.00;0.00
2011-6-3;29.00;19.00;78.00;0.00
2011-6-4;27.00;19.00;83.00;0.00
2011-6-5;24.00;19.00;63.00;0.00
2011-6-6;23.00;13.00;77.00;0.00
2011-6-7;27.00;17.00;71.00;0.00
2011-6-8;29.00;21.00;65.00;0.00
2011-6-9;28.00;19.00;79.00;0.00
2011-6-10;25.00;19.00;82.00;0.00
2011-6-11;25.00;21.00;71.00;0.00
2011-6-12;24.00;18.00;73.00;0.00
2011-6-13;25.00;17.00;77.00;0.00
2011-6-14;25.00;16.00;77.00;0.00
2011-6-15;24.00;18.00;77.00;0.00
2011-6-16;24.00;16.00;78.00;0.00
2011-6-17;24.00;18.00;84.00;0.00
2011-6-18;28.00;18.00;89.00;0.00
2011-6-19;26.00;17.00;86.00;0.00
2011-6-20;26.00;18.00;82.00;0.00
2011-6-21;29.00;19.00;77.00;0.00
2011-6-22;27.00;16.00;79.00;0.00
2011-6-23;24.00;21.00;84.00;0.00
2011-6-24;25.00;18.00;86.00;0.00
2011-6-25;24.00;20.00;92.00;0.00
2011-6-26;27.00;20.00;83.00;0.00
2011-6-27;29.00;21.00;76.00;0.00
2011-6-28;22.00;20.00;82.00;0.00
2011-6-29;24.00;19.00;78.00;0.00
2011-6-30;26.00;20.00;78.00;0.00
2011-7-1;28.00;16.00;82.00;0.00
2011-7-2;28.00;17.00;81.00;0.00
2011-7-3;30.00;17.00;79.00;0.00
2011-7-4;23.00;18.00;86.00;0.00
2011-7-5;22.00;18.00;81.00;0.00
2011-7-6;29.00;17.00;81.00;0.00
2011-7-7;23.00;18.00;84.00;0.00
2011-7-8;22.00;18.00;70.00;0.00
2011-7-9;23.00;14.00;76.00;0.00
2011-7-10;26.00;16.00;73.00;0.00
2011-7-11;26.00;14.00;75.00;0.00
2011-7-12;27.00;17.00;77.00;0.00
2011-7-13;27.00;17.00;76.00;0.00
2011-7-14;27.00;17.00;78.00;0.00
2011-7-15;28.00;18.00;78.00;0.00
2011-7-16;28.00;18.00;83.00;0.00
2011-7-17;28.00;17.00;81.00;0.00
2011-7-18;26.00;18.00;77.00;0.00
2011-7-19;28.00;20.00;73.00;0.00
2011-7-20;28.00;18.00;74.00;0.00
2011-7-21;28.00;18.00;73.00;0.00
2011-7-22;30.00;17.00;71.00;0.00
2011-7-23;26.00;21.00;84.00;0.00
2011-7-24;22.00;19.00;89.00;0.00
2011-7-25;25.00;18.00;84.00;0.00
2011-7-26;25.00;19.00;85.00;0.00
2011-7-27;27.00;17.00;76.00;0.00
2011-7-28;26.00;15.00;77.00;0.00
2011-7-29;28.00;17.00;74.00;0.00
2011-7-30;30.00;20.00;66.00;0.00
2011-7-31;28.00;17.00;83.00;0.00
2011-8-1;31.00;21.00;70.00;0.00
2011-8-2;32.00;18.00;80.00;0.00
2011-8-3;30.00;22.00;82.00;0.00
2011-8-4;23.00;19.00;82.00;0.00
2011-8-5;21.00;18.00;70.00;0.00
2011-8-6;28.00;18.00;74.00;0.00
2011-8-7;30.00;18.00;81.00;0.00
2011-8-8;31.00;21.00;78.00;0.00
2011-8-9;31.00;20.00;74.00;0.00
2011-8-10;29.00;19.00;78.00;0.00
2011-8-11;23.00;19.00;83.00;0.00
2011-8-12;25.00;18.00;77.00;0.00
2011-8-13;28.00;18.00;69.00;0.00
2011-8-14;28.00;14.00;76.00;0.00
2011-8-15;27.00;18.00;78.00;0.00
2011-8-16;27.00;18.00;74.00;0.00
2011-8-17;30.00;17.00;65.00;0.00
2011-8-18;29.00;19.00;66.00;0.00
2011-8-19;29.00;18.00;72.00;0.00
2011-8-20;33.00;22.00;68.00;0.00
2011-8-21;23.00;19.00;89.00;0.00
2011-8-22;22.00;18.00;83.00;0.00
2011-8-23;23.00;18.00;94.00;0.00
2011-8-24;29.00;17.00;81.00;0.00
2011-8-25;28.00;19.00;81.00;0.00
2011-8-26;30.00;18.00;75.00;0.00
2011-8-27;26.00;22.00;81.00;0.00
2011-8-28;28.00;20.00;78.00;0.00
2011-8-29;30.00;21.00;69.00;0.00
2011-8-30;32.00;22.00;68.00;0.00
2011-8-31;30.00;22.00;69.00;0.00
2011-9-1;24.00;20.00;67.00;0.00
2011-9-2;23.00;18.00;59.00;0.00
2011-9-3;23.00;15.00;62.00;0.00
2011-9-4;24.00;13.00;66.00;0.00
2011-9-5;27.00;15.00;65.00;0.00
2011-9-6;29.00;16.00;66.00;0.00
2011-9-7;29.00;17.00;71.00;0.00
2011-9-8;29.00;21.00;67.00;0.00
2011-9-9;31.00;22.00;66.00;0.00
2011-9-10;29.00;20.00;67.00;0.00
2011-9-11;31.00;19.00;74.00;0.00
2011-9-12;24.00;22.00;74.00;0.00
2011-9-13;28.00;21.00;72.00;0.00
2011-9-14;28.00;18.00;76.00;0.00
2011-9-15;26.00;20.00;83.00;0.00
2011-9-16;25.00;20.00;62.00;0.00
2011-9-17;25.00;19.00;71.00;0.00
2011-9-18;24.00;18.00;78.00;0.00
2011-9-19;25.00;18.00;70.00;0.00
2011-9-20;25.00;17.00;70.00;0.00
2011-9-21;29.00;17.00;69.00;0.00
2011-9-22;30.00;17.00;74.00;0.00
2011-9-23;25.00;17.00;72.00;0.00
2011-9-24;30.00;21.00;70.00;0.00
2011-9-25;22.00;19.00;79.00;0.00
2011-9-26;24.00;18.00;70.00;0.00
2011-9-27;26.00;18.00;74.00;0.00
2011-9-28;27.00;17.00;75.00;0.00
2011-9-29;24.00;21.00;79.00;0.00
2011-9-30;28.00;21.00;77.00;0.00
2011-10-1;30.00;20.00;69.00;0.00
2011-10-2;32.00;22.00;65.00;0.00
2011-10-3;27.00;23.00;78.00;0.00
2011-10-4;23.00;20.00;92.00;0.00
2011-10-5;21.00;19.00;97.00;0.00
2011-10-6;25.00;20.00;92.00;0.00
2011-10-7;28.00;20.00;82.00;0.00
2011-10-8;28.00;21.00;81.00;0.00
2011-10-9;28.00;20.00;78.00;0.00
2011-10-10;29.00;22.00;81.00;0.00
2011-10-11;28.00;22.00;92.00;0.00
2011-10-12;23.00;22.00;93.00;0.00
2011-10-13;28.00;22.00;83.00;0.00
2011-10-14;29.00;23.00;82.00;0.00
2011-10-15;32.00;24.00;73.00;0.00
2011-10-16;31.00;23.00;80.00;0.00
2011-10-17;25.00;21.00;95.00;0.00
2011-10-18;25.00;20.00;81.00;0.00
2011-10-19;21.00;18.00;85.00;0.00
2011-10-20;24.00;18.00;74.00;0.00
2011-10-21;24.00;19.00;72.00;0.00
2011-10-22;24.00;19.00;88.00;0.00
2011-10-23;23.00;18.00;89.00;0.00
2011-10-24;25.00;17.00;83.00;0.00
2011-10-25;27.00;18.00;83.00;0.00
2011-10-26;29.00;21.00;83.00;0.00
2011-10-27;30.00;24.00;81.00;0.00
2011-10-28;34.00;24.00;72.00;0.00
2011-10-29;29.00;23.00;84.00;0.00
2011-10-30;33.00;22.00;77.00;0.00
2011-10-31;23.00;17.00;88.00;0.00
2011-11-1;23.00;16.00;82.00;0.00
2011-11-2;23.00;18.00;74.00;0.00
2011-11-3;24.00;18.00;67.00;0.00
2011-11-4;24.00;19.00;66.00;0.00
2011-11-5;25.00;19.00;66.00;0.00
2011-11-6;27.00;19.00;63.00;0.00
2011-11-7;28.00;17.00;67.00;0.00
2011-11-8;29.00;19.00;72.00;0.00
2011-11-9;29.00;21.00;75.00;0.00
2011-11-10;30.00;21.00;73.00;0.00
2011-11-11;30.00;22.00;77.00;0.00
2011-11-12;30.00;23.00;79.00;0.00
2011-11-13;30.00;23.00;79.00;0.00
2011-11-14;31.00;24.00;76.00;0.00
2011-11-15;32.00;24.00;73.00;0.00
2011-11-16;28.00;22.00;89.00;0.00
2011-11-17;25.00;21.00;76.00;0.00
2011-11-18;25.00;20.00;81.00;0.00
2011-11-19;22.00;19.00;91.00;0.00
2011-11-20;24.00;18.00;87.00;0.00
2011-11-21;27.00;20.00;81.00;0.00
2011-11-22;31.00;22.00;79.00;0.00
2011-11-23;25.00;24.00;87.00;0.00
2011-11-24;25.00;22.00;88.00;0.00
2011-11-25;29.00;22.00;90.00;0.00
2011-11-26;28.00;23.00;84.00;0.00
2011-11-27;27.00;22.00;89.00;0.00
2011-11-28;27.00;21.00;90.00;0.00
2011-11-29;26.00;22.00;92.00;0.00
2011-11-30;28.00;21.00;90.00;0.00
2011-12-1;31.00;24.00;79.00;0.00
2011-12-2;26.00;22.00;91.00;0.00
2011-12-3;25.00;21.00;84.00;0.00
2011-12-4;24.00;20.00;91.00;0.00
2011-12-5;27.00;22.00;91.00;0.00
2011-12-6;27.00;22.00;90.00;0.00
2011-12-7;28.00;23.00;90.00;0.00
2011-12-8;31.00;23.00;81.00;0.00
2011-12-9;32.00;25.00;73.00;0.00
2011-12-10;26.00;23.00;88.00;0.00
2011-12-11;25.00;21.00;84.00;0.00
2011-12-12;26.00;21.00;87.00;0.00
2011-12-13;30.00;23.00;88.00;0.00
2011-12-14;30.00;22.00;88.00;0.00
2011-12-15;30.00;24.00;77.00;0.00
2011-12-16;29.00;25.00;79.00;0.00
2011-12-17;30.00;24.00;84.00;0.00
2011-12-18;31.00;24.00;75.00;0.00
2011-12-19;31.00;24.00;75.00;0.00
2011-12-20;32.00;25.00;73.00;0.00
2011-12-21;32.00;24.00;71.00;0.00
2011-12-22;29.00;25.00;77.00;0.00
2011-12-23;33.00;24.00;74.00;0.00
2011-12-24;32.00;24.00;74.00;0.00
2011-12-25;32.00;24.00;71.00;0.00
2011-12-26;32.00;23.00;71.00;0.00
2011-12-27;31.00;23.00;72.00;0.00
2011-12-28;34.00;23.00;76.00;0.00
2011-12-29;24.00;22.00;92.00;0.00
2011-12-30;27.00;20.00;85.00;0.00
2011-12-31;31.00;23.00;81.00;0.00
2012-1-1;28.00;25.00;82.00;0.00
2012-1-2;29.00;23.00;91.00;0.00
2012-1-3;28.00;22.00;92.00;0.00
2012-1-4;25.00;22.00;91.00;0.00
2012-1-5;27.00;22.00;93.00;0.00
2012-1-6;29.00;22.00;85.00;0.00
2012-1-7;30.00;24.00;81.00;0.00
2012-1-8;29.00;23.00;87.00;0.00
2012-1-9;29.00;23.00;87.00;0.00
2012-1-10;25.00;23.00;94.00;0.00
2012-1-11;29.00;23.00;86.00;0.00
2012-1-12;30.00;23.00;85.00;0.00
2012-1-13;31.00;23.00;79.00;0.00
2012-1-14;33.00;24.00;73.00;0.00
2012-1-15;33.00;24.00;73.00;0.00
2012-1-16;33.00;25.00;71.00;0.00
2012-1-17;33.00;24.00;70.00;0.00
2012-1-18;31.00;24.00;71.00;0.00
2012-1-19;31.00;23.00;72.00;0.00
2012-1-20;31.00;23.00;72.00;0.00
2012-1-21;31.00;23.00;73.00;0.00
2012-1-22;30.00;23.00;78.00;0.00
2012-1-23;31.00;23.00;74.00;0.00
2012-1-24;31.00;24.00;73.00;0.00
2012-1-25;32.00;24.00;71.00;0.00
2012-1-26;34.00;24.00;67.00;0.00
2012-1-27;34.00;24.00;69.00;0.00
2012-1-28;33.00;21.00;76.00;0.00
2012-1-29;32.00;25.00;71.00;0.00
2012-1-30;30.00;25.00;77.00;0.00
2012-1-31;31.00;24.00;78.00;0.00
2012-2-1;31.00;24.00;75.00;0.00
2012-2-2;31.00;23.00;77.00;0.00
2012-2-3;30.00;23.00;81.00;0.00
2012-2-4;31.00;23.00;75.00;0.00
2012-2-5;32.00;23.00;76.00;0.00
2012-2-6;33.00;23.00;72.00;0.00
2012-2-7;33.00;24.00;69.00;0.00
2012-2-8;35.00;25.00;66.00;0.00
2012-2-9;35.00;24.00;63.00;0.00
2012-2-10;33.00;25.00;67.00;0.00
2012-2-11;33.00;24.00;72.00;0.00
2012-2-12;33.00;25.00;73.00;0.00
2012-2-13;32.00;24.00;71.00;0.00
2012-2-14;31.00;23.00;80.00;0.00
2012-2-15;29.00;24.00;84.00;0.00
2012-2-16;28.00;23.00;90.00;0.00
2012-2-17;30.00;22.00;84.00;0.00
2012-2-18;30.00;23.00;81.00;0.00
2012-2-19;31.00;23.00;78.00;0.00
2012-2-20;31.00;23.00;75.00;0.00
2012-2-21;30.00;23.00;81.00;0.00
2012-2-22;32.00;23.00;77.00;0.00
2012-2-23;32.00;24.00;71.00;0.00
2012-2-24;33.00;25.00;69.00;0.00
2012-2-25;32.00;23.00;72.00;0.00
2012-2-26;33.00;23.00;69.00;0.00
2012-2-27;34.00;24.00;67.00;0.00
2012-2-28;33.00;25.00;70.00;0.00
2012-2-29;33.00;23.00;69.00;0.00
2012-3-1;34.00;23.00;68.00;0.00
2012-3-2;34.00;24.00;64.00;0.00
2012-3-3;34.00;24.00;67.00;0.00
2012-3-4;32.00;23.00;73.00;0.00
2012-3-5;34.00;23.00;73.00;0.00
2012-3-6;31.00;22.00;76.00;0.00
2012-3-7;30.00;22.00;79.00;0.00
2012-3-8;29.00;22.00;78.00;0.00
2012-3-9;34.00;22.00;72.00;0.00
2012-3-10;31.00;23.00;82.00;0.00
2012-3-11;33.00;24.00;76.00;0.00
2012-3-12;33.00;24.00;72.00;0.00
2012-3-13;33.00;23.00;72.00;0.00
2012-3-14;32.00;26.00;68.00;0.00
2012-3-15;33.00;23.00;65.00;0.00
2012-3-16;32.00;24.00;74.00;0.00
2012-3-17;30.00;23.00;77.00;0.00
2012-3-18;28.00;23.00;65.00;0.00
2012-3-19;29.00;22.00;79.00;0.00
2012-3-20;32.00;23.00;70.00;0.00
2012-3-21;31.00;24.00;77.00;0.00
2012-3-22;35.00;25.00;70.00;0.00
2012-3-23;35.00;24.00;70.00;0.00
2012-3-24;35.00;26.00;71.00;0.00
2012-3-25;33.00;25.00;70.00;0.00
2012-3-26;33.00;23.00;71.00;0.00
2012-3-27;34.00;23.00;69.00;0.00
2012-3-28;33.00;23.00;70.00;0.00
2012-3-29;31.00;23.00;80.00;0.00
2012-3-30;31.00;22.00;77.00;0.00
2012-3-31;33.00;22.00;78.00;0.00
2012-4-1;29.00;22.00;85.00;0.00
2012-4-2;30.00;23.00;83.00;0.00
2012-4-3;33.00;22.00;77.00;0.00
2012-4-4;33.00;23.00;76.00;0.00
2012-4-5;34.00;23.00;72.00;0.00
2012-4-6;36.00;24.00;72.00;0.00
2012-4-7;31.00;24.00;81.00;0.00
2012-4-8;32.00;23.00;80.00;0.00
2012-4-9;33.00;23.00;77.00;0.00
2012-4-10;30.00;22.00;80.00;0.00
2012-4-11;30.00;23.00;82.00;0.00
2012-4-12;32.00;23.00;81.00;0.00
2012-4-13;31.00;22.00;75.00;0.00
2012-4-14;33.00;23.00;71.00;0.00
2012-4-15;34.00;24.00;66.00;0.00
2012-4-16;31.00;24.00;70.00;0.00
2012-4-17;30.00;24.00;65.00;0.00
2012-4-18;30.00;20.00;70.00;0.00
2012-4-19;26.00;21.00;78.00;0.00
2012-4-20;31.00;21.00;71.00;0.00
2012-4-21;33.00;21.00;65.00;0.00
2012-4-22;31.00;21.00;72.00;0.00
2012-4-23;25.00;23.00;80.00;0.51
2012-4-24;29.00;22.00;79.00;0.00
2012-4-25;30.00;22.00;82.00;0.00
2012-4-26;33.00;23.00;74.00;0.00
2012-4-27;35.00;25.00;62.00;0.00
2012-4-28;30.00;24.00;70.00;0.00
2012-4-29;34.00;22.00;70.00;0.00
2012-4-30;29.00;24.00;75.00;0.00
2012-5-1;30.00;21.00;73.00;0.00
2012-5-2;26.00;19.00;61.00;0.00
2012-5-3;28.00;19.00;67.00;0.00
2012-5-4;28.00;21.00;81.00;0.00
2012-5-5;27.00;20.00;84.00;0.00
2012-5-6;28.00;21.00;78.00;0.00
2012-5-7;28.00;21.00;78.00;0.00
2012-5-8;24.00;22.00;85.00;0.00
2012-5-9;26.00;20.00;80.00;0.00
2012-5-10;28.00;20.00;78.00;0.00
2012-5-11;31.00;19.00;74.00;0.00
2012-5-12;33.00;22.00;67.00;0.00
2012-5-13;29.00;23.00;80.00;0.00
2012-5-14;23.00;20.00;93.00;0.00
2012-5-15;23.00;19.00;88.00;0.00
2012-5-16;24.00;20.00;82.00;0.00
2012-5-17;28.00;20.00;72.00;0.00
2012-5-18;24.00;19.00;84.00;0.00
2012-5-19;24.00;19.00;83.00;0.00
2012-5-20;25.00;19.00;77.00;0.00
2012-5-21;20.00;19.00;90.00;0.00
2012-5-22;26.00;17.00;85.00;2.03
2012-5-23;26.00;18.00;85.00;0.00
2012-5-24;27.00;18.00;81.00;0.00
2012-5-25;29.00;19.00;77.00;0.00
2012-5-26;30.00;21.00;78.00;0.00
2012-5-27;26.00;21.00;86.00;0.00
2012-5-28;27.00;22.00;90.00;0.00
2012-5-29;31.00;21.00;79.00;0.00
2012-5-30;32.00;22.00;73.00;0.00
2012-5-31;32.00;19.00;76.00;0.00
2012-6-1;28.00;21.00;83.00;0.00
2012-6-2;29.00;21.00;84.00;0.00
2012-6-3;32.00;21.00;73.00;0.00
2012-6-4;32.00;21.00;76.00;0.00
2012-6-5;32.00;23.00;72.00;0.00
2012-6-6;32.00;24.00;71.00;0.00
2012-6-7;31.00;21.00;79.00;0.00
2012-6-8;27.00;22.00;83.00;0.00
2012-6-9;0.00;22.00;88.00;0.00
2012-6-10;__.__;__.__;__.__;0.00
2012-6-11;23.00;22.00;91.00;0.00
2012-6-12;27.00;19.00;85.00;0.00
2012-6-13;26.00;18.00;82.00;0.00
2012-6-14;28.00;19.00;81.00;0.00
2012-6-15;28.00;21.00;80.00;0.00
2012-6-16;30.00;19.00;74.00;0.00
2012-6-17;29.00;18.00;78.00;0.00
2012-6-18;29.00;18.00;79.00;0.00
2012-6-19;31.00;0.00;69.00;0.00
2012-6-20;31.00;23.00;74.00;0.00
2012-6-21;31.00;23.00;69.00;0.00
2012-6-22;31.00;23.00;74.00;0.00
2012-6-23;26.00;22.00;71.00;0.00
2012-6-24;26.00;20.00;72.00;0.00
2012-6-25;26.00;17.00;78.00;0.00
2012-6-26;24.00;18.00;73.00;0.00
2012-6-27;24.00;19.00;87.00;0.00
2012-6-28;25.00;20.00;89.00;0.00
2012-6-29;28.00;19.00;80.00;0.00
2012-6-30;29.00;18.00;79.00;0.00
2012-7-1;29.00;19.00;77.00;0.00
2012-7-2;29.00;18.00;78.00;0.00
2012-7-3;28.00;18.00;75.00;0.00
2012-7-4;29.00;18.00;80.00;0.00
2012-7-5;29.00;19.00;79.00;0.00
2012-7-6;27.00;20.00;84.00;0.00
2012-7-7;29.00;18.00;81.00;0.00
2012-7-8;30.00;20.00;77.00;0.00
2012-7-9;26.00;19.00;69.00;0.00
2012-7-10;26.00;18.00;66.00;0.00
2012-7-11;30.00;16.00;69.00;0.00
2012-7-12;31.00;18.00;71.00;0.00
2012-7-13;28.00;20.00;75.00;0.00
2012-7-14;26.00;22.00;74.00;0.00
2012-7-15;28.00;19.00;83.00;0.00
2012-7-16;22.00;18.00;91.00;0.00
2012-7-17;24.00;19.00;87.00;0.00
2012-7-18;30.00;18.00;71.00;0.00
2012-7-19;24.00;20.00;73.00;0.00
2012-7-20;26.00;19.00;74.00;0.00
2012-7-21;31.00;18.00;73.00;0.00
2012-7-22;32.00;18.00;76.00;0.00
2012-7-23;33.00;17.00;74.00;0.00
2012-7-24;30.00;17.00;73.00;0.00
2012-7-25;31.00;18.00;66.00;0.00
2012-7-26;31.00;16.00;70.00;0.00
2012-7-27;31.00;18.00;67.00;0.00
2012-7-28;27.00;17.00;78.00;0.00
2012-7-29;29.00;17.00;68.00;0.00
2012-7-30;30.00;16.00;71.00;0.00
2012-7-31;25.00;18.00;88.00;6.10
2012-8-1;27.00;20.00;87.00;0.00
2012-8-2;26.00;19.00;84.00;0.00
2012-8-3;27.00;18.00;79.00;0.00
2012-8-4;29.00;18.00;78.00;0.00
2012-8-5;31.00;18.00;68.00;0.00
2012-8-6;26.00;21.00;65.00;0.00
2012-8-7;26.00;17.00;69.00;0.00
2012-8-8;27.00;16.00;76.00;0.00
2012-8-9;26.00;18.00;80.00;0.00
2012-8-10;27.00;17.00;81.00;0.00
2012-8-11;27.00;18.00;82.00;0.00
2012-8-12;26.00;20.00;85.00;0.00
2012-8-13;26.00;19.00;88.00;0.00
2012-8-14;28.00;20.00;83.00;0.00
2012-8-15;27.00;19.00;87.00;0.00
2012-8-16;26.00;20.00;82.00;0.00
2012-8-17;27.00;19.00;83.00;0.00
2012-8-18;27.00;20.00;81.00;0.00
2012-8-19;27.00;20.00;69.00;0.00
2012-8-20;27.00;18.00;83.00;0.00
2012-8-21;27.00;18.00;79.00;0.00
2012-8-22;26.00;18.00;81.00;0.00
2012-8-23;27.00;18.00;86.00;0.00
2012-8-24;27.00;19.00;78.00;0.00
2012-8-25;26.00;19.00;84.00;0.00
2012-8-26;25.00;19.00;93.00;0.00
2012-8-27;29.00;19.00;80.00;0.00
2012-8-28;26.00;21.00;87.00;0.00
2012-8-29;31.00;20.00;85.00;0.00
2012-8-30;27.00;18.00;75.00;0.00
2012-8-31;25.00;19.00;64.00;0.00
2012-9-1;27.00;16.00;71.00;0.00
2012-9-2;29.00;15.00;70.00;0.00
2012-9-3;32.00;18.00;66.00;0.00
2012-9-4;25.00;19.00;74.00;0.00
2012-9-5;26.00;18.00;66.00;0.00
2012-9-6;29.00;16.00;72.00;0.00
2012-9-7;28.00;21.00;73.00;0.00
2012-9-8;28.00;22.00;78.00;0.00
2012-9-9;33.00;20.00;69.00;0.00
2012-9-10;28.00;21.00;79.00;0.00
2012-9-11;32.00;23.00;70.00;0.00
2012-9-12;28.00;23.00;78.00;0.00
2012-9-13;35.00;22.00;71.00;0.00
2012-9-14;26.00;22.00;81.00;0.00
2012-9-15;28.00;19.00;78.00;0.00
2012-9-16;27.00;21.00;87.00;0.00
2012-9-17;31.00;21.00;76.00;0.00
2012-9-18;32.00;21.00;69.00;0.00
2012-9-19;33.00;24.00;67.00;0.00
2012-9-20;32.00;23.00;72.00;0.00
2012-9-21;32.00;23.00;73.00;0.00
2012-9-22;27.00;21.00;73.00;0.00
2012-9-23;23.00;20.00;72.00;0.00
2012-9-24;28.00;19.00;68.00;0.00
2012-9-25;30.00;21.00;71.00;0.00
2012-9-26;29.00;17.00;81.00;0.00
2012-9-27;25.00;16.00;56.00;0.00
2012-9-28;24.00;17.00;60.00;0.00
2012-9-29;25.00;17.00;64.00;0.00
2012-9-30;26.00;17.00;68.00;0.00
2012-10-1;27.00;16.00;73.00;0.00
2012-10-2;29.00;17.00;72.00;0.00
2012-10-3;30.00;19.00;72.00;0.00
2012-10-4;30.00;19.00;75.00;0.00
2012-10-5;27.00;20.00;80.00;0.00
2012-10-6;31.00;17.00;73.00;0.00
2012-10-7;29.00;20.00;79.00;0.00
2012-10-8;29.00;20.00;77.00;0.00
2012-10-9;29.00;20.00;82.00;0.00
2012-10-10;30.00;21.00;71.00;0.00
2012-10-11;33.00;21.00;65.00;0.00
2012-10-12;31.00;22.00;74.00;0.00
2012-10-13;27.00;21.00;78.00;0.00
2012-10-14;27.00;21.00;72.00;0.00
2012-10-15;28.00;21.00;67.00;0.00
2012-10-16;29.00;19.00;68.00;0.00
2012-10-17;29.00;19.00;76.00;0.00
2012-10-18;31.00;23.00;76.00;0.00
2012-10-19;30.00;22.00;76.00;0.00
2012-10-20;32.00;22.00;75.00;0.00
2012-10-21;31.00;23.00;73.00;0.00
2012-10-22;34.00;23.00;65.00;0.00
2012-10-23;33.00;24.00;68.00;0.00
2012-10-24;35.00;24.00;68.00;0.00
2012-10-25;28.00;24.00;80.00;0.00
2012-10-26;31.00;23.00;71.00;0.00
2012-10-27;30.00;22.00;70.00;0.00
2012-10-28;35.00;22.00;63.00;0.00
2012-10-29;33.00;23.00;68.00;0.00
2012-10-30;33.00;24.00;67.00;0.00
2012-10-31;36.00;24.00;66.00;0.00
2012-11-1;29.00;24.00;76.00;0.00
2012-11-2;28.00;23.00;71.00;0.00
2012-11-3;25.00;22.00;84.00;0.00
2012-11-4;26.00;21.00;89.00;0.00
2012-11-5;29.00;21.00;81.00;1.02
2012-11-6;28.00;22.00;85.00;6.10
2012-11-7;27.00;22.00;90.00;0.00
2012-11-8;29.00;22.00;87.00;12.95
2012-11-9;27.00;21.00;90.00;0.00
2012-11-10;28.00;22.00;85.00;0.00
2012-11-11;29.00;23.00;83.00;0.00
2012-11-12;33.00;24.00;73.00;0.00
2012-11-13;30.00;23.00;81.00;0.00
2012-11-14;26.00;21.00;81.00;0.00
2012-11-15;25.00;21.00;90.00;0.00
2012-11-16;26.00;21.00;87.00;0.25
2012-11-17;28.00;22.00;75.00;0.00
2012-11-18;26.00;20.00;84.00;0.00
2012-11-19;27.00;20.00;79.00;0.51
2012-11-20;28.00;20.00;83.00;0.00
2012-11-21;27.00;22.00;84.00;0.00
2012-11-22;28.00;21.00;74.00;0.00
2012-11-23;30.00;21.00;72.00;0.00
2012-11-24;37.00;24.00;69.00;0.00
2012-11-25;27.00;24.00;91.00;0.00
2012-11-26;26.00;22.00;90.00;0.00
2012-11-27;29.00;22.00;82.00;6.10
2012-11-28;31.00;23.00;71.00;0.00
2012-11-29;27.00;24.00;84.00;0.00
2012-11-30;29.00;24.00;86.00;2.03
2012-12-1;26.00;23.00;88.00;3.05
2012-12-2;31.00;23.00;78.00;0.00
2012-12-3;31.00;24.00;72.00;0.00
2012-12-4;30.00;24.00;72.00;0.00
2012-12-5;31.00;23.00;75.00;0.00
2012-12-6;32.00;23.00;75.00;0.00
2012-12-7;32.00;23.00;69.00;0.00
2012-12-8;34.00;24.00;66.00;0.00
2012-12-9;30.00;24.00;76.00;0.00
2012-12-10;27.00;24.00;90.00;0.00
2012-12-11;34.00;24.00;74.00;0.00
2012-12-12;33.00;25.00;76.00;0.00
2012-12-13;32.00;26.00;74.00;0.00
2012-12-14;33.00;25.00;68.00;0.00
2012-12-15;33.00;25.00;66.00;0.00
2012-12-16;34.00;24.00;62.00;0.00
2012-12-17;34.00;24.00;68.00;0.00
2012-12-18;33.00;25.00;79.00;0.25
2012-12-19;34.00;25.00;76.00;0.00
2012-12-20;32.00;23.00;71.00;0.00
2012-12-21;33.00;23.00;69.00;0.00
2012-12-22;33.00;25.00;71.00;0.00
2012-12-23;32.00;24.00;74.00;0.00
2012-12-24;33.00;24.00;73.00;0.00
2012-12-25;35.00;26.00;69.00;0.00
2012-12-26;36.00;24.00;63.00;0.00
2012-12-27;34.00;26.00;64.00;0.00
2012-12-28;35.00;25.00;68.00;0.00
2012-12-29;34.00;25.00;70.00;0.00
2012-12-30;32.00;26.00;64.00;0.00
2012-12-31;33.00;24.00;69.00;0.00
2013-1-1;33.00;24.00;67.00;0.00
2013-1-2;33.00;25.00;67.00;0.00
2013-1-3;33.00;25.00;65.00;0.00
2013-1-4;33.00;23.00;65.00;0.00
2013-1-5;33.00;24.00;67.00;0.00
2013-1-6;33.00;24.00;63.00;0.00
2013-1-7;33.00;24.00;63.00;0.00
2013-1-8;32.00;25.00;68.00;0.00
2013-1-9;32.00;25.00;65.00;0.00
2013-1-10;34.00;26.00;64.00;0.00
2013-1-11;31.00;25.00;71.00;0.00
2013-1-12;30.00;24.00;81.00;0.51
2013-1-13;33.00;24.00;75.00;0.00
2013-1-14;31.00;24.00;72.00;0.00
2013-1-15;32.00;24.00;68.00;0.00
2013-1-16;32.00;23.00;68.00;0.00
2013-1-17;29.00;24.00;85.00;3.05
2013-1-18;29.00;23.00;90.00;32.00
2013-1-19;33.00;23.00;83.00;7.11
2013-1-20;29.00;23.00;84.00;0.25
2013-1-21;29.00;21.00;74.00;0.25
2013-1-22;29.00;24.00;78.00;2.03
2013-1-23;28.00;23.00;80.00;0.51
2013-1-24;31.00;22.00;70.00;0.00
2013-1-25;34.00;25.00;72.00;0.00
2013-1-26;36.00;27.00;65.00;0.00
2013-1-27;28.00;23.00;89.00;0.25
2013-1-28;29.00;22.00;80.00;7.11
2013-1-29;26.00;23.00;91.00;8.89
2013-1-30;27.00;23.00;86.00;0.00
2013-1-31;28.00;24.00;85.00;0.00
2013-2-1;30.00;24.00;83.00;0.00
2013-2-2;33.00;24.00;74.00;0.00
2013-2-3;34.00;24.00;59.00;0.00
2013-2-4;35.00;25.00;66.00;0.00
2013-2-5;26.00;25.00;81.00;0.00
2013-2-6;30.00;24.00;85.00;0.00
2013-2-7;31.00;23.00;79.00;4.06
2013-2-8;32.00;24.00;74.00;0.00
2013-2-9;31.00;24.00;72.00;0.00
2013-2-10;32.00;23.00;72.00;0.00
2013-2-11;32.00;23.00;70.00;0.00
2013-2-12;33.00;22.00;68.00;0.00
2013-2-13;33.00;24.00;67.00;0.00
2013-2-14;32.00;25.00;70.00;0.00
2013-2-15;33.00;24.00;77.00;0.00
2013-2-16;33.00;24.00;69.00;0.00
2013-2-17;33.00;24.00;69.00;0.00
2013-2-18;34.00;25.00;69.00;0.00
2013-2-19;33.00;24.00;69.00;0.00
2013-2-20;32.00;24.00;71.00;0.00
2013-2-21;32.00;24.00;73.00;0.00
2013-2-22;32.00;23.00;71.00;0.00
2013-2-23;32.00;24.00;68.00;0.00
2013-2-24;32.00;24.00;70.00;0.00
2013-2-25;33.00;23.00;71.00;0.00
2013-2-26;33.00;25.00;64.00;0.00
2013-2-27;33.00;26.00;68.00;0.00
2013-2-28;29.00;25.00;82.00;1.02
2013-3-1;28.00;23.00;85.00;1.02
2013-3-2;28.00;23.00;84.00;6.10
2013-3-3;32.00;24.00;77.00;0.00
2013-3-4;33.00;23.00;71.00;0.00
2013-3-5;34.00;24.00;65.00;0.00
2013-3-6;36.00;26.00;68.00;0.00
2013-3-7;33.00;26.00;70.00;0.00
2013-3-8;33.00;26.00;72.00;0.00
2013-3-9;33.00;24.00;72.00;0.00
2013-3-10;29.00;25.00;73.00;1.02
2013-3-11;31.00;24.00;81.00;0.25
2013-3-12;29.00;24.00;86.00;0.00
2013-3-13;28.00;0.00;76.00;0.00
2013-3-14;32.00;24.00;80.00;7.11
2013-3-15;28.00;24.00;89.00;1.02
2013-3-16;30.00;23.00;84.00;0.00
2013-3-17;33.00;23.00;75.00;0.00
2013-3-18;29.00;23.00;87.00;55.88
2013-3-19;23.00;20.00;93.00;39.88
2013-3-20;28.00;21.00;87.00;0.00
2013-3-21;32.00;22.00;77.00;0.00
2013-3-22;32.00;22.00;78.00;0.00
2013-3-23;29.00;24.00;84.00;0.00
2013-3-24;29.00;24.00;84.00;1.02
2013-3-25;33.00;23.00;83.00;12.95
2013-3-26;33.00;24.00;81.00;0.00
2013-3-27;33.00;26.00;72.00;17.02
2013-3-28;28.00;23.00;80.00;0.25
2013-3-29;26.00;20.00;83.00;16.00
2013-3-30;26.00;22.00;84.00;0.00
2013-3-31;27.00;23.00;82.00;0.25
2013-4-1;28.00;23.00;85.00;0.25
2013-4-2;30.00;23.00;82.00;0.00
2013-4-3;29.00;23.00;84.00;4.06
2013-4-4;29.00;22.00;86.00;0.00
2013-4-5;33.00;24.00;74.00;0.00
2013-4-6;29.00;25.00;77.00;0.00
2013-4-7;30.00;24.00;82.00;2.03
2013-4-8;27.00;23.00;89.00;3.05
2013-4-9;27.00;22.00;89.00;6.10
2013-4-10;24.00;22.00;93.00;1.02
2013-4-11;26.00;22.00;88.00;0.00
2013-4-12;29.00;23.00;83.00;0.00
2013-4-13;33.00;23.00;73.00;0.00
2013-4-14;29.00;24.00;76.00;0.00
2013-4-15;26.00;22.00;76.00;0.00
2013-4-16;29.00;22.00;80.00;0.00
2013-4-17;27.00;23.00;71.00;0.00
2013-4-18;26.00;19.00;71.00;0.00
2013-4-19;27.00;19.00;76.00;0.00
2013-4-20;28.00;19.00;65.00;0.00
2013-4-21;27.00;19.00;70.00;2.03
2013-4-22;27.00;21.00;68.00;0.00
2013-4-23;26.00;20.00;75.00;0.00
2013-4-24;27.00;21.00;72.00;1.02
2013-4-25;28.00;20.00;77.00;0.00
2013-4-26;0.00;20.00;88.00;0.00
2013-4-27;0.00;0.00;__.__;0.00
2013-4-28;0.00;0.00;__.__;0.76
2013-4-29;0.00;0.00;__.__;2.03
2013-4-30;__.__;__.__;__.__;0.00
2013-5-1;__.__;0.00;__.__;0.00
2013-5-2;__.__;0.00;__.__;0.00
2013-5-3;0.00;__.__;__.__;0.00
2013-5-4;__.__;0.00;__.__;0.00
2013-5-5;0.00;__.__;__.__;0.00
2013-5-6;__.__;0.00;__.__;0.00
2013-5-7;__.__;__.__;__.__;0.00
2013-5-8;0.00;0.00;__.__;0.00
2013-5-9;25.00;23.00;70.00;0.00
2013-5-10;27.00;20.00;71.00;0.00
2013-5-11;26.00;19.00;77.00;0.00
2013-5-12;27.00;19.00;77.00;0.00
2013-5-13;30.00;20.00;80.00;0.00
2013-5-14;30.00;22.00;77.00;0.00
2013-5-15;30.00;22.00;77.00;0.00
2013-5-16;31.00;21.00;77.00;0.00
2013-5-17;28.00;21.00;80.00;2.03
2013-5-18;26.00;21.00;84.00;3.05
2013-5-19;25.00;21.00;80.00;0.00
2013-5-20;27.00;20.00;77.00;0.00
2013-5-21;28.00;20.00;75.00;0.00
2013-5-22;27.00;23.00;65.00;0.00
2013-5-23;23.00;20.00;86.00;0.00
2013-5-24;25.00;19.00;81.00;11.94
2013-5-25;22.00;18.00;89.00;0.25
2013-5-26;25.00;17.00;78.00;0.00
2013-5-27;26.00;19.00;83.00;0.00
2013-5-28;28.00;18.00;69.00;0.00
2013-5-29;32.00;20.00;71.00;0.00
2013-5-30;28.00;21.00;74.00;0.00
2013-5-31;28.00;22.00;71.00;0.25
2013-6-1;27.00;19.00;81.00;0.00
2013-6-2;29.00;19.00;78.00;0.00
2013-6-3;30.00;22.00;78.00;7.11
2013-6-4;22.00;21.00;90.00;4.06
2013-6-5;26.00;20.00;86.00;0.00
2013-6-6;26.00;21.00;82.00;0.00
2013-6-7;28.00;20.00;81.00;0.00
2013-6-8;27.00;20.00;84.00;3.05
2013-6-9;26.00;21.00;81.00;0.00
2013-6-10;27.00;19.00;79.00;0.00
2013-6-11;28.00;18.00;77.00;0.00
2013-6-12;29.00;19.00;79.00;0.00
2013-6-13;29.00;18.00;79.00;0.00
2013-6-14;27.00;18.00;80.00;0.00
2013-6-15;24.00;20.00;84.00;0.00
2013-6-16;26.00;20.00;85.00;2.03
2013-6-17;29.00;19.00;76.00;0.00
2013-6-18;26.00;19.00;79.00;0.00
2013-6-19;27.00;18.00;82.00;0.00
2013-6-20;30.00;19.00;80.00;0.00
2013-6-21;29.00;19.00;79.00;0.00
2013-6-22;32.00;22.00;65.00;0.00
2013-6-23;25.00;21.00;80.00;2.03
2013-6-24;23.00;20.00;89.00;0.00
2013-6-25;27.00;18.00;80.00;0.00
2013-6-26;28.00;18.00;76.00;0.00
2013-6-27;31.00;19.00;75.00;0.00
2013-6-28;28.00;19.00;80.00;0.00
2013-6-29;31.00;19.00;77.00;0.00
2013-6-30;30.00;18.00;77.00;0.00
2013-7-1;31.00;20.00;78.00;0.00
2013-7-2;27.00;20.00;82.00;7.11
2013-7-3;23.00;18.00;82.00;0.00
2013-7-4;25.00;17.00;78.00;0.00
2013-7-5;26.00;18.00;81.00;0.00
2013-7-6;26.00;17.00;78.00;0.00
2013-7-7;29.00;18.00;78.00;0.00
2013-7-8;26.00;18.00;80.00;0.00
2013-7-9;23.00;17.00;86.00;5.08
2013-7-10;29.00;19.00;71.00;0.00
2013-7-11;29.00;17.00;83.00;2.03
2013-7-12;25.00;17.00;84.00;2.03
2013-7-13;24.00;20.00;92.00;0.76
2013-7-14;29.00;18.00;79.00;0.00
2013-7-15;31.00;20.00;76.00;11.94
2013-7-16;26.00;19.00;80.00;0.00
2013-7-17;28.00;21.00;80.00;0.00
2013-7-18;30.00;20.00;73.00;0.00
2013-7-19;31.00;19.00;70.00;0.00
2013-7-20;30.00;22.00;72.00;0.00
2013-7-21;31.00;22.00;72.00;0.00
2013-7-22;31.00;23.00;73.00;0.00
2013-7-23;29.00;21.00;75.00;0.00
2013-7-24;24.00;20.00;74.00;0.00
2013-7-25;26.00;20.00;79.00;0.00
2013-7-26;23.00;20.00;76.00;0.00
2013-7-27;24.00;20.00;73.00;0.00
2013-7-28;24.00;18.00;73.00;0.00
2013-7-29;25.00;19.00;76.00;0.00
2013-7-30;25.00;18.00;67.00;0.00
2013-7-31;26.00;15.00;73.00;0.00
2013-8-1;29.00;14.00;69.00;0.00
2013-8-2;26.00;17.00;63.00;0.00
2013-8-3;31.00;17.00;67.00;0.00
2013-8-4;32.00;19.00;70.00;0.00
2013-8-5;29.00;18.00;77.00;0.00
2013-8-6;27.00;18.00;77.00;0.00
2013-8-7;27.00;18.00;80.00;0.00
2013-8-8;27.00;19.00;76.00;0.00
2013-8-9;27.00;18.00;74.00;0.00
2013-8-10;30.00;18.00;68.00;0.00
2013-8-11;32.00;21.00;63.00;0.00
2013-8-12;26.00;20.00;76.00;0.00
2013-8-13;28.00;19.00;75.00;0.00
2013-8-14;30.00;22.00;65.00;3.05
2013-8-15;22.00;20.00;74.00;0.00
2013-8-16;25.00;19.00;61.00;0.00
2013-8-17;26.00;17.00;70.00;3.05
2013-8-18;24.00;20.00;82.00;13.97
2013-8-19;25.00;17.00;77.00;3.05
2013-8-20;24.00;18.00;90.00;7.87
2013-8-21;26.00;19.00;88.00;5.08
2013-8-22;27.00;20.00;82.00;0.00
2013-8-23;29.00;19.00;70.00;0.00
2013-8-24;29.00;19.00;74.00;0.00
2013-8-25;27.00;19.00;74.00;0.00
2013-8-26;32.00;21.00;67.00;0.00
2013-8-27;31.00;20.00;79.00;1.02
2013-8-28;21.00;18.00;82.00;0.00
2013-8-29;24.00;18.00;74.00;0.00
2013-8-30;25.00;18.00;71.00;0.00
2013-8-31;26.00;16.00;75.00;0.00
2013-9-1;28.00;19.00;78.00;0.00
2013-9-2;29.00;19.00;66.00;0.00
2013-9-3;31.00;22.00;64.00;0.00
2013-9-4;26.00;22.00;65.00;0.00
2013-9-5;24.00;19.00;77.00;0.00
2013-9-6;25.00;20.00;73.00;2.03
2013-9-7;23.00;18.00;82.00;0.25
2013-9-8;26.00;17.00;82.00;0.00
2013-9-9;28.00;18.00;77.00;0.00
2013-9-10;25.00;18.00;80.00;0.51
2013-9-11;26.00;18.00;81.00;4.06
2013-9-12;25.00;18.00;80.00;3.05
2013-9-13;27.00;18.00;84.00;0.00
2013-9-14;28.00;19.00;77.00;0.00
2013-9-15;29.00;19.00;73.00;0.00
2013-9-16;29.00;22.00;72.00;0.00
2013-9-17;31.00;22.00;70.00;0.00
2013-9-18;32.00;23.00;72.00;0.00
2013-9-19;30.00;23.00;77.00;0.00
2013-9-20;29.00;21.00;74.00;0.00
2013-9-21;30.00;22.00;71.00;0.00
2013-9-22;34.00;23.00;69.00;0.00
2013-9-23;32.00;23.00;73.00;0.00
2013-9-24;31.00;22.00;80.00;1.02
2013-9-25;30.00;20.00;78.00;0.25
2013-9-26;25.00;19.00;59.00;0.00
2013-9-27;26.00;19.00;57.00;0.00
2013-9-28;26.00;18.00;61.00;0.00
2013-9-29;26.00;19.00;79.00;1.02
2013-9-30;24.00;20.00;87.00;2.03
2013-10-1;30.00;21.00;69.00;0.00
2013-10-2;31.00;21.00;76.00;1.02
2013-10-3;29.00;21.00;81.00;0.00
2013-10-4;34.00;24.00;70.00;7.11
2013-10-5;31.00;21.00;80.00;8.89
2013-10-6;27.00;20.00;68.00;0.51
2013-10-7;26.00;18.00;69.00;4.06
2013-10-8;24.00;17.00;80.00;5.08
2013-10-9;23.00;16.00;86.00;1.02
2013-10-10;27.00;18.00;73.00;0.51
2013-10-11;27.00;17.00;70.00;2.03
2013-10-12;27.00;19.00;71.00;0.00
2013-10-13;26.00;19.00;81.00;0.00
2013-10-14;27.00;19.00;78.00;0.76
2013-10-15;31.00;21.00;67.00;0.00
2013-10-16;29.00;22.00;69.00;0.00
2013-10-17;29.00;23.00;75.00;0.00
2013-10-18;31.00;23.00;69.00;0.00
2013-10-19;31.00;23.00;81.00;0.25
2013-10-20;32.00;23.00;79.00;0.00
2013-10-21;33.00;23.00;72.00;0.00
2013-10-22;32.00;24.00;69.00;0.00
2013-10-23;32.00;24.00;72.00;0.00
2013-10-24;31.00;23.00;69.00;0.00
2013-10-25;33.00;22.00;68.00;0.00
2013-10-26;32.00;23.00;69.00;0.00
2013-10-27;36.00;22.00;61.00;0.00
2013-10-28;27.00;23.00;64.00;0.00
2013-10-29;26.00;20.00;62.00;0.00
2013-10-30;27.00;20.00;69.00;0.00
2013-10-31;23.00;20.00;91.00;5.08
2013-11-1;27.00;20.00;73.00;21.08
2013-11-2;26.00;20.00;75.00;0.76
2013-11-3;28.00;19.00;73.00;2.03
2013-11-4;30.00;18.00;69.00;0.00
2013-11-5;32.00;23.00;76.00;11.94
2013-11-6;27.00;22.00;80.00;39.88
2013-11-7;26.00;22.00;85.00;2.03
2013-11-8;23.00;22.00;93.00;3.05
2013-11-9;27.00;21.00;84.00;6.10
2013-11-10;30.00;22.00;82.00;0.00
2013-11-11;34.00;24.00;72.00;0.00
2013-11-12;36.00;24.00;66.00;0.00
2013-11-13;28.00;24.00;69.00;0.00
2013-11-14;28.00;23.00;70.00;0.00
2013-11-15;26.00;21.00;88.00;0.00
2013-11-16;31.00;21.00;80.00;0.00
2013-11-17;33.00;23.00;70.00;0.00
2013-11-18;31.00;24.00;78.00;0.00
2013-11-19;31.00;23.00;73.00;0.00
2013-11-20;31.00;23.00;68.00;0.00
2013-11-21;33.00;21.00;65.00;0.00
2013-11-22;34.00;23.00;59.00;0.00
2013-11-23;30.00;23.00;77.00;6.10
2013-11-24;29.00;23.00;80.00;0.00
2013-11-25;29.00;22.00;86.00;5.08
2013-11-26;23.00;21.00;94.00;41.91
2013-11-27;28.00;21.00;86.00;2.03
2013-11-28;31.00;22.00;78.00;7.11
2013-11-29;32.00;23.00;81.00;1.02
2013-11-30;31.00;24.00;79.00;0.00
2013-12-1;34.00;24.00;69.00;0.00
2013-12-2;34.00;26.00;66.00;0.00
2013-12-3;36.00;25.00;65.00;0.00
2013-12-4;32.00;24.00;75.00;2.03
2013-12-5;37.00;24.00;73.00;0.00
2013-12-6;31.00;23.00;81.00;2.03
2013-12-7;29.00;25.00;77.00;0.00
2013-12-8;29.00;24.00;85.00;7.87
2013-12-9;33.00;23.00;79.00;18.03
2013-12-10;36.00;24.00;67.00;0.00
2013-12-11;31.00;23.00;77.00;0.00
2013-12-12;25.00;23.00;92.00;45.97
2013-12-13;27.00;22.00;82.00;4.06
2013-12-14;28.00;22.00;87.00;9.91
2013-12-15;28.00;22.00;83.00;6.10
2013-12-16;31.00;23.00;86.00;36.07
2013-12-17;23.00;23.00;96.00;11.94
2013-12-18;23.00;21.00;94.00;54.10
2013-12-19;28.00;21.00;92.00;20.07
2013-12-20;28.00;23.00;91.00;8.89
2013-12-21;24.00;23.00;93.00;16.00
2013-12-22;27.00;22.00;94.00;58.93
2013-12-23;30.00;23.00;87.00;13.97
2013-12-24;29.00;24.00;90.00;8.89
2013-12-25;29.00;24.00;89.00;2.03
2013-12-26;29.00;24.00;89.00;0.76
2013-12-27;33.00;23.00;69.00;0.00
2013-12-28;33.00;24.00;74.00;0.00
2013-12-29;33.00;23.00;85.00;0.00
2013-12-30;34.00;25.00;71.00;0.00
2013-12-31;34.00;25.00;70.00;0.00
2014-1-1;35.00;24.00;67.00;0.00
2014-1-2;34.00;24.00;66.00;0.00
2014-1-3;34.00;24.00;64.00;0.00
2014-1-4;34.00;24.00;65.00;0.00
2014-1-5;32.00;25.00;68.00;0.00
2014-1-6;32.00;22.00;66.00;0.00
2014-1-7;32.00;22.00;70.00;0.00
2014-1-8;31.00;23.00;71.00;0.00
2014-1-9;30.00;23.00;85.00;2.03
2014-1-10;32.00;24.00;79.00;4.06
2014-1-11;33.00;23.00;74.00;0.00
2014-1-12;33.00;24.00;74.00;0.51
2014-1-13;33.00;23.00;69.00;0.00
2014-1-14;32.00;23.00;69.00;0.00
2014-1-15;34.00;24.00;66.00;0.00
2014-1-16;34.00;24.00;62.00;0.00
2014-1-17;34.00;26.00;65.00;0.00
2014-1-18;31.00;23.00;80.00;28.96
2014-1-19;31.00;23.00;80.00;0.25
2014-1-20;32.00;22.00;75.00;0.00
2014-1-21;30.00;25.00;79.00;0.00
2014-1-22;33.00;26.00;72.00;0.00
2014-1-23;34.00;25.00;70.00;0.00
2014-1-24;33.00;26.00;67.00;0.00
2014-1-25;34.00;24.00;66.00;0.00
2014-1-26;33.00;26.00;66.00;0.00
2014-1-27;33.00;24.00;68.00;0.00
2014-1-28;33.00;24.00;67.00;0.00
2014-1-29;33.00;23.00;70.00;0.00
2014-1-30;33.00;24.00;70.00;0.00
2014-1-31;33.00;23.00;68.00;0.00
2014-2-1;34.00;24.00;68.00;0.00
2014-2-2;35.00;24.00;66.00;0.00
2014-2-3;35.00;24.00;68.00;0.00
2014-2-4;34.00;23.00;67.00;0.00
2014-2-5;34.00;23.00;69.00;0.25
2014-2-6;33.00;24.00;71.00;0.00
2014-2-7;34.00;24.00;72.00;0.00
2014-2-8;34.00;23.00;67.00;0.00
2014-2-9;34.00;23.00;66.00;0.00
2014-2-10;34.00;23.00;67.00;0.00
2014-2-11;34.00;24.00;66.00;0.00
2014-2-12;34.00;24.00;67.00;0.00
2014-2-13;34.00;24.00;66.00;0.00
2014-2-14;35.00;26.00;63.00;0.00
2014-2-15;35.00;24.00;63.00;0.00
2014-2-16;34.00;23.00;67.00;0.00
2014-2-17;32.00;23.00;79.00;12.95
2014-2-18;28.00;22.00;85.00;9.91
2014-2-19;30.00;23.00;82.00;0.00
2014-2-20;32.00;22.00;71.00;0.00
2014-2-21;33.00;22.00;69.00;0.00
2014-2-22;33.00;22.00;73.00;0.25
2014-2-23;32.00;23.00;76.00;2.03
2014-2-24;33.00;24.00;74.00;0.00
2014-2-25;33.00;23.00;70.00;2.03
2014-2-26;33.00;24.00;72.00;0.00
2014-2-27;34.00;23.00;66.00;0.00
2014-2-28;35.00;26.00;61.00;0.00
2014-3-1;33.00;25.00;64.00;0.00
2014-3-2;34.00;25.00;66.00;0.00
2014-3-3;33.00;24.00;76.00;2.03
2014-3-4;31.00;23.00;77.00;0.00
2014-3-5;33.00;23.00;72.00;0.00
2014-3-6;33.00;23.00;69.00;0.00
2014-3-7;34.00;25.00;64.00;0.00
2014-3-8;34.00;26.00;63.00;0.00
2014-3-9;33.00;25.00;65.00;0.00
2014-3-10;34.00;25.00;67.00;0.00
2014-3-11;33.00;23.00;68.00;0.00
2014-3-12;33.00;23.00;69.00;0.00
2014-3-13;33.00;24.00;74.00;0.00
2014-3-14;32.00;24.00;75.00;0.25
2014-3-15;34.00;23.00;70.00;0.00
2014-3-16;33.00;23.00;67.00;0.00
2014-3-17;33.00;22.00;67.00;0.00
2014-3-18;32.00;23.00;66.00;0.00
2014-3-19;33.00;23.00;65.00;0.00
2014-3-20;36.00;23.00;63.00;0.00
2014-3-21;36.00;25.00;62.00;0.00
2014-3-22;35.00;26.00;65.00;3.05
2014-3-23;26.00;24.00;87.00;14.99
2014-3-24;29.00;23.00;72.00;0.00
2014-3-25;31.00;23.00;69.00;2.03
2014-3-26;30.00;23.00;81.00;0.00
2014-3-27;32.00;24.00;74.00;0.25
2014-3-28;30.00;23.00;82.00;34.04
2014-3-29;29.00;23.00;84.00;0.51
2014-3-30;32.00;23.00;77.00;0.51
2014-3-31;33.00;24.00;81.00;0.00
2014-4-1;33.00;23.00;77.00;0.00
2014-4-2;33.00;23.00;75.00;0.00
2014-4-3;33.00;24.00;77.00;33.02
2014-4-4;29.00;23.00;79.00;17.02
2014-4-5;29.00;23.00;73.00;0.00
2014-4-6;29.00;21.00;71.00;0.00
2014-4-7;30.00;21.00;67.00;0.00
2014-4-8;31.00;21.00;68.00;0.00
2014-4-9;31.00;24.00;70.00;0.00
2014-4-10;31.00;24.00;67.00;0.00
2014-4-11;30.00;23.00;70.00;0.00
2014-4-12;29.00;22.00;71.00;0.00
2014-4-13;31.00;23.00;70.00;0.00
2014-4-14;31.00;24.00;68.00;0.00
2014-4-15;28.00;24.00;77.00;0.00
2014-4-16;28.00;24.00;69.00;0.00
2014-4-17;29.00;23.00;66.00;0.00
2014-4-18;29.00;24.00;67.00;0.00
2014-4-19;32.00;23.00;70.00;0.00
2014-4-20;33.00;24.00;65.00;0.00
2014-4-21;29.00;25.00;73.00;0.00
2014-4-22;31.00;23.00;72.00;0.00
2014-4-23;33.00;22.00;68.00;0.00
2014-4-24;28.00;23.00;75.00;51.05
2014-4-25;27.00;22.00;62.00;0.00
2014-4-26;27.00;22.00;55.00;0.00
2014-4-27;27.00;21.00;59.00;0.00
2014-4-28;27.00;21.00;55.00;0.00
2014-4-29;27.00;19.00;55.00;2.03
2014-4-30;26.00;18.00;71.00;0.00
2014-5-1;28.00;18.00;59.00;0.00
2014-5-2;30.00;17.00;63.00;0.00
2014-5-3;27.00;17.00;73.00;0.51
2014-5-4;28.00;19.00;74.00;0.00
2014-5-5;30.00;19.00;72.00;0.00
2014-5-6;30.00;19.00;69.00;0.00
2014-5-7;31.00;20.00;71.00;0.00
2014-5-8;31.00;21.00;64.00;0.00
2014-5-9;32.00;21.00;69.00;1.02
2014-5-10;27.00;22.00;61.00;0.00
2014-5-11;24.00;19.00;64.00;0.00
2014-5-12;26.00;18.00;65.00;0.00
2014-5-13;27.00;18.00;69.00;0.00
2014-5-14;27.00;19.00;75.00;0.00
2014-5-15;28.00;19.00;75.00;0.00
2014-5-16;28.00;18.00;73.00;0.00
2014-5-17;28.00;18.00;75.00;0.00
2014-5-18;27.00;20.00;75.00;0.00
2014-5-19;28.00;21.00;74.00;0.00
2014-5-20;28.00;18.00;75.00;0.00
2014-5-21;29.00;21.00;71.00;0.00
2014-5-22;31.00;21.00;67.00;0.00
2014-5-23;29.00;21.00;66.00;0.00
2014-5-24;28.00;21.00;76.00;0.00
2014-5-25;26.00;22.00;72.00;0.00
2014-5-26;29.00;22.00;72.00;0.00
2014-5-27;27.00;24.00;71.00;1.02
2014-5-28;26.00;22.00;74.00;1.02
2014-5-29;26.00;22.00;64.00;0.00
2014-5-30;26.00;19.00;66.00;0.00
2014-5-31;26.00;17.00;71.00;0.00
2014-6-1;28.00;18.00;69.00;0.00
2014-6-2;29.00;18.00;68.00;0.00
2014-6-3;27.00;18.00;70.00;0.00
2014-6-4;26.00;20.00;72.00;0.00
2014-6-5;31.00;18.00;69.00;0.00
2014-6-6;31.00;21.00;61.00;0.00
2014-6-7;29.00;23.00;64.00;0.00
2014-6-8;29.00;19.00;67.00;0.00
2014-6-9;30.00;22.00;65.00;0.00
2014-6-10;27.00;21.00;73.00;1.02
2014-6-11;28.00;20.00;76.00;4.06
2014-6-12;27.00;21.00;73.00;2.03
2014-6-13;24.00;21.00;81.00;6.10
2014-6-14;27.00;21.00;75.00;0.00
2014-6-15;28.00;19.00;74.00;0.00
2014-6-16;26.00;19.00;77.00;0.00
2014-6-17;28.00;18.00;75.00;0.00
2014-6-18;29.00;19.00;71.00;0.00
2014-6-19;26.00;21.00;69.00;0.00
2014-6-20;22.00;20.00;80.00;6.10
2014-6-21;24.00;19.00;79.00;2.03
2014-6-22;25.00;18.00;79.00;0.25
2014-6-23;26.00;17.00;72.00;0.00
2014-6-24;27.00;18.00;71.00;0.00
2014-6-25;27.00;17.00;72.00;0.00
2014-6-26;28.00;18.00;70.00;0.00
2014-6-27;29.00;18.00;70.00;0.00
2014-6-28;28.00;18.00;75.00;0.00
2014-6-29;28.00;22.00;77.00;1.02
2014-6-30;28.00;21.00;68.00;0.00
2014-7-1;31.00;22.00;68.00;0.00
2014-7-2;27.00;19.00;77.00;0.00
2014-7-3;27.00;21.00;76.00;0.00
2014-7-4;28.00;18.00;73.00;0.00
2014-7-5;27.00;18.00;74.00;0.00
2014-7-6;26.00;18.00;79.00;1.02
2014-7-7;27.00;20.00;80.00;8.89
2014-7-8;26.00;20.00;78.00;0.00
2014-7-9;26.00;18.00;78.00;0.00
2014-7-10;27.00;19.00;73.00;0.00
2014-7-11;25.00;19.00;74.00;0.00
2014-7-12;26.00;20.00;68.00;2.03
2014-7-13;25.00;19.00;71.00;2.03
2014-7-14;24.00;16.00;74.00;4.06
2014-7-15;22.00;18.00;79.00;1.02
2014-7-16;27.00;17.00;73.00;0.51
2014-7-17;22.00;20.00;85.00;5.08
2014-7-18;29.00;19.00;64.00;0.00
2014-7-19;24.00;19.00;69.00;0.00
2014-7-20;23.00;19.00;63.00;0.00
2014-7-21;24.00;16.00;70.00;0.00
2014-7-22;26.00;17.00;71.00;0.00
2014-7-23;26.00;18.00;72.00;0.00
2014-7-24;27.00;18.00;69.00;0.00
2014-7-25;29.00;23.00;65.00;0.00
2014-7-26;24.00;20.00;74.00;6.10
2014-7-27;25.00;20.00;78.00;0.00
2014-7-28;26.00;21.00;75.00;4.06
2014-7-29;22.00;19.00;74.00;4.06
2014-7-30;23.00;17.00;71.00;4.06
2014-7-31;23.00;17.00;77.00;0.00
2014-8-1;26.00;16.00;71.00;0.00
2014-8-2;29.00;22.00;70.00;0.00
2014-8-3;29.00;18.00;72.00;0.00
2014-8-4;30.00;22.00;71.00;0.00
2014-8-5;27.00;21.00;65.00;0.00
2014-8-6;24.00;19.00;50.00;0.00
2014-8-7;25.00;16.00;61.00;0.00
2014-8-8;27.00;14.00;64.00;0.00
2014-8-9;26.00;16.00;66.00;0.00
2014-8-10;26.00;18.00;67.00;0.00
2014-8-11;27.00;16.00;66.00;0.00
2014-8-12;29.00;21.00;66.00;0.00
2014-8-13;31.00;22.00;55.00;0.00
2014-8-14;23.00;19.00;73.00;0.00
2014-8-15;23.00;19.00;73.00;1.02
2014-8-16;24.00;21.00;82.00;2.03
2014-8-17;25.00;20.00;85.00;6.10
2014-8-18;26.00;19.00;81.00;2.03
2014-8-19;24.00;18.00;75.00;0.00
2014-8-20;25.00;17.00;76.00;0.00
2014-8-21;26.00;17.00;74.00;0.00
2014-8-22;30.00;18.00;69.00;0.00
2014-8-23;29.00;16.00;69.00;0.00
2014-8-24;28.00;18.00;63.00;0.00
2014-8-25;29.00;18.00;60.00;0.00
2014-8-26;30.00;22.00;60.00;0.00
2014-8-27;31.00;21.00;62.00;0.25
2014-8-28;25.00;20.00;74.00;0.51
2014-8-29;23.00;19.00;75.00;0.76
2014-8-30;24.00;19.00;78.00;14.99
2014-8-31;27.00;20.00;73.00;0.00
2014-9-1;31.00;22.00;66.00;0.00
2014-9-2;27.00;21.00;73.00;0.00
2014-9-3;28.00;19.00;79.00;1.02
2014-9-4;27.00;19.00;71.00;4.06
2014-9-5;24.00;19.00;58.00;0.00
2014-9-6;24.00;19.00;56.00;0.51
2014-9-7;26.00;17.00;62.00;0.00
2014-9-8;26.00;18.00;64.00;0.00
2014-9-9;26.00;19.00;70.00;0.51
2014-9-10;27.00;20.00;67.00;0.00
2014-9-11;28.00;21.00;63.00;0.00
2014-9-12;28.00;19.00;63.00;0.00
2014-9-13;28.00;19.00;68.00;0.00
2014-9-14;27.00;18.00;65.00;0.00
2014-9-15;28.00;18.00;62.00;0.00
2014-9-16;29.00;22.00;60.00;0.00
2014-9-17;26.00;22.00;73.00;0.00
2014-9-18;29.00;21.00;67.00;0.00
2014-9-19;28.00;22.00;65.00;0.00
2014-9-20;32.00;23.00;61.00;0.00
2014-9-21;32.00;21.00;69.00;7.87
2014-9-22;24.00;21.00;61.00;0.00
2014-9-23;25.00;17.00;68.00;0.25
2014-9-24;28.00;18.00;62.00;0.00
2014-9-25;28.00;22.00;61.00;0.00
2014-9-26;30.00;22.00;56.00;0.00
2014-9-27;30.00;23.00;62.00;0.00
2014-9-28;31.00;22.00;66.00;0.00
2014-9-29;30.00;23.00;68.00;0.00
2014-9-30;32.00;24.00;63.00;0.25
2014-10-1;32.00;24.00;65.00;0.00
2014-10-2;29.00;22.00;61.00;0.00
2014-10-3;25.00;19.00;57.00;1.02
2014-10-4;23.00;17.00;60.00;5.08
2014-10-5;24.00;15.00;65.00;2.03
2014-10-6;23.00;17.00;72.00;0.00
2014-10-7;26.00;17.00;70.00;0.00
2014-10-8;26.00;17.00;69.00;0.00
2014-10-9;27.00;17.00;68.00;0.00
2014-10-10;29.00;18.00;64.00;0.00
2014-10-11;31.00;21.00;62.00;0.00
2014-10-12;31.00;23.00;62.00;0.00
2014-10-13;32.00;23.00;64.00;0.00
2014-10-14;33.00;23.00;61.00;0.00
2014-10-15;26.00;23.00;71.00;0.00
2014-10-16;28.00;22.00;72.00;0.00
2014-10-17;32.00;23.00;63.00;0.00
2014-10-18;32.00;23.00;65.00;0.00
2014-10-19;33.00;24.00;63.00;0.00
2014-10-20;32.00;24.00;59.00;0.00
2014-10-21;26.00;21.00;72.00;0.00
2014-10-22;26.00;19.00;65.00;0.00
2014-10-23;24.00;19.00;66.00;0.00
2014-10-24;27.00;19.00;65.00;0.00
2014-10-25;29.00;19.00;64.00;0.00
2014-10-26;29.00;21.00;75.00;18.03
2014-10-27;27.00;20.00;78.00;8.89
2014-10-28;24.00;19.00;81.00;5.08
2014-10-29;22.00;19.00;87.00;5.08
2014-10-30;26.00;20.00;82.00;189.99
2014-10-31;26.00;21.00;79.00;22.10
2014-11-1;27.00;22.00;72.00;0.00
2014-11-2;27.00;21.00;68.00;0.00
2014-11-3;27.00;19.00;68.00;0.00
2014-11-4;28.00;21.00;69.00;0.00
2014-11-5;29.00;21.00;71.00;0.00
2014-11-6;29.00;23.00;72.00;0.00
2014-11-7;27.00;23.00;72.00;0.00
2014-11-8;31.00;22.00;66.00;0.00
2014-11-9;26.00;23.00;73.00;0.00
2014-11-10;26.00;22.00;72.00;0.00
2014-11-11;26.00;22.00;71.00;0.00
2014-11-12;28.00;21.00;75.00;0.00
2014-11-13;29.00;23.00;78.00;7.87
2014-11-14;26.00;23.00;82.00;0.76
2014-11-15;25.00;21.00;68.00;0.00
2014-11-16;26.00;21.00;62.00;0.00
2014-11-17;24.00;20.00;59.00;0.00
2014-11-18;26.00;17.00;61.00;0.00
2014-11-19;25.00;17.00;66.00;0.00
2014-11-20;26.00;20.00;67.00;0.00
2014-11-21;28.00;21.00;72.00;0.00
2014-11-22;28.00;23.00;74.00;0.00
2014-11-23;28.00;23.00;74.00;0.51
2014-11-24;27.00;23.00;77.00;0.00
2014-11-25;28.00;23.00;75.00;0.00
2014-11-26;30.00;23.00;65.00;0.00
2014-11-27;31.00;23.00;65.00;0.00
2014-11-28;27.00;23.00;76.00;19.05
2014-11-29;27.00;22.00;78.00;4.06
2014-11-30;25.00;22.00;82.00;2.03
2014-12-1;28.00;21.00;76.00;0.00
2014-12-2;28.00;20.00;72.00;0.00
2014-12-3;28.00;20.00;72.00;0.00
2014-12-4;29.00;21.00;60.00;0.00
2014-12-5;29.00;22.00;67.00;0.00
2014-12-6;26.00;21.00;78.00;11.94
2014-12-7;27.00;22.00;79.00;2.03
2014-12-8;27.00;22.00;80.00;3.05
2014-12-9;28.00;23.00;73.00;0.00
2014-12-10;28.00;22.00;69.00;0.00
2014-12-11;28.00;23.00;69.00;0.00
2014-12-12;29.00;23.00;69.00;0.00
2014-12-13;30.00;23.00;70.00;0.00
2014-12-14;28.00;24.00;66.00;0.25
2014-12-15;23.00;22.00;80.00;25.91
2014-12-16;27.00;22.00;67.00;0.00
2014-12-17;26.00;19.00;72.00;0.00
2014-12-18;30.00;22.00;72.00;0.00
2014-12-19;31.00;23.00;68.00;0.00
2014-12-20;32.00;23.00;69.00;0.00
2014-12-21;32.00;25.00;68.00;0.00
2014-12-22;30.00;24.00;69.00;0.00
2014-12-23;30.00;24.00;70.00;0.00
2014-12-24;30.00;24.00;66.00;0.00
2014-12-25;31.00;23.00;71.00;0.00
2014-12-26;29.00;23.00;68.00;0.00
2014-12-27;29.00;20.00;66.00;0.00
2014-12-28;32.00;22.00;63.00;0.00
2014-12-29;33.00;23.00;66.00;0.00
2014-12-30;31.00;23.00;67.00;0.00
2014-12-31;31.00;23.00;64.00;0.00
2015-1-1;31.00;23.00;61.00;0.00
2015-1-2;32.00;24.00;64.00;0.00
2015-1-3;32.00;24.00;64.00;0.00
2015-1-4;32.00;23.00;62.00;0.00
2015-1-5;31.00;21.00;64.00;0.00
2015-1-6;29.00;23.00;68.00;0.00
2015-1-7;31.00;22.00;64.00;0.00
2015-1-8;30.00;21.00;64.00;0.00
2015-1-9;30.00;21.00;67.00;0.00
2015-1-10;31.00;22.00;64.00;0.00
2015-1-11;32.00;24.00;63.00;0.00
2015-1-12;32.00;24.00;64.00;0.00
2015-1-13;30.00;25.00;64.00;0.00
2015-1-14;30.00;23.00;66.00;0.00
2015-1-15;31.00;23.00;63.00;0.00
2015-1-16;31.00;24.00;63.00;0.00
2015-1-17;31.00;22.00;64.00;0.00
2015-1-18;33.00;24.00;63.00;0.00
2015-1-19;32.00;24.00;63.00;0.00
2015-1-20;31.00;24.00;63.00;0.00
2015-1-21;31.00;24.00;63.00;0.00
2015-1-22;32.00;24.00;64.00;0.00
2015-1-23;28.00;24.00;67.00;0.00
2015-1-24;31.00;23.00;65.00;0.00
2015-1-25;31.00;22.00;66.00;0.00
2015-1-26;32.00;23.00;66.00;0.00
2015-1-27;31.00;24.00;68.00;0.00
2015-1-28;32.00;24.00;63.00;0.00
2015-1-29;33.00;23.00;63.00;0.00
2015-1-30;34.00;24.00;62.00;0.00
2015-1-31;32.00;23.00;63.00;0.00
2015-2-1;31.00;23.00;67.00;0.00
2015-2-2;32.00;24.00;62.00;0.00
2015-2-3;31.00;24.00;63.00;0.00
2015-2-4;32.00;25.00;61.00;0.00
2015-2-5;29.00;24.00;69.00;4.06
2015-2-6;30.00;24.00;75.00;0.00
2015-2-7;28.00;23.00;80.00;7.11
2015-2-8;29.00;23.00;78.00;17.02
2015-2-9;30.00;23.00;75.00;9.91
2015-2-10;30.00;24.00;70.00;0.00
2015-2-11;31.00;22.00;70.00;0.00
2015-2-12;33.00;22.00;69.00;0.00
2015-2-13;33.00;25.00;65.00;0.00
2015-2-14;31.00;24.00;68.00;0.00
2015-2-15;31.00;23.00;66.00;0.00
2015-2-16;32.00;24.00;64.00;0.00
2015-2-17;32.00;24.00;66.00;0.00
2015-2-18;33.00;25.00;62.00;0.00
2015-2-19;31.00;24.00;67.00;0.00
2015-2-20;31.00;22.00;68.00;0.00
2015-2-21;32.00;22.00;72.00;0.00
2015-2-22;29.00;23.00;77.00;6.10
2015-2-23;31.00;22.00;75.00;0.00
2015-2-24;29.00;21.00;77.00;0.00
2015-2-25;31.00;22.00;70.00;0.00
2015-2-26;33.00;23.00;73.00;0.76
2015-2-27;32.00;23.00;74.00;0.00
2015-2-28;31.00;23.00;68.00;0.00
2015-3-1;28.00;23.00;74.00;6.10
2015-3-2;29.00;23.00;71.00;0.00
2015-3-3;27.00;23.00;84.00;0.00
2015-3-4;28.00;22.00;81.00;0.00
2015-3-5;29.00;21.00;76.00;0.00
2015-3-6;31.00;21.00;71.00;0.00
2015-3-7;32.00;24.00;66.00;0.00
2015-3-8;32.00;25.00;64.00;0.00
2015-3-9;31.00;25.00;67.00;0.00
2015-3-10;31.00;25.00;64.00;0.00
2015-3-11;32.00;24.00;65.00;0.00
2015-3-12;32.00;25.00;65.00;0.00
2015-3-13;32.00;23.00;68.00;0.00
2015-3-14;32.00;24.00;69.00;0.00
2015-3-15;31.00;23.00;69.00;0.00
2015-3-16;32.00;23.00;68.00;0.00
2015-3-17;32.00;23.00;69.00;0.00
2015-3-18;31.00;23.00;69.00;0.00
2015-3-19;29.00;23.00;76.00;0.25
2015-3-20;28.00;23.00;80.00;9.91
2015-3-21;30.00;22.00;80.00;2.03
2015-3-22;31.00;23.00;71.00;0.25
2015-3-23;26.00;22.00;85.00;8.89
2015-3-24;27.00;22.00;78.00;0.00
2015-3-25;28.00;23.00;67.00;0.00
2015-3-26;28.00;19.00;70.00;0.00
2015-3-27;32.00;20.00;68.00;0.00
2015-3-28;30.00;21.00;76.00;0.00
2015-3-29;31.00;21.00;69.00;0.00
2015-3-30;31.00;22.00;69.00;0.00
2015-3-31;33.00;24.00;64.00;0.00
2015-4-1;29.00;23.00;72.00;2.03
2015-4-2;28.00;22.00;73.00;0.00
2015-4-3;27.00;22.00;71.00;0.00
2015-4-4;27.00;21.00;74.00;0.00
2015-4-5;31.00;21.00;72.00;0.00
2015-4-6;32.00;24.00;68.00;0.00
2015-4-7;28.00;22.00;64.00;0.25
2015-4-8;26.00;22.00;59.00;0.00
2015-4-9;22.00;21.00;77.00;1.02
2015-4-10;27.00;19.00;72.00;0.00
2015-4-11;26.00;19.00;69.00;0.00
2015-4-12;28.00;18.00;68.00;0.00
2015-4-13;28.00;18.00;70.00;0.00
2015-4-14;28.00;18.00;70.00;0.00
2015-4-15;29.00;19.00;68.00;0.00
2015-4-16;31.00;19.00;69.00;0.00
2015-4-17;28.00;22.00;79.00;0.00
2015-4-18;30.00;22.00;73.00;0.00
2015-4-19;31.00;21.00;74.00;0.00
2015-4-20;31.00;22.00;72.00;0.00
2015-4-21;34.00;24.00;69.00;1.02
2015-4-22;28.00;23.00;75.00;0.00
2015-4-23;28.00;22.00;72.00;0.25
2015-4-24;27.00;22.00;73.00;0.00
2015-4-25;30.00;22.00;69.00;0.00
2015-4-26;29.00;21.00;59.00;2.03
2015-4-27;25.00;21.00;81.00;0.51
2015-4-28;27.00;19.00;74.00;0.00
2015-4-29;27.00;19.00;75.00;0.00
2015-4-30;27.00;21.00;72.00;11.94
2015-5-1;26.00;20.00;72.00;32.00
2015-5-2;27.00;20.00;83.00;0.00
2015-5-3;27.00;21.00;78.00;0.00
2015-5-4;28.00;20.00;74.00;0.00
2015-5-5;29.00;23.00;73.00;2.03
2015-5-6;25.00;22.00;77.00;0.76
2015-5-7;25.00;20.00;81.00;8.89
2015-5-8;26.00;19.00;78.00;5.08
2015-5-9;24.00;18.00;74.00;0.00
2015-5-10;27.00;17.00;73.00;0.00
2015-5-11;29.00;19.00;71.00;2.03
2015-5-12;26.00;21.00;73.00;0.00
2015-5-13;27.00;21.00;65.00;0.25
2015-5-14;23.00;18.00;78.00;0.51
2015-5-15;25.00;18.00;66.00;3.05
2015-5-16;22.00;18.00;88.00;8.89
2015-5-17;21.00;18.00;90.00;8.89
2015-5-18;26.00;19.00;81.00;5.08
2015-5-19;23.00;19.00;88.00;17.02
2015-5-20;24.00;18.00;85.00;2.03
2015-5-21;25.00;18.00;78.00;1.02
2015-5-22;25.00;18.00;78.00;0.76
2015-5-23;25.00;16.00;76.00;0.00
2015-5-24;24.00;17.00;81.00;0.00
2015-5-25;28.00;17.00;72.00;0.00
2015-5-26;27.00;17.00;79.00;0.00
2015-5-27;27.00;18.00;79.00;0.00
2015-5-28;29.00;22.00;73.00;0.00
2015-5-29;28.00;19.00;80.00;10.92
2015-5-30;27.00;18.00;81.00;0.00
2015-5-31;27.00;21.00;80.00;0.00
2015-6-1;28.00;22.00;77.00;0.25
2015-6-2;24.00;21.00;70.00;0.00
2015-6-3;22.00;18.00;76.00;0.00
2015-6-4;25.00;18.00;74.00;0.00
2015-6-5;24.00;19.00;86.00;3.05
2015-6-6;27.00;19.00;81.00;0.76
2015-6-7;26.00;18.00;77.00;0.00
2015-6-8;27.00;16.00;74.00;0.00
2015-6-9;27.00;17.00;77.00;0.00
2015-6-10;28.00;18.00;77.00;0.00
2015-6-11;30.00;19.00;73.00;0.00
2015-6-12;31.00;19.00;73.00;0.00
2015-6-13;28.00;19.00;72.00;0.00
2015-6-14;29.00;22.00;64.00;0.00
2015-6-15;33.00;20.00;64.00;0.00
2015-6-16;23.00;21.00;78.00;0.00
2015-6-17;25.00;21.00;80.00;0.00
2015-6-18;28.00;18.00;76.00;0.00
2015-6-19;26.00;18.00;73.00;3.05
2015-6-20;24.00;20.00;73.00;0.00
2015-6-21;24.00;19.00;70.00;6.10
2015-6-22;24.00;19.00;84.00;0.00
2015-6-23;27.00;17.00;76.00;0.00
2015-6-24;26.00;18.00;79.00;19.05
2015-6-25;22.00;18.00;77.00;2.03
2015-6-26;22.00;17.00;80.00;5.08
2015-6-27;23.00;17.00;72.00;0.00
2015-6-28;22.00;17.00;85.00;0.00
2015-6-29;24.00;17.00;80.00;1.02
2015-6-30;26.00;18.00;78.00;0.00
2015-7-1;28.00;19.00;75.00;0.00
2015-7-2;27.00;18.00;76.00;0.00
2015-7-3;26.00;18.00;77.00;0.00
2015-7-4;31.00;20.00;65.00;0.00
2015-7-5;22.00;19.00;65.00;0.00
2015-7-6;22.00;19.00;74.00;0.51
2015-7-7;22.00;18.00;83.00;0.00
2015-7-8;25.00;16.00;79.00;0.00
2015-7-9;27.00;17.00;76.00;0.00
2015-7-10;24.00;18.00;82.00;0.00
2015-7-11;26.00;17.00;81.00;0.00
2015-7-12;26.00;20.00;74.00;0.00
2015-7-13;26.00;19.00;77.00;0.00
2015-7-14;27.00;17.00;76.00;0.00
2015-7-15;26.00;16.00;79.00;0.00
2015-7-16;26.00;19.00;82.00;2.03
2015-7-17;26.00;18.00;79.00;0.00
2015-7-18;26.00;17.00;78.00;0.00
2015-7-19;25.00;17.00;81.00;0.00
2015-7-20;24.00;16.00;82.00;0.00
2015-7-21;28.00;18.00;72.00;0.00
2015-7-22;26.00;19.00;73.00;0.00
2015-7-23;23.00;20.00;79.00;1.02
2015-7-24;25.00;18.00;78.00;0.00
2015-7-25;28.00;19.00;75.00;0.00
2015-7-26;28.00;21.00;74.00;0.00
2015-7-27;27.00;22.00;73.00;0.00
2015-7-28;28.00;21.00;71.00;0.00
2015-7-29;28.00;21.00;72.00;0.00
2015-7-30;27.00;17.00;75.00;0.00
2015-7-31;27.00;17.00;77.00;0.00
2015-8-1;27.00;17.00;74.00;0.00
2015-8-2;27.00;17.00;68.00;0.00
2015-8-3;28.00;15.00;67.00;0.00
2015-8-4;30.00;16.00;61.00;0.00
2015-8-5;28.00;14.00;71.00;0.00
2015-8-6;32.00;18.00;66.00;0.00
2015-8-7;31.00;21.00;69.00;0.00
2015-8-8;25.00;19.00;82.00;3.05
2015-8-9;26.00;20.00;85.00;2.03
2015-8-10;24.00;19.00;81.00;3.05
2015-8-11;25.00;18.00;73.00;0.00
2015-8-12;21.00;17.00;88.00;2.03
2015-8-13;22.00;16.00;86.00;5.08
2015-8-14;24.00;18.00;79.00;1.02
2015-8-15;24.00;17.00;76.00;0.00
2015-8-16;26.00;17.00;76.00;0.51
2015-8-17;27.00;19.00;78.00;0.00
2015-8-18;26.00;19.00;75.00;0.00
2015-8-19;27.00;17.00;70.00;0.00
2015-8-20;25.00;20.00;68.00;0.00
2015-8-21;26.00;18.00;67.00;0.00
2015-8-22;24.00;18.00;78.00;0.00
2015-8-23;26.00;18.00;76.00;0.00
2015-8-24;27.00;17.00;67.00;0.00
2015-8-25;26.00;19.00;76.00;0.00
2015-8-26;28.00;18.00;72.00;0.00
2015-8-27;26.00;19.00;77.00;2.03
2015-8-28;26.00;22.00;75.00;0.00
2015-8-29;23.00;19.00;71.00;0.00
2015-8-30;27.00;17.00;74.00;0.00
2015-8-31;29.00;18.00;73.00;0.00
2015-9-1;32.00;21.00;63.00;0.00
2015-9-2;23.00;19.00;73.00;0.00
2015-9-3;25.00;18.00;71.00;0.00
2015-9-4;31.00;21.00;73.00;0.00
2015-9-5;26.00;20.00;76.00;5.08
2015-9-6;24.00;19.00;84.00;0.00
2015-9-7;31.00;21.00;71.00;0.00
2015-9-8;26.00;21.00;71.00;0.00
2015-9-9;29.00;23.00;66.00;0.00
2015-9-10;27.00;22.00;73.00;0.00
2015-9-11;31.00;23.00;68.00;0.00
2015-9-12;28.00;21.00;78.00;0.00
2015-9-13;22.00;20.00;83.00;2.03
2015-9-14;23.00;19.00;85.00;4.06
2015-9-15;27.00;21.00;82.00;0.25
2015-9-16;27.00;21.00;73.00;0.00
2015-9-17;30.00;20.00;68.00;0.00
2015-9-18;28.00;22.00;67.00;0.00
2015-9-19;29.00;22.00;66.00;0.00
2015-9-20;29.00;21.00;67.00;0.00
2015-9-21;28.00;21.00;69.00;0.00
2015-9-22;29.00;21.00;62.00;0.00
2015-9-23;29.00;21.00;63.00;0.00
2015-9-24;33.00;23.00;62.00;0.00
2015-9-25;32.00;23.00;64.00;0.00
2015-9-26;27.00;21.00;70.00;0.00
2015-9-27;29.00;22.00;67.00;0.00
2015-9-28;31.00;22.00;56.00;0.00
2015-9-29;31.00;22.00;64.00;0.00
2015-9-30;31.00;23.00;65.00;0.00
2015-10-1;31.00;23.00;66.00;0.00
2015-10-2;29.00;22.00;66.00;0.00
2015-10-3;31.00;22.00;64.00;0.00
2015-10-4;31.00;23.00;67.00;0.00
2015-10-5;24.00;21.00;74.00;0.00
2015-10-6;24.00;20.00;66.00;0.00
2015-10-7;25.00;19.00;68.00;0.00
2015-10-8;27.00;19.00;63.00;0.00
2015-10-9;28.00;22.00;58.00;0.00
2015-10-10;32.00;22.00;63.00;0.00
2015-10-11;30.00;23.00;63.00;0.00
2015-10-12;29.00;22.00;62.00;0.00
2015-10-13;29.00;22.00;66.00;0.00
2015-10-14;31.00;23.00;67.00;0.00
2015-10-15;32.00;24.00;66.00;0.00
2015-10-16;32.00;23.00;64.00;0.00
2015-10-17;31.00;22.00;65.00;0.00
2015-10-18;27.00;22.00;71.00;0.00
2015-10-19;22.00;20.00;80.00;0.25
2015-10-20;26.00;19.00;73.00;0.00
2015-10-21;34.00;23.00;67.00;0.00
2015-10-22;33.00;23.00;66.00;0.00
2015-10-23;32.00;23.00;69.00;0.00
2015-10-24;29.00;23.00;65.00;0.00
2015-10-25;26.00;21.00;73.00;1.02
2015-10-26;25.00;21.00;72.00;0.00
2015-10-27;28.00;23.00;68.00;0.00
2015-10-28;29.00;23.00;73.00;0.00
2015-10-29;28.00;22.00;81.00;0.25
2015-10-30;25.00;22.00;93.00;2.03
2015-10-31;28.00;23.00;83.00;2.03
2015-11-1;32.00;24.00;75.00;0.51
2015-11-2;31.00;24.00;73.00;0.00
2015-11-3;34.00;24.00;65.00;0.00
2015-11-4;34.00;25.00;63.00;0.00
2015-11-5;32.00;24.00;75.00;0.00
2015-11-6;31.00;22.00;75.00;0.00
2015-11-7;31.00;24.00;71.00;0.00
2015-11-8;31.00;22.00;73.00;0.00
2015-11-9;33.00;25.00;69.00;0.00
2015-11-10;31.00;24.00;74.00;0.00
2015-11-11;31.00;24.00;73.00;0.00
2015-11-12;36.00;24.00;69.00;0.00
2015-11-13;31.00;24.00;71.00;0.00
2015-11-14;35.00;25.00;70.00;0.00
2015-11-15;37.00;26.00;69.00;0.25
2015-11-16;27.00;25.00;81.00;0.00
2015-11-17;29.00;24.00;91.00;0.00
2015-11-18;32.00;24.00;77.00;0.00
2015-11-19;33.00;25.00;74.00;0.00
2015-11-20;33.00;25.00;71.00;0.00
2015-11-21;31.00;22.00;77.00;8.89
2015-11-22;27.00;21.00;79.00;0.76
2015-11-23;28.00;22.00;77.00;0.00
2015-11-24;29.00;24.00;83.00;0.00
2015-11-25;29.00;24.00;84.00;0.00
2015-11-26;26.00;23.00;89.00;1.02
2015-11-27;27.00;21.00;82.00;2.03
2015-11-28;29.00;22.00;81.00;3.05
2015-11-29;32.00;24.00;74.00;0.00
2015-11-30;34.00;26.00;72.00;0.00
2015-12-1;28.00;25.00;84.00;0.00
2015-12-2;29.00;24.00;85.00;0.51
2015-12-3;29.00;25.00;92.00;6.10
2015-12-4;28.00;24.00;86.00;0.00
2015-12-5;34.00;25.00;75.00;0.00
2015-12-6;37.00;26.00;60.00;0.00
2015-12-7;30.00;23.00;85.00;12.95
2015-12-8;26.00;22.00;90.00;5.08
2015-12-9;31.00;23.00;79.00;0.00
2015-12-10;33.00;24.00;67.00;0.00
2015-12-11;31.00;25.00;72.00;0.00
2015-12-12;32.00;24.00;75.00;0.00
2015-12-13;32.00;25.00;75.00;0.00
2015-12-14;33.00;26.00;71.00;0.00
2015-12-15;32.00;24.00;71.00;0.00
2015-12-16;33.00;24.00;70.00;0.00
2015-12-17;32.00;24.00;74.00;0.00
2015-12-18;32.00;25.00;71.00;0.00
2015-12-19;32.00;25.00;65.00;0.00
2015-12-20;33.00;25.00;69.00;0.00
2015-12-21;32.00;24.00;70.00;0.00
2015-12-22;31.00;24.00;72.00;0.00
2015-12-23;31.00;23.00;73.00;0.00
2015-12-24;32.00;23.00;71.00;0.00
2015-12-25;34.00;25.00;70.00;0.00
2015-12-26;33.00;23.00;74.00;35.05
2015-12-27;33.00;26.00;66.00;0.00
2015-12-28;34.00;25.00;66.00;0.00
2015-12-29;32.00;26.00;72.00;0.00
2015-12-30;33.00;25.00;74.00;0.00
2015-12-31;33.00;26.00;72.00;0.00
2016-1-1;36.00;25.00;70.00;0.00
2016-1-2;33.00;24.00;74.00;0.76
2016-1-3;28.00;24.00;90.00;0.00
2016-1-4;29.00;24.00;76.00;0.00
2016-1-5;29.00;21.00;73.00;0.51
2016-1-6;28.00;22.00;77.00;0.00
2016-1-7;32.00;23.00;74.00;0.00
2016-1-8;33.00;25.00;69.00;0.00
2016-1-9;32.00;26.00;73.00;0.00
2016-1-10;33.00;25.00;71.00;0.00
2016-1-11;33.00;26.00;74.00;0.00
2016-1-12;31.00;27.00;79.00;1.02
2016-1-13;35.00;25.00;68.00;0.00
2016-1-14;35.00;24.00;68.00;0.00
2016-1-15;34.00;26.00;69.00;0.76
