2010-1-2;32;24;65;0.0
2010-1-3;29;23;73;0.0
2010-1-4;29;22;74;0.0
2010-1-5;27;22;78;0.0
2010-1-6;24;22;90;0.0
2010-1-7;28;22;76;0.0
2010-1-8;28;22;76;0.0
2010-1-9;25;22;94;0.0
2010-1-10;28;20;76;0.0
2010-1-11;29;22;73;0.0
2010-1-12;28;23;72;0.0
2010-1-13;28;23;73;0.0
2010-1-14;25;22;81;0.0
2010-1-15;24;22;87;0.0
2010-1-16;25;22;81;0.0
2010-1-17;27;20;75;0.0
2010-1-18;28;24;73;0.0
2010-1-19;27;19;81;0.0
2010-1-20;25;21;80;0.0
2010-1-21;;;;
2010-1-22;;;;
2010-1-23;;;;
2010-1-24;;;;
2010-1-25;;;;
2010-1-26;;;;
2010-1-27;;;;
2010-1-28;;;;
2010-1-29;;;;
2010-1-30;;;;
2010-1-31;;;;
2010-2-1;31;22;71;0.0
2010-2-2;29;23;69;0.0
2010-2-3;31;24;65;0.0
2010-2-4;30;23;70;0.0
2010-2-5;28;23;80;0.0
2010-2-6;30;24;66;0.0
2010-2-7;28;24;73;0.0
2010-2-8;25;22;90;0.0
2010-2-9;27;23;77;0.0
2010-2-10;26;23;83;0.0
2010-2-11;29;22;73;0.0
2010-2-12;28;22;76;0.0
2010-2-13;23;22;94;0.0
2010-2-14;26;22;83;0.0
2010-2-15;29;23;70;0.0
2010-2-16;31;24;73;0.0
2010-2-17;32;24;74;0.0
2010-2-18;29;23;88;0.0
2010-2-19;25;21;76;0.0
2010-2-20;;;;
2010-2-21;;;;
2010-2-22;;;;
2010-2-23;;;;
2010-2-24;;;;
2010-2-25;;;;
2010-2-26;;;;
2010-2-27;;;;
2010-2-28;;;;
2010-3-1;25;21;92;0.0
2010-3-2;26;20;84;0.0
2010-3-3;24;20;83;0.0
2010-3-4;26;21;85;0.0
2010-3-5;27;22;84;0.0
2010-3-6;28;20;81;0.0
2010-3-7;29;20;80;0.0
2010-3-8;29;20;77;0.0
2010-3-9;30;21;79;0.0
2010-3-10;31;24;69;0.0
2010-3-11;23;22;98;0.0
2010-3-12;24;23;93;0.0
2010-3-13;27;20;84;0.0
2010-3-14;27;21;80;0.0
2010-3-15;29;22;77;0.0
2010-3-16;29;23;83;0.0
2010-3-17;28;22;83;0.0
2010-3-18;26;22;92;0.0
2010-3-19;27;22;89;0.0
2010-3-20;25;22;84;0.0
2010-3-21;27;22;86;0.0
2010-3-22;26;22;88;0.0
2010-3-23;25;24;79;0.0
2010-3-24;;;;
2010-3-25;;;;
2010-3-26;;;;
2010-3-27;;;;
2010-3-28;;;;
2010-3-29;;;;
2010-3-30;;;;
2010-3-31;;;;
2010-4-1;25;21;84;0.0
2010-4-2;25;21;84;0.0
2010-4-3;21;17;90;0.0
2010-4-4;16;14;87;0.0
2010-4-5;18;15;81;0.0
2010-4-6;20;15;75;0.0
2010-4-7;23;15;71;0.0
2010-4-8;24;17;68;0.0
2010-4-9;25;19;65;0.0
2010-4-10;24;17;68;0.0
2010-4-11;26;18;66;0.0
2010-4-12;25;20;59;0.0
2010-4-13;29;20;56;0.0
2010-4-14;26;22;55;0.0
2010-4-15;25;23;67;0.0
2010-4-16;30;22;71;0.0
2010-4-17;29;21;78;0.0
2010-4-18;23;20;85;0.0
2010-4-19;25;20;76;0.0
2010-4-20;22;18;74;0.0
2010-4-21;;;;
2010-4-22;;;;
2010-4-23;;;;
2010-4-24;;;;
2010-4-25;;;;
2010-4-26;;;;
2010-4-27;;;;
2010-4-28;;;;
2010-4-29;;;;
2010-4-30;;;;
2010-5-1;23;15;65;0.0
2010-5-2;27;18;60;0.0
2010-5-3;25;18;84;0.0
2010-5-4;27;17;83;0.0
2010-5-5;25;21;77;0.0
2010-5-6;18;14;79;0.0
2010-5-7;18;14;85;0.0
2010-5-8;17;10;84;0.0
2010-5-9;19;9;78;0.0
2010-5-10;18;13;78;0.0
2010-5-11;23;18;64;0.0
2010-5-12;21;18;61;0.0
2010-5-13;16;15;91;0.0
2010-5-14;20;11;82;0.0
2010-5-15;18;11;66;0.0
2010-5-16;19;16;65;0.0
2010-5-17;24;19;66;0.0
2010-5-18;22;17;63;0.0
2010-5-19;20;15;76;0.0
2010-5-20;16;14;80;0.0
2010-5-21;17;12;86;0.0
2010-5-22;;;;
2010-5-23;;;;
2010-5-24;;;;
2010-5-25;;;;
2010-5-26;;;;
2010-5-27;;;;
2010-5-28;;;;
2010-5-29;;;;
2010-5-30;;;;
2010-5-31;;;;
2010-6-1;18;12;81;0.0
2010-6-2;14;12;93;0.0
2010-6-3;21;18;68;0.0
2010-6-4;16;16;52;0.0
2010-6-5;18;14;67;0.0
2010-6-6;17;13;70;0.0
2010-6-7;19;15;76;0.0
2010-6-8;18;14;82;0.0
2010-6-9;17;13;76;0.0
2010-6-10;20;14;76;0.0
2010-6-11;20;15;73;0.0
2010-6-12;21;16;66;0.0
2010-6-13;20;16;64;0.0
2010-6-14;22;17;56;0.0
2010-6-15;24;18;69;0.0
2010-6-16;20;17;74;0.0
2010-6-17;24;16;72;0.0
2010-6-18;23;16;72;0.0
2010-6-19;20;15;56;0.0
2010-6-20;18;14;59;0.0
2010-6-21;17;14;68;0.0
2010-6-22;;;;
2010-6-23;;;;
2010-6-24;;;;
2010-6-25;;;;
2010-6-26;;;;
2010-6-27;;;;
2010-6-28;;;;
2010-6-29;;;;
2010-6-30;;;;
2010-7-1;20;15;64;0.0
2010-7-2;18;14;64;0.0
2010-7-3;19;14;63;0.0
2010-7-4;21;14;59;0.0
2010-7-5;25;15;60;0.0
2010-7-6;23;16;60;0.0
2010-7-7;24;16;62;0.0
2010-7-8;31;20;77;0.0
2010-7-9;12;11;86;0.0
2010-7-10;16;15;84;0.0
2010-7-11;17;15;92;0.0
2010-7-12;22;17;65;0.0
2010-7-13;22;15;72;0.0
2010-7-14;25;17;61;0.0
2010-7-15;25;19;50;0.0
2010-7-16;26;19;62;0.0
2010-7-17;20;15;63;0.0
2010-7-18;19;17;67;0.0
2010-7-19;23;19;57;0.0
2010-7-20;25;19;52;0.0
2010-7-21;;;;
2010-7-22;;;;
2010-7-23;;;;
2010-7-24;;;;
2010-7-25;;;;
2010-7-26;;;;
2010-7-27;;;;
2010-7-28;;;;
2010-7-29;;;;
2010-7-30;;;;
2010-7-31;;;;
2010-8-1;22;17;67;0.0
2010-8-2;21;15;72;0.0
2010-8-3;18;13;71;0.0
2010-8-4;17;12;75;0.0
2010-8-5;16;12;87;0.0
2010-8-6;25;16;53;0.0
2010-8-7;21;15;59;0.0
2010-8-8;20;14;61;0.0
2010-8-9;26;17;56;0.0
2010-8-10;24;20;57;0.0
2010-8-11;14;8;72;0.0
2010-8-12;17;10;66;0.0
2010-8-13;21;11;71;0.0
2010-8-14;21;15;47;0.0
2010-8-15;20;12;50;0.0
2010-8-16;27;15;50;0.0
2010-8-17;27;18;34;0.0
2010-8-18;26;17;39;0.0
2010-8-19;28;16;42;0.0
2010-8-20;28;16;41;0.0
2010-8-21;27;21;31;0.0
2010-8-22;24;20;54;0.0
2010-8-23;;;;
2010-8-24;;;;
2010-8-25;;;;
2010-8-26;;;;
2010-8-27;;;;
2010-8-28;;;;
2010-8-29;;;;
2010-8-30;;;;
2010-8-31;;;;
2010-9-1;27;21;47;0.0
2010-9-2;27;18;47;0.0
2010-9-3;29;19;44;0.0
2010-9-4;22;16;54;0.0
2010-9-5;23;16;77;0.0
2010-9-6;19;15;76;0.0
2010-9-7;25;16;65;0.0
2010-9-8;29;16;34;0.0
2010-9-9;28;22;30;0.0
2010-9-10;25;19;67;0.0
2010-9-11;26;19;56;0.0
2010-9-12;26;22;56;0.0
2010-9-13;26;18;58;0.0
2010-9-14;27;21;48;0.0
2010-9-15;31;24;49;0.0
2010-9-16;32;23;44;0.0
2010-9-17;24;21;75;0.0
2010-9-18;19;19;100;0.0
2010-9-19;20;19;100;0.0
2010-9-20;23;18;90;0.0
2010-9-21;21;19;99;0.0
2010-9-22;;;;
2010-9-23;;;;
2010-9-24;;;;
2010-9-25;;;;
2010-9-26;;;;
2010-9-27;;;;
2010-9-28;;;;
2010-9-29;;;;
2010-9-30;;;;
2010-10-1;25;20;91;0.0
2010-10-2;23;16;73;0.0
2010-10-3;26;21;61;0.0
2010-10-4;28;21;60;0.0
2010-10-5;24;21;85;0.0
2010-10-6;23;18;79;0.0
2010-10-7;21;14;59;0.0
2010-10-8;21;13;58;0.0
2010-10-9;27;19;55;0.0
2010-10-10;25;21;77;0.0
2010-10-11;26;20;81;0.0
2010-10-12;24;19;64;0.0
2010-10-13;20;18;73;0.0
2010-10-14;24;18;51;0.0
2010-10-15;26;20;48;0.0
2010-10-16;28;22;67;0.0
2010-10-16;28;22;60;0.0
2010-10-18;26;19;62;0.0
2010-10-19;27;18;48;0.0
2010-10-20;30;19;42;0.0
2010-10-21;;;;
2010-10-22;;;;
2010-10-23;;;;
2010-10-24;;;;
2010-10-25;;;;
2010-10-26;;;;
2010-10-27;;;;
2010-10-28;;;;
2010-10-29;;;;
2010-10-30;;;;
2010-10-31;;;;
2010-11-1;27;21;76;0.0
2010-11-2;27;16;62;0.0
2010-11-3;29;23;42;0.0
2010-11-4;30;25;48;0.0
2010-11-5;30;23;41;0.0
2010-11-6;30;23;53;0.0
2010-11-7;26;23;71;0.0
2010-11-8;24;20;66;0.0
2010-11-9;23;18;76;0.0
2010-11-10;25;23;74;0.0
2010-11-11;28;21;62;0.0
2010-11-12;29;19;61;0.0
2010-11-13;29;18;51;0.0
2010-11-14;25;24;82;0.0
2010-11-15;24;21;92;0.0
2010-11-16;28;22;71;0.0
2010-11-17;30;24;57;0.0
2010-11-18;30;25;51;0.0
2010-11-19;24;23;74;0.0
2010-11-20;28;24;67;0.0
2010-11-21;;;;
2010-11-22;;;;
2010-11-23;;;;
2010-11-24;;;;
2010-11-25;;;;
2010-11-26;;;;
2010-11-27;;;;
2010-11-28;;;;
2010-11-29;;;;
2010-11-30;;;;
2010-12-1;29;23;58;0.0
2010-12-2;30;26;62;0.0
2010-12-3;29;22;76;0.0
2010-12-4;29;23;63;0.0
2010-12-5;30;24;67;0.0
2010-12-6;30;24;65;0.0
2010-12-7;30;23;60;0.0
2010-12-8;26;23;84;0.0
2010-12-9;21;18;86;0.0
2010-12-10;21;18;90;0.0
2010-12-11;24;21;75;0.0
2010-12-12;25;21;88;0.0
2010-12-13;21;21;94;0.0
2010-12-14;30;23;63;0.0
2010-12-15;26;23;71;0.0
2010-12-16;29;22;72;0.0
2010-12-17;27;23;75;0.0
2010-12-18;27;22;87;0.0
2010-12-19;26;24;87;0.0
2010-12-20;25;22;83;0.0
2010-12-21;28;25;68;0.0
2010-12-22;26;21;65;0.0
2010-12-23;27;21;63;0.0
2010-12-24;;;;
2010-12-25;;;;
2010-12-26;;;;
2010-12-27;;;;
2010-12-28;;;;
2010-12-29;;;;
2010-12-30;;;;
2010-12-31;;;;
2011-1-1;24;21;92;0.0
2011-1-2;29;22;70;0.0
2011-1-3;28;21;78;0.0
2011-1-4;28;21;69;0.0
2011-1-5;26;21;77;0.0
2011-1-6;26;24;90;0.0
2011-1-7;25;24;93;0.0
2011-1-8;26;23;85;0.0
2011-1-9;26;23;91;0.0
2011-1-10;26;22;78;0.0
2011-1-11;25;21;91;0.0
2011-1-12;26;20;83;0.0
2011-1-13;25;21;84;0.0
2011-1-14;27;22;82;0.0
2011-1-15;28;24;66;0.0
2011-1-16;31;24;64;0.0
2011-1-17;31;24;60;0.0
2011-1-18;29;23;62;0.0
2011-1-19;31;23;65;0.0
2011-1-20;29;24;63;0.0
2011-1-21;31;24;61;0.0
2011-1-22;;;;
2011-1-23;;;;
2011-1-24;;;;
2011-1-25;;;;
2011-1-26;;;;
2011-1-27;;;;
2011-1-28;;;;
2011-1-29;;;;
2011-1-30;;;;
2011-1-31;;;;
2011-2-1;27;22;85;0.0
2011-2-2;27;21;83;0.0
2011-2-3;27;22;78;0.0
2011-2-4;26;21;82;0.0
2011-2-5;27;22;73;0.0
2011-2-6;27;23;77;0.0
2011-2-7;26;22;81;0.0
2011-2-8;26;22;77;0.0
2011-2-9;26;24;74;0.0
2011-2-10;26;22;88;0.0
2011-2-11;25;22;81;0.0
2011-2-12;26;23;76;0.0
2011-2-13;28;23;71;0.0
2011-2-14;28;22;74;0.0
2011-2-15;26;22;72;0.0
2011-2-16;27;23;74;0.0
2011-2-17;29;23;71;0.0
2011-2-18;26;23;75;0.0
2011-2-19;27;24;68;0.0
2011-2-20;23;22;98;0.0
2011-2-21;;;;
2011-2-22;;;;
2011-2-23;;;;
2011-2-24;;;;
2011-2-25;;;;
2011-2-26;;;;
2011-2-27;;;;
2011-2-28;;;;
2011-3-1;24;20;95;0.0
2011-3-2;22;20;100;0.0
2011-3-3;22;20;100;0.0
2011-3-4;21;20;100;0.0
2011-3-5;23;20;96;0.0
2011-3-6;25;20;86;0.0
2011-3-7;25;21;90;0.0
2011-3-8;25;22;83;0.0
2011-3-9;25;24;76;0.0
2011-3-10;24;22;84;0.0
2011-3-11;24;21;85;0.0
2011-3-12;27;20;83;0.0
2011-3-13;25;21;86;0.0
2011-3-14;23;21;88;0.0
2011-3-15;23;22;85;0.0
2011-3-16;24;22;85;0.0
2011-3-17;24;19;86;0.0
2011-3-18;27;20;79;0.0
2011-3-19;26;24;76;0.0
2011-3-20;26;21;79;0.0
2011-3-21;26;22;74;0.0
2011-3-22;28;20;74;0.0
2011-3-23;;;;
2011-3-24;;;;
2011-3-25;;;;
2011-3-26;;;;
2011-3-27;;;;
2011-3-28;;;;
2011-3-29;;;;
2011-3-30;;;;
2011-3-31;;;;
2011-4-1;27;20;74;0.0
2011-4-2;26;22;82;0.0
2011-4-3;26;19;87;0.0
2011-4-4;19;18;96;0.0
2011-4-5;25;19;72;0.0
2011-4-6;24;18;78;0.0
2011-4-7;25;19;68;0.0
2011-4-8;27;20;61;0.0
2011-4-9;25;19;88;0.0
2011-4-10;26;20;74;0.0
2011-4-11;27;21;70;0.0
2011-4-12;28;22;69;0.0
2011-4-13;27;21;74;0.0
2011-4-14;28;22;70;0.0
2011-4-15;26;22;72;0.0
2011-4-16;20;19;85;0.0
2011-4-17;24;18;78;0.0
2011-4-18;20;17;86;0.0
2011-4-19;20;17;88;0.0
2011-4-20;;;;
2011-4-21;;;;
2011-4-22;;;;
2011-4-23;;;;
2011-4-24;;;;
2011-4-25;;;;
2011-4-26;;;;
2011-4-27;;;;
2011-4-28;;;;
2011-4-29;;;;
2011-4-30;;;;
2011-5-1;20;18;82;0.0
2011-5-2;19;12;75;0.0
2011-5-3;20;18;84;0.0
2011-5-4;22;16;68;0.0
2011-5-5;25;18;69;0.0
2011-5-6;23;17;76;0.0
2011-5-7;24;17;77;0.0
2011-5-8;25;18;72;0.0
2011-5-9;24;18;75;0.0
2011-5-10;24;18;75;0.0
2011-5-11;19;17;80;0.0
2011-5-12;19;14;77;0.0
2011-5-13;18;13;80;0.0
2011-5-14;18;14;62;0.0
2011-5-15;20;15;75;0.0
2011-5-16;22;14;69;0.0
2011-5-17;23;18;50;0.0
2011-5-18;25;14;53;0.0
2011-5-19;20;16;55;0.0
2011-5-20;23;19;51;0.0
2011-5-21;12;10;80;0.0
2011-5-22;16;12;72;0.0
2011-5-23;;;;
2011-5-24;;;;
2011-5-25;;;;
2011-5-26;;;;
2011-5-27;;;;
2011-5-28;;;;
2011-5-29;;;;
2011-5-30;;;;
2011-5-31;;;;
2011-6-1;18;12;74;0.0
2011-6-2;17;13;69;0.0
2011-6-3;20;15;68;0.0
2011-6-4;15;13;61;0.0
2011-6-5;23;17;60;0.0
2011-6-6;16;9;76;0.0
2011-6-7;20;17;80;0.0
2011-6-8;17;14;96;0.0
2011-6-9;20;15;71;0.0
2011-6-10;18;15;70;0.0
2011-6-11;18;13;76;0.0
2011-6-12;18;13;75;0.0
2011-6-13;18;13;76;0.0
2011-6-14;23;15;61;0.0
2011-6-15;24;16;63;0.0
2011-6-16;25;17;62;0.0
2011-6-17;23;17;65;0.0
2011-6-18;9;7;76;0.0
2011-6-19;7;2;74;0.0
2011-6-20;18;11;48;0.0
2011-6-21;20;15;62;0.0
2011-6-22;;;;
2011-6-23;;;;
2011-6-24;;;;
2011-6-25;;;;
2011-6-26;;;;
2011-6-27;;;;
2011-6-28;;;;
2011-6-29;;;;
2011-6-30;;;;
2011-7-1;21;18;72;0.0
2011-7-2;13;12;76;0.0
2011-7-3;14;10;81;0.0
2011-7-4;19;11;74;0.0
2011-7-5;20;12;68;0.0
2011-7-6;24;16;61;0.0
2011-7-7;14;14;72;0.0
2011-7-8;20;13;62;0.0
2011-7-9;23;19;72;0.0
2011-7-10;19;17;85;0.0
2011-7-11;25;17;68;0.0
2011-7-12;28;19;68;0.0
2011-7-13;22;20;73;0.0
2011-7-14;22;18;82;0.0
2011-7-15;25;16;65;0.0
2011-7-16;24;17;55;0.0
2011-7-17;24;15;58;0.0
2011-7-18;26;20;55;0.0
2011-7-19;;;;
2011-7-20;;;;
2011-7-21;;;;
2011-7-22;;;;
2011-7-23;;;;
2011-7-24;;;;
2011-7-25;;;;
2011-7-26;;;;
2011-7-27;;;;
2011-7-28;;;;
2011-7-29;;;;
2011-7-30;;;;
2011-7-31;;;;
2011-8-1;25;18;77;0.0
2011-8-2;15;14;90;0.0
2011-8-3;10;10;82;0.0
2011-8-4;11;6;83;0.0
2011-8-5;12;8;72;0.0
2011-8-6;16;16;55;0.0
2011-8-7;24;18;46;0.0
2011-8-8;30;30;29;0.0
2011-8-9;18;13;76;0.0
2011-8-10;24;16;76;0.0
2011-8-11;25;18;76;0.0
2011-8-12;23;19;74;0.0
2011-8-13;27;20;50;0.0
2011-8-14;30;21;46;0.0
2011-8-15;23;21;68;0.0
2011-8-16;;;;
2011-8-17;;;;
2011-8-18;;;;
2011-8-19;;;;
2011-8-20;;;;
2011-8-21;;;;
2011-8-22;;;;
2011-8-23;;;;
2011-8-24;;;;
2011-8-25;;;;
2011-8-26;;;;
2011-8-27;;;;
2011-8-28;;;;
2011-8-29;;;;
2011-8-30;;;;
2011-8-31;;;;
2011-9-1;21;12;60;0.0
2011-9-2;9;9;82;0.0
2011-9-3;24;16;49;0.0
2011-9-4;31;20;31;0.0
2011-9-5;27;18;42;0.0
2011-9-6;22;22;69;0.0
2011-9-7;21;15;75;0.0
2011-9-8;27;16;47;0.0
2011-9-9;20;16;57;0.0
2011-9-10;23;18;63;0.0
2011-9-11;24;20;69;0.0
2011-9-12;26;21;49;0.0
2011-9-13;17;17;63;0.0
2011-9-14;26;17;50;0.0
2011-9-15;32;18;62;0.0
2011-9-16;32;17;58;0.0
2011-9-17;23;16;58;0.0
2011-9-18;28;18;59;0.0
2011-9-19;29;16;61;0.0
2011-9-20;28;19;61;0.0
2011-9-21;33;21;53;0.0
2011-9-22;;;;
2011-9-23;;;;
2011-9-24;;;;
2011-9-25;;;;
2011-9-26;;;;
2011-9-27;;;;
2011-9-28;;;;
2011-9-29;;;;
2011-9-30;;;;
2011-10-1;23;18;89;0.0
2011-10-2;26;18;68;0.0
2011-10-3;27;20;68;0.0
2011-10-4;25;21;77;0.0
2011-10-5;29;20;66;0.0
2011-10-6;26;21;81;0.0
2011-10-7;31;23;77;0.0
2011-10-8;25;22;84;0.0
2011-10-9;23;22;86;0.0
2011-10-10;23;20;84;0.0
2011-10-11;24;18;75;0.0
2011-10-12;26;16;64;0.0
2011-10-13;24;16;60;0.0
2011-10-14;25;16;61;0.0
2011-10-15;25;18;80;0.0
2011-10-15;28;24;60;0.0
2011-10-17;25;21;92;0.0
2011-10-18;29;19;60;0.0
2011-10-19;31;21;60;0.0
2011-10-20;21;19;86;0.0
2011-10-21;;;;
2011-10-22;;;;
2011-10-23;;;;
2011-10-24;;;;
2011-10-25;;;;
2011-10-26;;;;
2011-10-27;;;;
2011-10-28;;;;
2011-10-29;;;;
2011-10-30;;;;
2011-10-31;;;;
2011-11-1;16;16;77;0.0
2011-11-2;23;16;69;0.0
2011-11-3;26;20;68;0.0
2011-11-4;29;21;59;0.0
2011-11-5;27;22;76;0.0
2011-11-6;31;22;64;0.0
2011-11-7;21;20;100;0.0
2011-11-8;26;20;80;0.0
2011-11-9;23;19;75;0.0
2011-11-10;23;20;75;0.0
2011-11-11;27;21;61;0.0
2011-11-12;24;21;90;0.0
2011-11-13;25;18;74;0.0
2011-11-14;28;20;62;0.0
2011-11-15;27;21;56;0.0
2011-11-16;26;22;76;0.0
2011-11-17;29;23;71;0.0
2011-11-18;29;22;65;0.0
2011-11-19;;;;
2011-11-20;;;;
2011-11-21;;;;
2011-11-22;;;;
2011-11-23;;;;
2011-11-24;;;;
2011-11-25;;;;
2011-11-26;;;;
2011-11-27;;;;
2011-11-28;;;;
2011-11-29;;;;
2011-11-30;;;;
2011-12-1;30;23;54;0.0
2011-12-2;28;21;74;0.0
2011-12-3;27;22;76;0.0
2011-12-4;26;21;79;0.0
2011-12-5;23;23;88;0.0
2011-12-6;22;22;88;0.0
2011-12-7;27;20;63;0.0
2011-12-8;29;21;64;0.0
2011-12-9;26;21;80;0.0
2011-12-10;25;22;79;0.0
2011-12-11;27;20;78;0.0
2011-12-12;27;21;73;0.0
2011-12-13;28;23;71;0.0
2011-12-14;30;22;73;0.0
2011-12-15;28;23;57;0.0
2011-12-16;27;22;60;0.0
2011-12-17;27;23;67;0.0
2011-12-18;27;22;63;0.0
2011-12-19;29;24;59;0.0
2011-12-20;25;22;77;0.0
2011-12-21;26;21;85;0.0
2011-12-22;;;;
2011-12-23;;;;
2011-12-24;;;;
2011-12-25;;;;
2011-12-26;;;;
2011-12-27;;;;
2011-12-28;;;;
2011-12-29;;;;
2011-12-30;;;;
2011-12-31;;;;
2012-1-1;25;21;81;0.0
2012-1-2;27;21;75;0.0
2012-1-3;29;23;66;0.0
2012-1-4;30;23;76;0.0
2012-1-5;27;22;79;0.0
2012-1-6;27;20;74;0.0
2012-1-7;26;20;80;0.0
2012-1-8;26;21;80;0.0
2012-1-9;19;19;100;0.0
2012-1-10;23;20;85;0.0
2012-1-11;24;21;89;0.0
2012-1-12;25;22;76;0.0
2012-1-13;23;20;88;0.0
2012-1-14;24;21;81;0.0
2012-1-15;20;20;94;0.0
2012-1-16;28;21;79;0.0
2012-1-17;26;22;83;0.0
2012-1-18;26;22;89;0.0
2012-1-19;24;21;90;0.0
2012-1-20;24;20;93;0.0
2012-1-21;24;20;89;0.0
2012-1-22;26;19;79;0.0
2012-1-23;26;20;78;0.0
2012-1-24;;;;
2012-1-25;;;;
2012-1-26;;;;
2012-1-27;;;;
2012-1-28;;;;
2012-1-29;;;;
2012-1-30;;;;
2012-1-31;;;;
2012-2-1;26;19;80;0.0
2012-2-2;28;22;71;0.0
2012-2-3;22;21;83;0.0
2012-2-4;29;23;67;0.0
2012-2-5;27;25;60;0.0
2012-2-6;26;23;64;0.0
2012-2-7;32;25;54;0.0
2012-2-8;30;24;70;0.0
2012-2-9;25;22;85;0.0
2012-2-10;28;23;75;0.0
2012-2-11;24;21;81;0.0
2012-2-12;27;22;76;0.0
2012-2-13;27;23;80;0.0
2012-2-14;26;21;73;0.0
2012-2-15;27;22;85;0.0
2012-2-16;26;24;75;0.0
2012-2-17;27;23;84;0.0
2012-2-18;26;23;82;0.0
2012-2-19;30;23;76;0.0
2012-2-20;;;;
2012-2-21;;;;
2012-2-22;;;;
2012-2-23;;;;
2012-2-24;;;;
2012-2-25;;;;
2012-2-26;;;;
2012-2-27;;;;
2012-2-28;;;;
2012-2-29;;;;
2012-3-1;27;23;72;0.0
2012-3-2;30;22;69;0.0
2012-3-3;28;23;76;0.0
2012-3-4;29;23;74;0.0
2012-3-5;25;22;71;0.0
2012-3-6;28;23;64;0.0
2012-3-7;27;27;65;0.0
2012-3-8;27;23;63;0.0
2012-3-9;29;21;71;0.0
2012-3-10;26;23;78;0.0
2012-3-11;28;22;81;0.0
2012-3-12;24;21;92;0.0
2012-3-13;24;19;80;0.0
2012-3-14;26;19;76;0.0
2012-3-15;26;21;75;0.0
2012-3-16;28;22;70;0.0
2012-3-17;22;21;86;0.0
2012-3-18;30;22;68;0.0
2012-3-19;23;21;90;0.0
2012-3-20;23;19;81;0.0
2012-3-21;22;19;58;0.0
2012-3-22;25;21;77;0.0
2012-3-23;;;;
2012-3-24;;;;
2012-3-25;;;;
2012-3-26;;;;
2012-3-27;;;;
2012-3-28;;;;
2012-3-29;;;;
2012-3-30;;;;
2012-3-31;;;;
2012-4-1;24;18;82;0.0
2012-4-2;26;18;76;0.0
2012-4-3;25;20;82;0.0
2012-4-4;28;21;71;0.0
2012-4-5;25;19;79;0.0
2012-4-6;27;20;78;0.0
2012-4-7;23;21;86;0.0
2012-4-8;27;26;61;0.0
2012-4-9;27;23;67;0.0
2012-4-10;24;21;75;0.0
2012-4-11;24;20;78;0.0
2012-4-12;25;21;78;0.0
2012-4-13;27;20;79;0.0
2012-4-14;27;21;74;0.0
2012-4-15;23;18;85;0.0
2012-4-16;25;18;82;0.0
2012-4-17;26;19;75;0.0
2012-4-18;26;21;80;0.0
2012-4-19;22;19;97;0.0
2012-4-20;17;15;98;0.0
2012-4-21;;;;
2012-4-22;;;;
2012-4-23;;;;
2012-4-24;;;;
2012-4-25;;;;
2012-4-26;;;;
2012-4-27;;;;
2012-4-28;;;;
2012-4-29;;;;
2012-4-30;;;;
2012-5-1;17;10;83;0.0
2012-5-2;19;14;87;0.0
2012-5-3;22;17;80;0.0
2012-5-4;22;17;79;0.0
2012-5-5;23;16;81;0.0
2012-5-6;22;16;80;0.0
2012-5-7;21;17;82;0.0
2012-5-8;25;20;67;0.0
2012-5-9;21;19;94;0.0
2012-5-10;18;16;89;0.0
2012-5-11;20;16;83;0.0
2012-5-12;17;14;88;0.0
2012-5-13;20;16;85;0.0
2012-5-14;20;16;78;0.0
2012-5-15;22;17;79;0.0
2012-5-16;20;18;90;0.0
2012-5-17;23;21;80;0.0
2012-5-18;20;18;86;0.0
2012-5-19;21;17;92;0.0
2012-5-20;24;18;90;0.0
2012-5-21;26;18;83;0.0
2012-5-22;;;;
2012-5-23;;;;
2012-5-24;;;;
2012-5-25;;;;
2012-5-26;;;;
2012-5-27;;;;
2012-5-28;;;;
2012-5-29;;;;
2012-5-30;;;;
2012-5-31;;;;
2012-6-1;20;19;96;0.0
2012-6-2;25;25;100;0.0
2012-6-3;25;19;83;0.0
2012-6-4;21;19;94;0.0
2012-6-5;19;18;99;0.0
2012-6-6;15;11;100;0.0
2012-6-7;24;18;91;0.0
2012-6-8;25;24;71;0.0
2012-6-9;23;19;85;0.0
2012-6-10;22;17;91;0.0
2012-6-11;21;18;87;0.0
2012-6-12;24;19;80;0.0
2012-6-13;23;19;93;0.0
2012-6-14;21;19;98;0.0
2012-6-15;19;18;98;0.0
2012-6-16;18;18;100;0.0
2012-6-17;20;16;90;0.0
2012-6-18;17;14;96;0.0
2012-6-19;20;15;82;0.0
2012-6-20;19;16;84;0.0
2012-6-21;20;18;84;0.0
2012-6-22;;;;
2012-6-23;;;;
2012-6-24;;;;
2012-6-25;;;;
2012-6-26;;;;
2012-6-27;;;;
2012-6-28;;;;
2012-6-29;;;;
2012-6-30;;;;
2012-7-1;21;19;83;0.0
2012-7-2;22;18;82;0.0
2012-7-3;21;17;81;0.0
2012-7-4;19;15;77;0.0
2012-7-5;24;16;71;0.0
2012-7-6;21;15;81;0.0
2012-7-7;22;17;70;0.0
2012-7-8;25;17;74;0.0
2012-7-9;16;9;89;0.0
2012-7-10;16;11;83;0.0
2012-7-11;15;13;85;0.0
2012-7-12;14;8;90;0.0
2012-7-13;15;8;89;0.0
2012-7-14;13;9;96;0.0
2012-7-15;25;17;61;0.0
2012-7-16;21;19;68;0.0
2012-7-17;24;19;56;0.0
2012-7-18;21;18;68;0.0
2012-7-19;22;18;66;0.0
2012-7-20;24;17;68;0.0
2012-7-21;21;16;78;0.0
2012-7-22;;;;
2012-7-23;;;;
2012-7-24;;;;
2012-7-25;;;;
2012-7-26;;;;
2012-7-27;;;;
2012-7-28;;;;
2012-7-29;;;;
2012-7-30;;;;
2012-7-31;;;;
2012-8-1;20;17;74;0.0
2012-8-2;20;17;72;0.0
2012-8-3;23;17;69;0.0
2012-8-4;23;18;77;0.0
2012-8-5;22;15;75;0.0
2012-8-6;24;16;62;0.0
2012-8-7;23;16;64;0.0
2012-8-8;23;15;69;0.0
2012-8-9;26;17;65;0.0
2012-8-10;24;16;71;0.0
2012-8-11;25;19;60;0.0
2012-8-12;25;17;66;0.0
2012-8-13;22;18;74;0.0
2012-8-14;24;18;75;0.0
2012-8-15;26;18;66;0.0
2012-8-16;25;16;69;0.0
2012-8-17;25;16;69;0.0
2012-8-18;22;19;62;0.0
2012-8-19;28;20;58;0.0
2012-8-20;24;23;55;0.0
2012-8-21;25;24;58;0.0
2012-8-22;28;24;36;0.0
2012-8-23;29;23;31;0.0
2012-8-24;;;;
2012-8-25;;;;
2012-8-26;;;;
2012-8-27;;;;
2012-8-28;;;;
2012-8-29;;;;
2012-8-30;;;;
2012-8-31;;;;
2012-9-1;30;26;38;0.0
2012-9-2;28;25;41;0.0
2012-9-3;30;28;30;0.0
2012-9-4;33;29;25;0.0
2012-9-5;35;29;34;0.0
2012-9-6;33;28;45;0.0
2012-9-7;33;29;33;0.0
2012-9-8;33;30;43;0.0
2012-9-9;32;29;43;0.0
2012-9-10;34;31;46;0.0
2012-9-11;34;31;34;0.0
2012-9-12;25;21;72;0.0
2012-9-13;25;21;80;0.0
2012-9-14;19;18;92;0.0
2012-9-15;22;19;90;0.0
2012-9-16;18;18;94;0.0
2012-9-17;22;18;64;0.0
2012-9-18;22;18;46;0.0
2012-9-19;27;21;53;0.0
2012-9-20;;;;
2012-9-21;;;;
2012-9-22;;;;
2012-9-23;;;;
2012-9-24;;;;
2012-9-25;;;;
2012-9-26;;;;
2012-9-27;;;;
2012-9-28;;;;
2012-9-29;;;;
2012-9-30;;;;
2012-10-1;32;29;39;0.0
2012-10-2;34;28;33;0.0
2012-10-3;33;29;24;0.0
2012-10-4;30;26;46;0.0
2012-10-5;25;24;66;0.0
2012-10-6;32;29;34;0.0
2012-10-7;36;30;30;0.0
2012-10-8;26;25;58;0.0
2012-10-9;28;25;67;0.0
2012-10-10;32;27;42;0.0
2012-10-11;24;22;80;0.0
2012-10-12;28;24;70;0.0
2012-10-13;30;28;36;0.0
2012-10-14;30;26;45;0.0
2012-10-15;34;31;50;0.0
2012-10-16;26;24;83;0.0
2012-10-17;26;25;80;0.0
2012-10-18;30;27;70;0.0
2012-10-19;35;30;52;0.0
2012-10-20;37;33;41;0.0
2012-10-20;39;33;29;0.0
2012-10-22;37;32;36;0.0
2012-10-23;;;;
2012-10-24;;;;
2012-10-25;;;;
2012-10-26;;;;
2012-10-27;;;;
2012-10-28;;;;
2012-10-29;;;;
2012-10-30;;;;
2012-10-31;;;;
2012-11-1;23;21;94;0.0
2012-11-2;32;29;53;0.0
2012-11-3;33;29;48;0.0
2012-11-4;30;26;52;0.0
2012-11-5;25;24;87;0.0
2012-11-6;25;22;83;0.0
2012-11-7;32;26;71;0.0
2012-11-8;23;21;94;0.0
2012-11-9;29;26;74;0.0
2012-11-10;31;26;65;0.0
2012-11-11;30;28;63;0.0
2012-11-12;32;30;54;0.0
2012-11-13;33;31;43;0.0
2012-11-14;32;30;57;0.0
2012-11-15;31;26;68;0.0
2012-11-16;29;29;58;0.0
2012-11-17;31;31;55;0.0
2012-11-18;32;32;52;0.0
2012-11-19;26;24;81;0.0
2012-11-20;;;;
2012-11-21;;;;
2012-11-22;;;;
2012-11-23;;;;
2012-11-24;;;;
2012-11-25;;;;
2012-11-26;;;;
2012-11-27;;;;
2012-11-28;;;;
2012-11-29;;;;
2012-11-30;;;;
2012-12-1;31;31;52;0.0
2012-12-2;32;29;58;0.0
2012-12-3;32;30;60;0.0
2012-12-4;32;24;75;0.0
2012-12-5;30;30;66;0.0
2012-12-6;;;;
2012-12-7;;;;
2012-12-8;;;;
2012-12-9;;;;
2012-12-10;;;;
2012-12-11;;;;
2012-12-12;;;;
2012-12-13;;;;
2012-12-14;;;;
2012-12-15;;;;
2012-12-16;;;;
2012-12-17;;;;
2012-12-18;;;;
2012-12-19;;;;
2012-12-20;;;;
2012-12-21;;;;
2012-12-22;;;;
2012-12-23;;;;
2012-12-24;;;;
2012-12-25;;;;
2012-12-26;;;;
2012-12-27;;;;
2012-12-28;;;;
2012-12-29;;;;
2012-12-30;;;;
2012-12-31;;;;
2013-1-1;21;21;94;0.0
2013-1-2;28;27;73;0.0
2013-1-3;28;26;74;0.0
2013-1-4;29;24;67;0.0
2013-1-5;24;22;87;0.0
2013-1-6;26;24;77;0.0
2013-1-7;22;21;88;0.0
2013-1-8;27;26;67;0.0
2013-1-9;30;28;66;0.0
2013-1-10;30;25;57;0.0
2013-1-11;29;26;53;0.0
2013-1-12;28;28;62;0.0
2013-1-13;32;28;59;0.0
2013-1-14;29;27;74;0.0
2013-1-15;30;28;66;0.0
2013-1-16;30;28;63;0.0
2013-1-17;31;29;65;0.0
2013-1-18;26;25;84;0.0
2013-1-19;;;;
2013-1-20;;;;
2013-1-21;;;;
2013-1-22;;;;
2013-1-23;;;;
2013-1-24;;;;
2013-1-25;;;;
2013-1-26;;;;
2013-1-27;;;;
2013-1-28;;;;
2013-1-29;;;;
2013-1-30;;;;
2013-1-31;;;;
2013-2-1;31;27;59;0.0
2013-2-2;27;27;73;0.0
2013-2-3;29;27;68;0.0
2013-2-4;26;25;72;0.0
2013-2-5;22;22;94;0.0
2013-2-6;23;21;90;0.0
2013-2-7;30;27;72;0.0
2013-2-8;30;26;67;0.0
2013-2-9;33;29;52;0.0
2013-2-10;32;29;67;0.0
2013-2-11;22;21;91;0.0
2013-2-12;28;26;77;0.0
2013-2-13;25;23;75;0.0
2013-2-14;30;25;78;0.0
2013-2-15;27;24;86;0.0
2013-2-16;26;25;83;0.0
2013-2-17;30;28;66;0.0
2013-2-18;30;25;80;0.0
2013-2-19;31;28;62;0.0
2013-2-20;;;;
2013-2-21;;;;
2013-2-22;;;;
2013-2-23;;;;
2013-2-24;;;;
2013-2-25;;;;
2013-2-26;;;;
2013-2-27;;;;
2013-2-28;;;;
2013-3-1;31;27;68;0.0
2013-3-2;33;30;53;0.0
2013-3-3;30;30;58;0.0
2013-3-4;33;30;55;0.0
2013-3-5;29;29;66;0.0
2013-3-6;33;29;60;0.0
2013-3-7;30;26;71;0.0
2013-3-8;30;27;66;0.0
2013-3-9;25;23;94;0.0
2013-3-10;31;27;70;0.0
2013-3-11;27;25;75;0.0
2013-3-12;23;20;83;0.0
2013-3-13;22;20;88;0.0
2013-3-14;22;20;94;0.0
2013-3-15;23;22;86;0.0
2013-3-16;27;26;70;0.0
2013-3-17;27;25;81;0.0
2013-3-18;23;21;87;0.0
2013-3-19;28;25;68;0.0
2013-3-20;28;25;75;0.0
2013-3-21;;;;
2013-3-22;;;;
2013-3-23;;;;
2013-3-24;;;;
2013-3-25;;;;
2013-3-26;;;;
2013-3-27;;;;
2013-3-28;;;;
2013-3-29;;;;
2013-3-30;;;;
2013-3-31;;;;
2013-4-1;;;;
2013-4-2;;;;
2013-4-3;;;;
2013-4-4;;;;
2013-4-5;;;;
2013-4-6;;;;
2013-4-7;;;;
2013-4-8;;;;
2013-4-9;;;;
2013-4-10;;;;
2013-4-11;27;25;71;0.00
2013-4-12;25;24;81;0.00
2013-4-13;;;;0.00
2013-4-14;;;;
2013-4-15;26;22;65;0.00
2013-4-16;26;22;51;0.00
2013-4-17;25;22;53;0.00
2013-4-18;25;21;50;0.00
2013-4-19;26;21;51;0.00
2013-4-20;;;;0.00
2013-4-21;;;;
2013-4-22;25;23;52;0.00
2013-4-23;24;22;63;0.00
2013-4-24;26;22;54;0.00
2013-4-25;27;24;59;0.00
2013-4-26;27;24;55;0.00
2013-4-27;;;;0.00
2013-4-28;;;;
2013-4-29;28;25;52;0.00
2013-4-30;29;25;55;0.00
2013-5-1;;;;0.00
2013-5-2;30;28;50;0.00
2013-5-3;31;28;43;0.00
2013-5-4;;;;0.00
2013-5-5;;;;
2013-5-6;24;20;72;0.00
2013-5-7;24;18;62;0.00
2013-5-8;24;19;61;0.00
2013-5-9;25;21;48;0.00
2013-5-10;25;22;49;0.00
2013-5-11;;;;0.00
2013-5-12;;;;
2013-5-13;28;25;52;0.00
2013-5-14;28;25;61;0.00
2013-5-15;29;26;60;0.00
2013-5-16;26;25;77;0.00
2013-5-17;26;21;70;0.00
2013-5-18;;;;0.00
2013-5-19;;;;
2013-5-20;28;26;59;0.00
2013-5-21;28;27;56;0.00
2013-5-22;23;22;81;0.00
2013-5-23;26;23;68;0.00
2013-5-24;20;18;85;0.00
2013-5-25;;;;0.00
2013-5-26;;;;
2013-5-27;24;21;78;0.00
2013-5-28;19;18;100;0.00
2013-5-29;18;17;100;0.00
2013-5-30;;;;0.00
2013-5-31;24;22;73;0.00
2013-6-1;;;;0.00
2013-6-2;;;;
2013-6-3;23;20;76;0.00
2013-6-4;22;20;75;0.00
2013-6-5;24;22;72;0.00
2013-6-6;25;22;70;0.00
2013-6-7;26;23;64;0.00
2013-6-8;;;;0.00
2013-6-9;;;;
2013-6-10;24;23;73;0.00
2013-6-11;27;24;66;0.00
2013-6-12;26;24;68;0.00
2013-6-13;26;24;70;0.00
2013-6-14;27;22;67;0.00
2013-6-15;;;;0.00
2013-6-16;;;;
2013-6-17;23;21;72;0.00
2013-6-18;24;22;72;0.00
2013-6-19;27;23;67;0.00
2013-6-20;26;24;65;0.00
2013-6-21;26;24;75;0.00
2013-6-22;;;;0.00
2013-6-23;;;;
2013-6-24;25;21;74;0.00
2013-6-25;23;19;85;0.00
2013-6-26;19;19;100;0.00
2013-6-27;21;19;92;0.00
2013-6-28;26;23;73;0.00
2013-6-29;;;;0.00
2013-6-30;;;;
2013-7-1;18;18;94;0.00
2013-7-2;23;20;72;0.00
2013-7-3;24;22;70;0.00
2013-7-4;24;20;72;0.00
2013-7-5;24;20;72;0.00
2013-7-6;;;;0.00
2013-7-7;;;;
2013-7-8;27;23;61;0.00
2013-7-9;;;;0.00
2013-7-10;24;20;74;0.00
2013-7-11;23;20;74;0.00
2013-7-12;24;21;61;0.00
2013-7-13;;;;0.00
2013-7-14;;;;
2013-7-15;26;21;64;0.00
2013-7-16;25;21;61;0.00
2013-7-17;25;20;58;0.00
2013-7-18;26;24;48;0.00
2013-7-19;21;20;86;0.00
2013-7-20;;;;0.00
2013-7-21;;;;
2013-7-22;17;13;86;0.00
2013-7-23;11;10;80;0.00
2013-7-24;14;12;75;0.00
2013-7-25;18;12;62;0.00
2013-7-26;20;16;62;0.00
2013-7-27;;;;0.00
2013-7-28;;;;
2013-7-29;25;20;46;0.00
2013-7-30;25;22;45;0.00
2013-7-31;26;24;50;0.00
2013-8-1;28;24;47;0.00
2013-8-2;28;25;40;0.00
2013-8-3;;;;0.00
2013-8-4;;;;
2013-8-5;31;25;41;0.00
2013-8-6;29;24;36;0.00
2013-8-7;29;25;36;0.00
2013-8-8;29;24;37;0.00
2013-8-9;29;28;57;0.00
2013-8-10;;;;0.00
2013-8-11;;;;
2013-8-12;27;22;38;0.00
2013-8-13;28;26;32;0.00
2013-8-14;17;13;47;0.00
2013-8-15;16;15;43;0.00
2013-8-16;25;19;39;0.00
2013-8-17;;;;0.00
2013-8-18;;;;
2013-8-19;26;22;36;0.00
2013-8-20;27;23;36;0.00
2013-8-21;28;24;33;0.00
2013-8-22;29;26;32;0.00
2013-8-23;31;26;29;0.00
2013-8-24;;;;0.00
2013-8-25;;;;
2013-8-26;16;13;67;0.00
2013-8-27;15;12;67;0.00
2013-8-28;22;18;31;0.00
2013-8-29;26;20;27;0.00
2013-8-30;30;24;37;0.00
2013-8-31;;;;0.00
2013-9-1;;;;
2013-9-2;31;21;36;0.00
2013-9-3;21;19;88;0.00
2013-9-4;24;23;58;0.00
2013-9-5;29;24;38;0.00
2013-9-6;29;26;34;0.00
2013-9-7;;;;0.00
2013-9-8;;;;
2013-9-9;30;28;33;0.00
2013-9-10;31;27;30;0.00
2013-9-11;32;25;36;0.00
2013-9-12;30;26;30;0.00
2013-9-13;32;28;23;0.00
2013-9-14;;;;0.00
2013-9-15;;;;
2013-9-16;31;22;78;0.00
2013-9-17;18;15;92;0.00
2013-9-18;23;20;69;0.00
2013-9-19;27;24;60;0.00
2013-9-20;33;30;32;0.00
2013-9-21;;;;0.00
2013-9-22;;;;
2013-9-23;25;22;67;0.00
2013-9-24;19;17;77;0.00
2013-9-25;22;19;67;0.00
2013-9-26;26;21;48;0.00
2013-9-27;28;23;45;0.00
2013-9-28;;;;0.00
2013-9-29;;;;
2013-9-30;22;20;92;0.00
2013-10-1;25;23;75;0.00
2013-10-2;22;21;92;0.00
2013-10-3;29;27;57;0.00
2013-10-4;20;19;94;0.00
2013-10-5;;;;0.00
2013-10-6;;;;
2013-10-7;26;22;49;0.00
2013-10-8;24;21;63;0.00
2013-10-9;26;24;58;0.00
2013-10-10;28;24;49;0.00
2013-10-11;28;25;50;0.00
2013-10-12;;;;0.00
2013-10-13;;;;
2013-10-14;31;28;42;0.00
2013-10-15;24;23;76;0.00
2013-10-16;23;21;83;0.00
2013-10-17;28;19;78;0.00
2013-10-18;31;20;72;0.00
2013-10-19;32;18;56;0.00
2013-10-20;34;29;31;0.00
2013-10-21;36;24;48;0.00
2013-10-22;35;21;56;0.00
2013-10-23;35;27;49;0.00
2013-10-24;37;22;54;0.00
2013-10-25;35;21;58;0.00
2013-10-26;37;21;61;0.00
2013-10-27;36;25;46;0.00
2013-10-28;32;24;44;0.00
2013-10-29;32;19;43;0.00
2013-10-30;33;18;50;0.00
2013-10-31;33;20;53;0.00
2013-11-1;32;20;58;0.00
2013-11-2;34;19;71;0.00
2013-11-3;33;24;53;0.00
2013-11-4;27;21;78;0.00
2013-11-5;25;20;79;0.00
2013-11-6;23;19;81;0.00
2013-11-7;31;17;69;0.00
2013-11-8;32;20;71;0.00
2013-11-9;34;22;56;0.00
2013-11-10;37;25;37;0.00
2013-11-11;35;24;63;0.00
2013-11-12;31;22;64;0.00
2013-11-13;35;23;52;0.00
2013-11-14;33;20;50;0.00
2013-11-15;34;26;46;0.00
2013-11-16;30;24;71;0.00
2013-11-17;27;23;67;0.00
2013-11-18;32;21;60;0.00
2013-11-19;33;22;56;0.00
2013-11-20;33;22;59;0.00
2013-11-21;33;23;59;0.00
2013-11-22;29;21;76;0.00
2013-11-23;28;19;77;0.00
2013-11-24;30;20;72;0.00
2013-11-25;29;19;77;0.00
2013-11-26;33;18;75;0.00
2013-11-27;33;21;62;0.00
2013-11-28;35;22;52;0.00
2013-11-29;37;26;47;0.00
2013-11-30;34;28;39;0.00
2013-12-1;32;24;60;0.00
2013-12-2;31;24;67;0.00
2013-12-3;33;23;60;0.00
2013-12-4;36;24;54;0.00
2013-12-5;37;23;59;0.00
2013-12-6;33;22;59;0.00
2013-12-7;30;24;74;0.00
2013-12-8;33;24;57;0.00
2013-12-9;36;22;69;0.00
2013-12-10;26;23;82;0.00
2013-12-11;29;22;88;0.00
2013-12-12;31;21;69;0.00
2013-12-13;34;19;63;0.00
2013-12-14;31;23;62;0.00
2013-12-15;33;22;54;0.00
2013-12-16;33;22;61;0.00
2013-12-17;33;25;52;0.00
2013-12-18;34;22;53;0.00
2013-12-19;35;21;50;0.00
2013-12-20;33;22;58;0.00
2013-12-21;33;24;55;0.00
2013-12-22;33;22;47;0.00
2013-12-23;30;21;69;0.00
2013-12-24;28;22;77;0.00
2013-12-25;33;22;58;0.00
2013-12-26;36;24;57;0.00
2013-12-27;34;24;68;0.00
2013-12-28;33;23;63;0.00
2013-12-29;34;23;66;0.00
2013-12-30;32;24;69;0.00
2013-12-31;28;21;84;0.00
2014-1-1;32;26;62;0.00
2014-1-2;33;22;70;0.00
2014-1-3;36;24;54;0.00
2014-1-4;36;25;54;0.00
2014-1-5;34;21;57;0.00
2014-1-6;34;21;66;0.00
2014-1-7;33;23;58;0.00
2014-1-8;34;23;60;0.00
2014-1-9;32;21;69;0.00
2014-1-10;35;22;58;0.00
2014-1-11;32;22;68;0.00
2014-1-12;32;21;70;0.00
2014-1-13;29;21;77;0.00
2014-1-14;31;21;71;0.00
2014-1-15;32;22;64;0.00
2014-1-16;30;22;78;0.00
2014-1-17;33;21;69;0.00
2014-1-18;32;21;71;0.00
2014-1-19;33;22;54;0.00
2014-1-20;35;21;58;0.00
2014-1-21;34;24;59;0.00
2014-1-22;34;24;63;0.00
2014-1-23;32;22;73;0.00
2014-1-24;35;22;62;0.00
2014-1-25;32;21;68;0.00
2014-1-26;32;24;63;0.00
2014-1-27;34;21;72;0.00
2014-1-28;35;22;69;0.00
2014-1-29;34;23;57;0.00
2014-1-30;34;22;59;0.00
2014-1-31;35;23;54;0.00
2014-2-1;36;24;62;0.00
2014-2-2;34;24;43;0.00
2014-2-3;35;23;45;0.00
2014-2-4;37;24;50;0.00
2014-2-5;37;24;44;0.00
2014-2-6;37;23;49;0.00
2014-2-7;36;24;40;0.00
2014-2-8;37;25;40;0.00
2014-2-9;34;22;51;0.00
2014-2-10;36;22;48;0.00
2014-2-11;35;24;50;0.00
2014-2-12;34;23;61;0.00
2014-2-13;32;23;64;0.00
2014-2-14;33;22;71;0.00
2014-2-15;27;21;89;0.00
2014-2-16;29;21;74;0.00
2014-2-17;29;21;76;0.00
2014-2-18;30;21;67;0.00
2014-2-19;32;21;62;0.00
2014-2-20;32;22;61;0.00
2014-2-21;29;22;72;0.00
2014-2-22;30;22;76;0.00
2014-2-23;31;22;66;0.00
2014-2-24;29;23;83;0.00
2014-2-25;29;20;72;0.00
2014-2-26;33;23;64;0.00
2014-2-27;30;22;71;0.00
2014-2-28;30;20;73;0.00
2014-3-1;30;21;75;0.00
2014-3-2;32;23;57;0.00
2014-3-3;32;25;55;0.00
2014-3-4;32;23;71;0.00
2014-3-5;28;22;81;0.00
2014-3-6;32;22;69;0.00
2014-3-7;29;19;86;0.00
2014-3-8;27;20;81;0.00
2014-3-9;31;20;60;0.00
2014-3-10;32;22;62;0.00
2014-3-11;31;21;68;0.00
2014-3-12;31;22;79;0.00
2014-3-13;28;20;74;0.00
2014-3-14;32;20;64;0.00
2014-3-15;34;23;56;0.00
2014-3-16;35;24;53;0.00
2014-3-17;35;24;53;0.00
2014-3-18;33;23;58;0.00
2014-3-19;33;23;58;0.00
2014-3-20;32;22;78;0.00
2014-3-21;27;22;80;0.00
2014-3-22;31;20;75;0.00
2014-3-23;31;22;63;0.00
2014-3-24;30;18;64;0.00
2014-3-25;32;20;59;0.00
2014-3-26;30;20;61;0.00
2014-3-27;30;20;65;0.00
2014-3-28;32;21;68;0.00
2014-3-29;31;22;70;0.00
2014-3-30;31;22;76;0.00
2014-3-31;32;22;78;0.00
2014-4-1;32;22;68;0.00
2014-4-2;31;22;63;0.00
2014-4-3;32;21;70;0.00
2014-4-4;32;21;63;0.00
2014-4-5;32;21;71;0.00
2014-4-6;32;24;54;0.00
2014-4-7;34;22;58;0.00
2014-4-8;33;23;54;0.00
2014-4-9;30;21;81;0.00
2014-4-10;30;22;77;0.00
2014-4-11;34;22;69;0.00
2014-4-12;30;22;70;0.00
2014-4-13;29;22;75;0.00
2014-4-14;28;21;81;0.00
2014-4-15;26;18;88;0.00
2014-4-16;28;19;83;0.00
2014-4-17;31;20;70;0.00
2014-4-18;33;20;72;0.00
2014-4-19;31;26;55;0.00
2014-4-20;32;22;59;0.00
2014-4-21;31;22;62;0.00
2014-4-22;28;21;75;0.00
2014-4-23;25;20;78;0.00
2014-4-24;28;19;76;0.00
2014-4-25;29;18;80;0.00
2014-4-26;26;17;66;0.00
2014-4-27;28;15;64;0.00
2014-4-28;28;14;65;0.00
2014-4-29;29;15;67;0.00
2014-4-30;29;16;58;0.00
2014-5-1;26;17;64;0.00
2014-5-2;27;21;58;0.00
2014-5-3;28;20;70;0.00
2014-5-4;30;18;55;0.00
2014-5-5;29;18;57;0.00
2014-5-6;32;21;54;0.00
2014-5-7;31;20;50;0.00
2014-5-8;32;21;50;0.00
2014-5-9;29;18;63;0.00
2014-5-10;26;17;68;0.00
2014-5-11;28;15;54;0.00
2014-5-12;30;15;63;0.00
2014-5-13;30;16;58;0.00
2014-5-14;29;19;55;0.00
2014-5-15;28;17;66;0.00
2014-5-16;29;18;58;0.00
2014-5-17;28;20;58;0.00
2014-5-18;29;20;63;0.00
2014-5-19;31;18;65;0.00
2014-5-20;30;17;63;0.00
2014-5-21;32;17;53;0.00
2014-5-22;31;21;65;0.00
2014-5-23;24;18;92;0.00
2014-5-24;20;17;91;0.00
2014-5-25;24;17;81;0.00
2014-5-26;22;14;80;0.00
2014-5-27;15;11;80;0.00
2014-5-28;22;11;78;0.00
2014-5-29;25;13;72;0.00
2014-5-30;27;13;69;0.00
2014-5-31;27;16;60;0.00
2014-6-1;22;18;87;0.00
2014-6-2;25;16;68;0.00
2014-6-3;26;10;60;0.00
2014-6-4;28;10;61;0.00
2014-6-5;30;18;54;0.00
2014-6-6;27;20;69;0.00
2014-6-7;31;20;58;0.00
2014-6-8;34;22;41;0.00
2014-6-9;30;19;61;0.00
2014-6-10;28;18;72;0.00
2014-6-11;30;17;60;0.00
2014-6-12;25;19;61;0.00
2014-6-13;30;17;59;0.00
2014-6-14;27;16;65;0.00
2014-6-15;31;20;52;0.00
2014-6-16;30;18;64;0.00
2014-6-17;27;18;60;0.00
2014-6-18;29;18;64;0.00
2014-6-19;27;15;64;0.00
2014-6-20;25;16;57;0.00
2014-6-21;24;12;82;0.00
2014-6-22;29;14;59;0.00
2014-6-23;24;17;60;0.00
2014-6-24;28;15;62;0.00
2014-6-25;31;16;62;0.00
2014-6-26;31;17;64;0.00
2014-6-27;30;17;56;0.00
2014-6-28;29;18;56;0.00
2014-6-29;20;14;79;0.00
2014-6-30;22;11;65;0.00
2014-7-1;29;11;59;0.00
2014-7-2;32;16;46;0.00
2014-7-3;32;18;48;0.00
2014-7-4;32;19;44;0.00
2014-7-5;30;18;48;0.00
2014-7-6;31;16;45;0.00
2014-7-7;24;19;58;0.00
2014-7-8;22;17;77;0.00
2014-7-9;27;15;77;0.00
2014-7-10;24;17;86;0.00
2014-7-11;25;13;69;0.00
2014-7-12;27;14;70;0.00
2014-7-13;24;15;60;0.00
2014-7-14;28;15;59;0.00
2014-7-15;28;16;61;0.00
2014-7-16;31;16;56;0.00
2014-7-17;32;18;52;0.00
2014-7-18;23;17;83;0.00
2014-7-19;22;13;67;0.00
2014-7-20;27;12;46;0.00
2014-7-21;30;10;53;0.00
2014-7-22;33;15;56;0.00
2014-7-23;31;18;54;0.00
2014-7-24;20;14;89;0.00
2014-7-25;15;11;77;0.00
2014-7-26;18;12;96;0.00
2014-7-27;21;15;88;0.00
2014-7-28;21;14;88;0.00
2014-7-29;26;14;74;0.00
2014-7-30;28;14;67;0.00
2014-7-31;30;16;61;0.00
2014-8-1;31;17;55;0.00
2014-8-2;27;27;51;0.00
2014-8-3;32;17;46;0.00
2014-8-4;34;18;41;0.00
2014-8-5;29;20;56;0.00
2014-8-6;31;11;54;0.00
2014-8-7;33;18;47;0.00
2014-8-8;30;18;46;0.00
2014-8-9;26;16;62;0.00
2014-8-10;30;16;38;0.00
2014-8-11;33;18;35;0.00
2014-8-12;34;19;37;0.00
2014-8-13;23;19;74;0.00
2014-8-14;25;11;61;0.00
2014-8-15;31;13;59;0.00
2014-8-16;29;18;57;0.00
2014-8-17;30;19;48;0.00
2014-8-18;31;18;55;0.00
2014-8-19;31;19;52;0.00
2014-8-20;31;14;50;0.00
2014-8-21;33;17;40;0.00
2014-8-22;34;19;37;0.00
2014-8-23;32;18;43;0.00
2014-8-24;35;21;26;0.00
2014-8-25;35;19;31;0.00
2014-8-26;29;19;49;0.00
2014-8-27;27;15;39;0.00
2014-8-28;33;14;41;0.00
2014-8-29;32;17;52;0.00
2014-8-30;34;17;40;0.00
2014-8-31;37;20;38;0.00
2014-9-1;32;19;58;0.00
2014-9-2;36;21;54;0.00
2014-9-3;31;18;73;0.00
2014-9-4;28;19;64;0.00
2014-9-5;30;14;57;0.00
2014-9-6;33;17;54;0.00
2014-9-7;31;20;47;0.00
2014-9-8;33;20;42;0.00
2014-9-9;33;20;37;0.00
2014-9-10;36;18;34;0.00
2014-9-11;37;21;30;0.00
2014-9-12;36;19;31;0.00
2014-9-13;34;18;51;0.00
2014-9-14;35;18;32;0.00
2014-9-15;28;20;51;0.00
2014-9-16;32;18;54;0.00
2014-9-17;35;17;48;0.00
2014-9-18;37;18;43;0.00
2014-9-19;28;20;70;0.00
2014-9-20;21;20;94;0.00
2014-9-21;31;22;51;0.00
2014-9-22;29;16;52;0.00
2014-9-23;36;14;48;0.00
2014-9-24;29;18;62;0.00
2014-9-25;28;20;84;0.00
2014-9-26;30;18;81;0.00
2014-9-27;23;19;90;0.00
2014-9-28;30;19;70;0.00
2014-9-29;37;22;59;0.00
2014-9-30;28;20;80;0.00
2014-10-1;28;20;75;0.00
2014-10-2;31;20;63;0.00
2014-10-3;30;15;47;0.00
2014-10-4;26;14;59;0.00
2014-10-5;29;18;41;0.00
2014-10-6;31;14;44;0.00
2014-10-7;29;17;48;0.00
2014-10-8;33;17;36;0.00
2014-10-9;36;19;36;0.00
2014-10-10;38;22;29;0.00
2014-10-11;37;21;39;0.00
2014-10-12;38;27;26;0.00
2014-10-13;38;24;28;0.00
2014-10-14;40;26;28;0.00
2014-10-15;39;26;32;0.00
2014-10-16;40;21;40;0.00
2014-10-17;40;24;35;0.00
2014-10-18;37;24;51;0.00
2014-10-19;34;25;47;0.00
2014-10-20;26;22;89;0.00
2014-10-21;31;19;65;0.00
2014-10-22;34;18;46;0.00
2014-10-23;35;20;50;0.00
2014-10-24;33;23;59;0.00
2014-10-25;24;21;85;0.00
2014-10-26;28;20;66;0.00
2014-10-27;32;21;60;0.00
2014-10-28;33;21;44;0.00
2014-10-29;35;20;30;0.00
2014-10-30;36;20;52;0.00
2014-10-31;28;21;78;0.00
2014-11-1;28;24;68;0.00
2014-11-2;33;21;62;0.00
2014-11-3;32;21;76;0.00
2014-11-4;29;18;81;0.00
2014-11-5;33;22;67;0.00
2014-11-6;35;20;58;0.00
2014-11-7;35;21;61;0.00
2014-11-8;26;20;86;0.00
2014-11-9;32;22;62;0.00
2014-11-10;34;22;49;0.00
2014-11-11;34;20;45;0.00
2014-11-12;28;22;72;0.00
2014-11-13;31;20;65;0.00
2014-11-14;32;22;63;0.00
2014-11-15;31;17;61;0.00
2014-11-16;32;19;47;0.00
2014-11-17;33;17;47;0.00
2014-11-18;34;17;47;0.00
2014-11-19;31;20;65;0.00
2014-11-20;26;21;75;0.00
2014-11-21;32;24;56;0.00
2014-11-22;24;22;82;0.00
2014-11-23;30;22;70;0.00
2014-11-24;28;23;81;0.00
2014-11-25;26;21;86;0.00
2014-11-26;29;20;82;0.00
2014-11-27;33;23;77;0.00
2014-11-28;30;23;78;0.00
2014-11-29;29;22;74;0.00
2014-11-30;31;22;74;0.00
2014-12-1;31;22;73;0.00
2014-12-2;32;23;65;0.00
2014-12-3;31;20;68;0.00
2014-12-4;35;23;67;0.00
2014-12-5;30;19;64;0.00
2014-12-6;31;18;66;0.00
2014-12-7;29;23;57;0.00
2014-12-8;30;21;66;0.00
2014-12-9;28;21;72;0.00
2014-12-10;30;22;77;0.00
2014-12-11;33;22;75;0.00
2014-12-12;31;22;77;0.00
2014-12-13;27;21;86;0.00
2014-12-14;31;22;72;0.00
2014-12-15;33;21;64;0.00
2014-12-16;33;20;55;0.00
2014-12-17;34;21;63;0.00
2014-12-18;30;23;72;0.00
2014-12-19;32;22;71;0.00
2014-12-20;30;23;74;0.00
2014-12-21;30;24;74;0.00
2014-12-22;28;22;90;0.00
2014-12-23;25;20;97;0.00
2014-12-24;28;20;86;0.00
2014-12-25;26;23;78;0.00
2014-12-26;32;23;66;0.00
2014-12-27;28;25;74;0.00
2014-12-28;34;33;46;0.00
2014-12-29;29;23;78;0.00
2014-12-30;31;23;72;0.00
2014-12-31;32;22;69;0.00
2015-1-1;29;26;71;0.00
2015-1-2;32;24;63;0.00
2015-1-3;29;24;74;0.00
2015-1-4;31;25;67;0.00
2015-1-5;27;23;75;0.00
2015-1-6;32;22;65;0.00
2015-1-7;30;23;64;0.00
2015-1-8;30;23;71;0.00
2015-1-9;35;23;63;0.00
2015-1-10;36;23;66;0.00
2015-1-11;33;26;57;0.00
2015-1-12;35;23;56;0.00
2015-1-13;35;26;58;0.00
2015-1-14;33;25;59;0.00
2015-1-15;35;25;55;0.00
2015-1-16;35;23;59;0.00
2015-1-17;37;26;63;0.00
2015-1-18;36;27;45;0.00
2015-1-19;37;26;51;0.00
2015-1-20;30;28;54;0.00
2015-1-21;36;25;50;0.00
2015-1-22;29;23;69;0.00
2015-1-23;29;23;68;0.00
2015-1-24;32;22;75;0.00
2015-1-25;27;23;75;0.00
2015-1-26;31;23;65;0.00
2015-1-27;30;22;83;0.00
2015-1-28;26;22;87;0.00
2015-1-29;28;22;80;0.00
2015-1-30;31;22;77;0.00
2015-1-31;32;21;71;0.00
2015-2-1;31;23;65;0.00
2015-2-2;35;23;64;0.00
2015-2-3;34;23;61;0.00
2015-2-4;27;22;83;0.00
2015-2-5;33;21;73;0.00
2015-2-6;32;20;73;0.00
2015-2-7;30;21;75;0.00
2015-2-8;33;22;61;0.00
2015-2-9;29;21;84;0.00
2015-2-10;32;23;75;0.00
2015-2-11;34;23;69;0.00
2015-2-12;33;23;71;0.00
2015-2-13;33;25;66;0.00
2015-2-14;33;22;80;0.00
2015-2-15;29;25;78;0.00
2015-2-16;30;22;77;0.00
2015-2-17;22;21;91;0.00
2015-2-18;25;21;91;0.00
2015-2-19;28;21;84;0.00
2015-2-20;30;21;85;0.00
2015-2-21;34;23;70;0.00
2015-2-22;34;24;54;0.00
2015-2-23;33;23;60;0.00
2015-2-24;33;24;61;0.00
2015-2-25;30;21;76;0.00
2015-2-26;28;22;77;0.00
2015-2-27;34;23;66;0.00
2015-2-28;30;22;77;0.00
2015-3-1;33;24;58;0.00
2015-3-2;33;22;66;0.00
2015-3-3;28;22;79;0.00
2015-3-4;29;24;70;0.00
2015-3-5;33;27;63;0.00
2015-3-6;32;22;77;0.00
2015-3-7;30;23;78;0.00
2015-3-8;29;22;82;0.00
2015-3-9;24;20;96;0.00
2015-3-10;29;20;79;0.00
2015-3-11;28;21;80;0.00
2015-3-12;22;20;96;0.00
2015-3-13;28;20;79;0.00
2015-3-14;26;21;84;0.00
2015-3-15;27;22;84;0.00
2015-3-16;32;21;67;0.00
2015-3-17;28;21;83;0.00
2015-3-18;29;21;77;0.00
2015-3-19;24;20;86;0.00
2015-3-20;25;19;89;0.00
2015-3-21;27;20;78;0.00
2015-3-22;29;22;78;0.00
2015-3-23;31;20;71;0.00
2015-3-24;30;20;73;0.00
2015-3-25;32;21;74;0.00
2015-3-26;35;22;67;0.00
2015-3-27;28;19;82;0.00
2015-3-28;31;22;71;0.00
2015-3-29;31;24;69;0.00
2015-3-30;30;22;85;0.00
2015-3-31;32;22;79;0.00
2015-4-1;31;22;72;0.00
2015-4-2;29;21;74;0.00
2015-4-3;21;19;73;0.00
2015-4-4;28;22;77;0.00
2015-4-5;29;22;80;0.00
2015-4-6;28;21;72;0.00
2015-4-7;28;18;72;0.00
2015-4-8;30;16;70;0.00
2015-4-9;29;19;65;0.00
2015-4-10;28;19;75;0.00
2015-4-11;28;19;63;0.00
2015-4-12;31;21;57;0.00
2015-4-13;32;20;55;0.00
2015-4-14;29;19;72;0.00
2015-4-15;31;22;79;0.00
2015-4-16;32;21;65;0.00
2015-4-17;28;21;75;0.00
2015-4-18;27;22;72;0.00
2015-4-19;32;31;52;0.00
2015-4-20;28;24;77;0.00
2015-4-21;30;25;70;0.00
2015-4-22;29;19;82;0.00
2015-4-23;30;22;75;0.00
2015-4-24;31;21;73;0.00
2015-4-25;27;22;78;0.00
2015-4-26;28;19;56;0.00
2015-4-27;29;17;70;0.00
2015-4-28;31;19;70;0.00
2015-4-29;28;18;69;0.00
2015-4-30;27;17;63;0.00
2015-5-1;20;16;76;0.00
2015-5-2;17;17;82;0.00
2015-5-3;28;23;73;0.00
2015-5-4;26;20;82;0.00
2015-5-5;26;20;82;0.00
2015-5-6;27;19;75;0.00
2015-5-7;28;18;67;0.00
2015-5-8;23;15;76;0.00
2015-5-9;26;16;79;0.00
2015-5-10;31;18;77;0.00
2015-5-11;23;18;87;0.00
2015-5-12;21;15;77;0.00
2015-5-13;22;16;82;0.00
2015-5-14;23;16;77;0.00
2015-5-15;23;16;77;0.00
2015-5-16;22;17;82;0.00
2015-5-17;25;17;71;0.00
2015-5-18;21;19;87;0.00
2015-5-19;22;18;90;0.00
2015-5-20;22;18;83;0.00
2015-5-21;25;19;84;0.00
2015-5-22;25;18;78;0.00
2015-5-23;24;19;66;0.00
2015-5-24;30;21;64;0.00
2015-5-25;28;21;72;0.00
2015-5-26;28;20;77;0.00
2015-5-27;27;20;78;0.00
2015-5-28;20;19;95;0.00
2015-5-29;20;16;83;0.00
2015-5-30;20;13;87;0.00
2015-5-31;25;17;88;0.00
2015-6-1;23;18;89;0.00
2015-6-2;20;17;90;0.00
2015-6-3;26;16;82;0.00
2015-6-4;28;17;86;0.00
2015-6-5;24;18;72;0.00
2015-6-6;22;20;86;0.00
2015-6-7;29;22;66;0.00
2015-6-8;30;18;71;0.00
2015-6-9;29;18;69;0.00
2015-6-10;31;18;67;0.00
2015-6-11;30;18;72;0.00
2015-6-12;31;18;67;0.00
2015-6-13;27;19;64;0.00
2015-6-14;30;20;62;0.00
2015-6-15;25;16;82;0.00
2015-6-16;23;15;73;0.00
2015-6-17;25;16;80;0.00
2015-6-18;28;19;71;0.00
2015-6-19;24;18;79;0.00
2015-6-20;23;14;77;0.00
2015-6-21;27;18;61;0.00
2015-6-22;29;16;71;0.00
2015-6-23;27;17;66;0.00
2015-6-24;25;16;72;0.00
2015-6-25;26;17;66;0.00
2015-6-26;25;15;73;0.00
2015-6-27;22;14;78;0.00
2015-6-28;26;14;56;0.00
2015-6-29;27;13;63;0.00
2015-6-30;27;16;74;0.00
2015-7-1;23;18;89;0.00
2015-7-2;19;18;90;0.00
2015-7-3;29;17;79;0.00
2015-7-4;20;18;89;0.00
2015-7-5;18;15;83;0.00
2015-7-6;23;14;70;0.00
2015-7-7;21;18;91;0.00
2015-7-8;20;16;88;0.00
2015-7-9;22;15;82;0.00
2015-7-10;26;17;71;0.00
2015-7-11;22;19;78;0.00
2015-7-12;25;18;66;0.00
2015-7-13;31;20;60;0.00
2015-7-14;31;20;59;0.00
2015-7-15;28;21;68;0.00
2015-7-16;29;20;69;0.00
2015-7-17;28;18;69;0.00
2015-7-18;27;15;60;0.00
2015-7-19;30;18;49;0.00
2015-7-20;30;17;50;0.00
2015-7-21;24;19;66;0.00
2015-7-22;24;15;73;0.00
2015-7-23;28;15;62;0.00
2015-7-24;30;17;62;0.00
2015-7-25;18;18;83;0.00
2015-7-26;28;23;52;0.00
2015-7-27;28;16;51;0.00
2015-7-28;29;15;47;0.00
2015-7-29;30;18;45;0.00
2015-7-30;30;17;52;0.00
2015-7-31;31;17;48;0.00
2015-8-1;26;16;68;0.00
2015-8-2;31;20;49;0.00
2015-8-3;32;19;42;0.00
2015-8-4;32;17;52;0.00
2015-8-5;32;19;42;0.00
2015-8-6;33;19;37;0.00
2015-8-7;34;16;50;0.00
2015-8-8;28;18;54;0.00
2015-8-9;32;18;48;0.00
2015-8-10;32;18;51;0.00
2015-8-11;31;20;50;0.00
2015-8-12;31;19;43;0.00
2015-8-13;31;15;53;0.00
2015-8-14;29;18;45;0.00
2015-8-15;30;16;50;0.00
2015-8-16;33;19;42;0.00
2015-8-17;31;15;57;0.00
2015-8-18;32;20;46;0.00
2015-8-19;29;19;55;0.00
2015-8-20;28;15;60;0.00
2015-8-21;28;14;56;0.00
2015-8-22;30;14;64;0.00
2015-8-23;34;18;32;0.00
2015-8-24;26;20;63;0.00
2015-8-25;28;18;69;0.00
2015-8-26;34;18;48;0.00
2015-8-27;22;16;86;0.00
2015-8-28;27;15;71;0.00
2015-8-29;31;16;47;0.00
2015-8-30;36;19;41;0.00
2015-8-31;36;24;35;0.00
2015-9-1;36;21;38;0.00
2015-9-2;33;18;56;0.00
2015-9-3;36;18;47;0.00
2015-9-4;32;19;50;0.00
2015-9-5;20;18;81;0.00
2015-9-6;32;26;44;0.00
2015-9-7;23;22;81;0.00
2015-9-8;30;15;81;0.00
2015-9-9;26;14;79;0.00
2015-9-10;22;19;91;0.00
2015-9-11;21;18;90;0.00
2015-9-12;21;18;96;0.00
2015-9-13;26;18;62;0.00
2015-9-14;28;14;62;0.00
2015-9-15;35;15;66;0.00
2015-9-16;36;22;47;0.00
2015-9-17;33;25;48;0.00
2015-9-18;34;30;38;0.00
2015-9-19;;;;0.00
2015-9-20;;;;
2015-9-21;34;30;26;0.00
2015-9-22;34;30;28;0.00
2015-9-23;35;30;30;0.00
2015-9-24;34;31;44;0.00
2015-9-25;30;25;63;0.00
2015-9-26;;;;0.00
2015-9-27;;;;
2015-9-28;25;23;83;0.00
2015-9-29;28;25;61;0.00
2015-9-30;27;24;64;0.00
2015-10-1;32;29;51;0.00
2015-10-2;33;30;47;0.00
2015-10-3;;;;0.00
2015-10-4;25;25;67;0.00
2015-10-5;30;28;51;0.00
2015-10-6;31;28;46;0.00
2015-10-7;36;32;43;0.00
2015-10-8;34;31;44;0.00
2015-10-9;22;20;93;0.00
2015-10-10;21;21;94;0.00
2015-10-11;;;;
2015-10-12;;;;
2015-10-13;31;27;53;0.00
2015-10-14;34;31;48;0.00
2015-10-15;;;;0.00
2015-10-16;37;31;38;0.00
2015-10-17;;;;0.00
2015-10-17;;;;
2015-10-19;34;29;45;0.00
2015-10-20;31;26;58;0.00
2015-10-21;34;31;48;0.00
2015-10-22;35;27;54;0.00
2015-10-23;26;22;76;0.00
2015-10-24;33;22;51;0.00
2015-10-25;31;28;48;0.00
2015-10-26;29;22;74;0.00
2015-10-27;31;30;58;0.00
2015-10-28;30;26;57;0.00
2015-10-29;30;28;56;0.00
2015-10-30;30;24;64;0.00
2015-10-31;;;;0.00
2015-11-1;;;;
2015-11-2;;;;
2015-11-3;29;26;73;0.00
2015-11-4;26;25;82;0.00
2015-11-5;30;26;71;0.00
2015-11-6;31;28;50;0.00
2015-11-7;22;21;78;0.00
2015-11-8;;;;
2015-11-9;30;27;65;0.00
2015-11-10;35;31;47;0.00
2015-11-11;33;28;53;0.00
2015-11-12;34;30;51;0.00
2015-11-13;34;30;57;0.00
2015-11-14;;;;0.00
2015-11-15;;;;
2015-11-16;;;;
2015-11-17;;;;
2015-11-18;25;24;83;0.00
2015-11-19;30;28;61;0.00
2015-11-20;26;23;76;0.00
2015-11-21;;;;0.00
2015-11-22;;;;
2015-11-23;28;23;78;0.00
2015-11-24;21;20;86;0.00
2015-11-25;21;20;94;0.00
2015-11-26;30;28;68;0.00
2015-11-27;30;30;70;0.00
2015-11-28;32;30;64;0.00
2015-11-29;;;;0.00
2015-11-30;24;23;90;0.00
2015-12-1;28;26;68;0.00
2015-12-2;26;25;72;0.00
2015-12-3;22;22;83;0.00
2015-12-4;31;28;53;0.00
2015-12-5;;;;0.00
2015-12-6;;;;
2015-12-7;;;;0.00
2015-12-8;;;;0.00
2015-12-9;;;;0.00
2015-12-10;25;23;71;0.00
2015-12-11;25;25;74;0.00
2015-12-12;;;;0.00
2015-12-13;;;;
2015-12-14;32;28;61;0.00
2015-12-15;29;22;74;0.00
2015-12-16;29;27;67;0.00
2015-12-17;31;28;59;0.00
2015-12-18;33;28;62;0.00
2015-12-19;;;;0.00
2015-12-20;;;;
2015-12-21;32;29;56;0.00
2015-12-22;32;29;52;0.00
2015-12-23;28;26;70;0.00
2015-12-24;28;26;66;0.00
2015-12-25;;;;0.00
2015-12-26;;;;
2015-12-27;;;;
2015-12-28;28;27;71;0.00
2015-12-29;28;25;74;0.00
2015-12-30;27;24;82;0.00
2015-12-31;28;25;72;0.00
2016-1-1;;;;
2016-1-2;;;;
2016-1-3;;;;
2016-1-4;28;27;73;0.00
2016-1-5;29;28;76;0.00
2016-1-6;30;27;58;0.00
2016-1-7;32;29;65;0.00
2016-1-8;28;26;70;0.00
2016-1-9;;;;0.00
2016-1-10;;;;
2016-1-11;26;24;98;0.00
2016-1-12;28;26;74;0.00
2016-1-13;29;27;84;0.00
2016-1-14;29;23;84;0.00
2016-1-15;23;23;100;0.00
2016-1-16;;;;0.00
2016-1-17;;;;
2016-1-18;29;27;54;0.00
2016-1-19;30;28;63;0.00
2016-1-20;29;27;56;0.00
2016-1-21;31;27;66;0.00
2016-1-22;31;28;42;0.00
2016-1-23;;;;0.00
2016-1-24;;;;
