2010-1-2;;;;
2010-1-3;;;;
2010-1-4;;;;
2010-1-5;;;;
2010-1-6;;;;
2010-1-7;;;;
2010-1-8;;;;
2010-1-9;;;;
2010-1-10;;;;
2010-1-11;;;;
2010-1-12;;;;
2010-1-13;;;;
2010-1-14;;;;
2010-1-15;;;;
2010-1-16;;;;
2010-1-17;;;;
2010-1-18;;;;
2010-1-19;;;;
2010-1-20;;;;
2010-1-21;;;;
2010-1-22;;;;
2010-1-23;;;;
2010-1-24;;;;
2010-1-25;;;;
2010-1-26;;;;
2010-1-27;;;;
2010-1-28;;;;
2010-1-29;;;;
2010-1-30;;;;
2010-1-31;;;;
2010-2-1;;;;
2010-2-2;;;;
2010-2-3;;;;
2010-2-4;;;;
2010-2-5;;;;
2010-2-6;;;;
2010-2-7;;;;
2010-2-8;;;;
2010-2-9;;;;
2010-2-10;;;;
2010-2-11;;;;
2010-2-12;;;;
2010-2-13;;;;
2010-2-14;;;;
2010-2-15;;;;
2010-2-16;;;;
2010-2-17;;;;
2010-2-18;;;;
2010-2-19;;;;
2010-2-20;;;;
2010-2-21;;;;
2010-2-22;;;;
2010-2-23;;;;
2010-2-24;;;;
2010-2-25;;;;
2010-2-26;;;;
2010-2-27;;;;
2010-2-28;;;;
2010-3-1;;;;
2010-3-2;;;;
2010-3-3;;;;
2010-3-4;;;;
2010-3-5;;;;
2010-3-6;;;;
2010-3-7;;;;
2010-3-8;;;;
2010-3-9;;;;
2010-3-10;;;;
2010-3-11;;;;
2010-3-12;;;;
2010-3-13;;;;
2010-3-14;;;;
2010-3-15;;;;
2010-3-16;;;;
2010-3-17;;;;
2010-3-18;;;;
2010-3-19;;;;
2010-3-20;;;;
2010-3-21;;;;
2010-3-22;;;;
2010-3-23;;;;
2010-3-24;;;;
2010-3-25;;;;
2010-3-26;;;;
2010-3-27;;;;
2010-3-28;;;;
2010-3-29;;;;
2010-3-30;;;;
2010-3-31;;;;
2010-4-1;;;;
2010-4-2;;;;
2010-4-3;;;;
2010-4-4;;;;
2010-4-5;;;;
2010-4-6;;;;
2010-4-7;;;;
2010-4-8;;;;
2010-4-9;;;;
2010-4-10;;;;
2010-4-11;;;;
2010-4-12;;;;
2010-4-13;;;;
2010-4-14;;;;
2010-4-15;;;;
2010-4-16;;;;
2010-4-17;;;;
2010-4-18;;;;
2010-4-19;;;;
2010-4-20;;;;
2010-4-21;;;;
2010-4-22;;;;
2010-4-23;;;;
2010-4-24;;;;
2010-4-25;;;;
2010-4-26;;;;
2010-4-27;;;;
2010-4-28;;;;
2010-4-29;;;;
2010-4-30;;;;
2010-5-1;;;;
2010-5-2;;;;
2010-5-3;;;;
2010-5-4;;;;
2010-5-5;;;;
2010-5-6;;;;
2010-5-7;;;;
2010-5-8;;;;
2010-5-9;;;;
2010-5-10;;;;
2010-5-11;;;;
2010-5-12;;;;
2010-5-13;;;;
2010-5-14;;;;
2010-5-15;;;;
2010-5-16;;;;
2010-5-17;;;;
2010-5-18;;;;
2010-5-19;;;;
2010-5-20;;;;
2010-5-21;;;;
2010-5-22;;;;
2010-5-23;;;;
2010-5-24;;;;
2010-5-25;;;;
2010-5-26;;;;
2010-5-27;;;;
2010-5-28;;;;
2010-5-29;;;;
2010-5-30;;;;
2010-5-31;;;;
2010-6-1;;;;
2010-6-2;;;;
2010-6-3;;;;
2010-6-4;;;;
2010-6-5;;;;
2010-6-6;;;;
2010-6-7;;;;
2010-6-8;;;;
2010-6-9;;;;
2010-6-10;;;;
2010-6-11;;;;
2010-6-12;;;;
2010-6-13;;;;
2010-6-14;;;;
2010-6-15;;;;
2010-6-16;;;;
2010-6-17;;;;
2010-6-18;;;;
2010-6-19;;;;
2010-6-20;;;;
2010-6-21;;;;
2010-6-22;;;;
2010-6-23;;;;
2010-6-24;;;;
2010-6-25;;;;
2010-6-26;;;;
2010-6-27;;;;
2010-6-28;;;;
2010-6-29;;;;
2010-6-30;;;;
2010-7-1;;;;
2010-7-2;;;;
2010-7-3;;;;
2010-7-4;;;;
2010-7-5;;;;
2010-7-6;;;;
2010-7-7;;;;
2010-7-8;;;;
2010-7-9;;;;
2010-7-10;;;;
2010-7-11;;;;
2010-7-12;;;;
2010-7-13;;;;
2010-7-14;;;;
2010-7-15;;;;
2010-7-16;;;;
2010-7-17;;;;
2010-7-18;;;;
2010-7-19;;;;
2010-7-20;;;;
2010-7-21;;;;
2010-7-22;;;;
2010-7-23;;;;
2010-7-24;;;;
2010-7-25;;;;
2010-7-26;;;;
2010-7-27;;;;
2010-7-28;;;;
2010-7-29;;;;
2010-7-30;;;;
2010-7-31;;;;
2010-8-1;;;;
2010-8-2;;;;
2010-8-3;;;;
2010-8-4;;;;
2010-8-5;;;;
2010-8-6;;;;
2010-8-7;;;;
2010-8-8;;;;
2010-8-9;;;;
2010-8-10;;;;
2010-8-11;;;;
2010-8-12;;;;
2010-8-13;;;;
2010-8-14;;;;
2010-8-15;;;;
2010-8-16;;;;
2010-8-17;;;;
2010-8-18;;;;
2010-8-19;;;;
2010-8-20;;;;
2010-8-21;;;;
2010-8-22;;;;
2010-8-23;;;;
2010-8-24;;;;
2010-8-25;;;;
2010-8-26;;;;
2010-8-27;;;;
2010-8-28;;;;
2010-8-29;;;;
2010-8-30;;;;
2010-8-31;;;;
2010-9-1;;;;
2010-9-2;;;;
2010-9-3;;;;
2010-9-4;;;;
2010-9-5;;;;
2010-9-6;;;;
2010-9-7;;;;
2010-9-8;;;;
2010-9-9;;;;
2010-9-10;;;;
2010-9-11;;;;
2010-9-12;;;;
2010-9-13;;;;
2010-9-14;;;;
2010-9-15;;;;
2010-9-16;;;;
2010-9-17;;;;
2010-9-18;;;;
2010-9-19;;;;
2010-9-20;;;;
2010-9-21;;;;
2010-9-22;;;;
2010-9-23;;;;
2010-9-24;;;;
2010-9-25;;;;
2010-9-26;;;;
2010-9-27;;;;
2010-9-28;;;;
2010-9-29;;;;
2010-9-30;;;;
2010-10-1;;;;
2010-10-2;;;;
2010-10-3;;;;
2010-10-4;;;;
2010-10-5;;;;
2010-10-6;;;;
2010-10-7;;;;
2010-10-8;;;;
2010-10-9;;;;
2010-10-10;;;;
2010-10-11;;;;
2010-10-12;;;;
2010-10-13;;;;
2010-10-14;;;;
2010-10-15;;;;
2010-10-16;;;;
2010-10-16;;;;
2010-10-18;;;;
2010-10-19;;;;
2010-10-20;;;;
2010-10-21;;;;
2010-10-22;;;;
2010-10-23;;;;
2010-10-24;;;;
2010-10-25;;;;
2010-10-26;;;;
2010-10-27;;;;
2010-10-28;;;;
2010-10-29;;;;
2010-10-30;;;;
2010-10-31;;;;
2010-11-1;;;;
2010-11-2;;;;
2010-11-3;;;;
2010-11-4;;;;
2010-11-5;;;;
2010-11-6;;;;
2010-11-7;;;;
2010-11-8;;;;
2010-11-9;;;;
2010-11-10;;;;
2010-11-11;;;;
2010-11-12;;;;
2010-11-13;;;;
2010-11-14;;;;
2010-11-15;;;;
2010-11-16;;;;
2010-11-17;;;;
2010-11-18;;;;
2010-11-19;;;;
2010-11-20;;;;
2010-11-21;;;;
2010-11-22;;;;
2010-11-23;;;;
2010-11-24;;;;
2010-11-25;;;;
2010-11-26;;;;
2010-11-27;;;;
2010-11-28;;;;
2010-11-29;;;;
2010-11-30;;;;
2010-12-1;;;;
2010-12-2;;;;
2010-12-3;;;;
2010-12-4;;;;
2010-12-5;;;;
2010-12-6;;;;
2010-12-7;;;;
2010-12-8;;;;
2010-12-9;;;;
2010-12-10;;;;
2010-12-11;;;;
2010-12-12;;;;
2010-12-13;;;;
2010-12-14;;;;
2010-12-15;;;;
2010-12-16;;;;
2010-12-17;;;;
2010-12-18;;;;
2010-12-19;;;;
2010-12-20;;;;
2010-12-21;;;;
2010-12-22;;;;
2010-12-23;;;;
2010-12-24;;;;
2010-12-25;;;;
2010-12-26;;;;
2010-12-27;;;;
2010-12-28;;;;
2010-12-29;;;;
2010-12-30;;;;
2010-12-31;;;;
2011-1-1;;;;
2011-1-2;;;;
2011-1-3;;;;
2011-1-4;;;;
2011-1-5;;;;
2011-1-6;;;;
2011-1-7;;;;
2011-1-8;;;;
2011-1-9;;;;
2011-1-10;;;;
2011-1-11;;;;
2011-1-12;;;;
2011-1-13;;;;
2011-1-14;;;;
2011-1-15;;;;
2011-1-16;;;;
2011-1-17;;;;
2011-1-18;;;;
2011-1-19;;;;
2011-1-20;;;;
2011-1-21;;;;
2011-1-22;;;;
2011-1-23;;;;
2011-1-24;;;;
2011-1-25;;;;
2011-1-26;;;;
2011-1-27;;;;
2011-1-28;;;;
2011-1-29;;;;
2011-1-30;;;;
2011-1-31;;;;
2011-2-1;;;;
2011-2-2;;;;
2011-2-3;;;;
2011-2-4;;;;
2011-2-5;;;;
2011-2-6;;;;
2011-2-7;;;;
2011-2-8;;;;
2011-2-9;;;;
2011-2-10;;;;
2011-2-11;;;;
2011-2-12;;;;
2011-2-13;;;;
2011-2-14;;;;
2011-2-15;;;;
2011-2-16;;;;
2011-2-17;;;;
2011-2-18;;;;
2011-2-19;;;;
2011-2-20;;;;
2011-2-21;;;;
2011-2-22;;;;
2011-2-23;;;;
2011-2-24;;;;
2011-2-25;;;;
2011-2-26;;;;
2011-2-27;;;;
2011-2-28;;;;
2011-3-1;;;;
2011-3-2;;;;
2011-3-3;;;;
2011-3-4;;;;
2011-3-5;;;;
2011-3-6;;;;
2011-3-7;;;;
2011-3-8;;;;
2011-3-9;;;;
2011-3-10;;;;
2011-3-11;;;;
2011-3-12;;;;
2011-3-13;;;;
2011-3-14;;;;
2011-3-15;;;;
2011-3-16;;;;
2011-3-17;;;;
2011-3-18;;;;
2011-3-19;;;;
2011-3-20;;;;
2011-3-21;;;;
2011-3-22;;;;
2011-3-23;;;;
2011-3-24;;;;
2011-3-25;;;;
2011-3-26;;;;
2011-3-27;;;;
2011-3-28;;;;
2011-3-29;;;;
2011-3-30;;;;
2011-3-31;;;;
2011-4-1;;;;
2011-4-2;;;;
2011-4-3;;;;
2011-4-4;;;;
2011-4-5;;;;
2011-4-6;;;;
2011-4-7;;;;
2011-4-8;;;;
2011-4-9;;;;
2011-4-10;;;;
2011-4-11;;;;
2011-4-12;;;;
2011-4-13;;;;
2011-4-14;;;;
2011-4-15;;;;
2011-4-16;;;;
2011-4-17;;;;
2011-4-18;;;;
2011-4-19;;;;
2011-4-20;;;;
2011-4-21;;;;
2011-4-22;;;;
2011-4-23;;;;
2011-4-24;;;;
2011-4-25;;;;
2011-4-26;;;;
2011-4-27;;;;
2011-4-28;;;;
2011-4-29;;;;
2011-4-30;;;;
2011-5-1;;;;
2011-5-2;;;;
2011-5-3;;;;
2011-5-4;;;;
2011-5-5;;;;
2011-5-6;;;;
2011-5-7;;;;
2011-5-8;;;;
2011-5-9;;;;
2011-5-10;;;;
2011-5-11;;;;
2011-5-12;;;;
2011-5-13;;;;
2011-5-14;;;;
2011-5-15;;;;
2011-5-16;;;;
2011-5-17;;;;
2011-5-18;;;;
2011-5-19;;;;
2011-5-20;;;;
2011-5-21;;;;
2011-5-22;;;;
2011-5-23;;;;
2011-5-24;;;;
2011-5-25;;;;
2011-5-26;;;;
2011-5-27;;;;
2011-5-28;;;;
2011-5-29;;;;
2011-5-30;;;;
2011-5-31;;;;
2011-6-1;;;;
2011-6-2;;;;
2011-6-3;;;;
2011-6-4;;;;
2011-6-5;;;;
2011-6-6;;;;
2011-6-7;;;;
2011-6-8;;;;
2011-6-9;;;;
2011-6-10;;;;
2011-6-11;;;;
2011-6-12;;;;
2011-6-13;;;;
2011-6-14;;;;
2011-6-15;;;;
2011-6-16;;;;
2011-6-17;;;;
2011-6-18;;;;
2011-6-19;;;;
2011-6-20;;;;
2011-6-21;;;;
2011-6-22;;;;
2011-6-23;;;;
2011-6-24;;;;
2011-6-25;;;;
2011-6-26;;;;
2011-6-27;;;;
2011-6-28;;;;
2011-6-29;;;;
2011-6-30;;;;
2011-7-1;;;;
2011-7-2;;;;
2011-7-3;;;;
2011-7-4;;;;
2011-7-5;;;;
2011-7-6;;;;
2011-7-7;;;;
2011-7-8;;;;
2011-7-9;;;;
2011-7-10;;;;
2011-7-11;;;;
2011-7-12;;;;
2011-7-13;;;;
2011-7-14;;;;
2011-7-15;;;;
2011-7-16;;;;
2011-7-17;;;;
2011-7-18;;;;
2011-7-19;;;;
2011-7-20;;;;
2011-7-21;;;;
2011-7-22;;;;
2011-7-23;;;;
2011-7-24;;;;
2011-7-25;;;;
2011-7-26;;;;
2011-7-27;;;;
2011-7-28;;;;
2011-7-29;;;;
2011-7-30;;;;
2011-7-31;;;;
2011-8-1;;;;
2011-8-2;;;;
2011-8-3;;;;
2011-8-4;;;;
2011-8-5;;;;
2011-8-6;;;;
2011-8-7;;;;
2011-8-8;;;;
2011-8-9;;;;
2011-8-10;;;;
2011-8-11;;;;
2011-8-12;;;;
2011-8-13;;;;
2011-8-14;;;;
2011-8-15;;;;
2011-8-16;;;;
2011-8-17;;;;
2011-8-18;;;;
2011-8-19;;;;
2011-8-20;;;;
2011-8-21;;;;
2011-8-22;;;;
2011-8-23;;;;
2011-8-24;;;;
2011-8-25;;;;
2011-8-26;;;;
2011-8-27;;;;
2011-8-28;;;;
2011-8-29;;;;
2011-8-30;;;;
2011-8-31;;;;
2011-9-1;;;;
2011-9-2;;;;
2011-9-3;;;;
2011-9-4;;;;
2011-9-5;;;;
2011-9-6;;;;
2011-9-7;;;;
2011-9-8;;;;
2011-9-9;;;;
2011-9-10;;;;
2011-9-11;;;;
2011-9-12;;;;
2011-9-13;;;;
2011-9-14;;;;
2011-9-15;;;;
2011-9-16;;;;
2011-9-17;;;;
2011-9-18;;;;
2011-9-19;;;;
2011-9-20;;;;
2011-9-21;;;;
2011-9-22;;;;
2011-9-23;;;;
2011-9-24;;;;
2011-9-25;;;;
2011-9-26;;;;
2011-9-27;;;;
2011-9-28;;;;
2011-9-29;;;;
2011-9-30;;;;
2011-10-1;;;;
2011-10-2;;;;
2011-10-3;;;;
2011-10-4;;;;
2011-10-5;;;;
2011-10-6;;;;
2011-10-7;;;;
2011-10-8;;;;
2011-10-9;;;;
2011-10-10;;;;
2011-10-11;;;;
2011-10-12;;;;
2011-10-13;;;;
2011-10-14;;;;
2011-10-15;;;;
2011-10-15;;;;
2011-10-17;;;;
2011-10-18;;;;
2011-10-19;;;;
2011-10-20;;;;
2011-10-21;;;;
2011-10-22;;;;
2011-10-23;;;;
2011-10-24;;;;
2011-10-25;;;;
2011-10-26;;;;
2011-10-27;;;;
2011-10-28;;;;
2011-10-29;;;;
2011-10-30;;;;
2011-10-31;;;;
2011-11-1;;;;
2011-11-2;;;;
2011-11-3;;;;
2011-11-4;;;;
2011-11-5;;;;
2011-11-6;;;;
2011-11-7;;;;
2011-11-8;;;;
2011-11-9;;;;
2011-11-10;;;;
2011-11-11;;;;
2011-11-12;;;;
2011-11-13;;;;
2011-11-14;;;;
2011-11-15;;;;
2011-11-16;;;;
2011-11-17;;;;
2011-11-18;;;;
2011-11-19;;;;
2011-11-20;;;;
2011-11-21;;;;
2011-11-22;;;;
2011-11-23;;;;
2011-11-24;;;;
2011-11-25;;;;
2011-11-26;;;;
2011-11-27;;;;
2011-11-28;;;;
2011-11-29;;;;
2011-11-30;;;;
2011-12-1;;;;
2011-12-2;;;;
2011-12-3;;;;
2011-12-4;;;;
2011-12-5;;;;
2011-12-6;;;;
2011-12-7;;;;
2011-12-8;;;;
2011-12-9;;;;
2011-12-10;;;;
2011-12-11;;;;
2011-12-12;;;;
2011-12-13;;;;
2011-12-14;;;;
2011-12-15;;;;
2011-12-16;;;;
2011-12-17;;;;
2011-12-18;;;;
2011-12-19;;;;
2011-12-20;;;;
2011-12-21;;;;
2011-12-22;;;;
2011-12-23;;;;
2011-12-24;;;;
2011-12-25;;;;
2011-12-26;;;;
2011-12-27;;;;
2011-12-28;;;;
2011-12-29;;;;
2011-12-30;;;;
2011-12-31;;;;
2012-1-1;;;;
2012-1-2;;;;
2012-1-3;;;;
2012-1-4;;;;
2012-1-5;;;;
2012-1-6;;;;
2012-1-7;;;;
2012-1-8;;;;
2012-1-9;;;;
2012-1-10;;;;
2012-1-11;;;;
2012-1-12;;;;
2012-1-13;;;;
2012-1-14;;;;
2012-1-15;;;;
2012-1-16;;;;
2012-1-17;;;;
2012-1-18;;;;
2012-1-19;;;;
2012-1-20;;;;
2012-1-21;;;;
2012-1-22;;;;
2012-1-23;;;;
2012-1-24;;;;
2012-1-25;;;;
2012-1-26;;;;
2012-1-27;;;;
2012-1-28;;;;
2012-1-29;;;;
2012-1-30;;;;
2012-1-31;;;;
2012-2-1;;;;
2012-2-2;;;;
2012-2-3;;;;
2012-2-4;;;;
2012-2-5;;;;
2012-2-6;;;;
2012-2-7;;;;
2012-2-8;;;;
2012-2-9;;;;
2012-2-10;;;;
2012-2-11;;;;
2012-2-12;;;;
2012-2-13;;;;
2012-2-14;;;;
2012-2-15;;;;
2012-2-16;;;;
2012-2-17;;;;
2012-2-18;;;;
2012-2-19;;;;
2012-2-20;;;;
2012-2-21;;;;
2012-2-22;;;;
2012-2-23;;;;
2012-2-24;;;;
2012-2-25;;;;
2012-2-26;;;;
2012-2-27;;;;
2012-2-28;;;;
2012-2-29;;;;
2012-3-1;;;;
2012-3-2;;;;
2012-3-3;;;;
2012-3-4;;;;
2012-3-5;;;;
2012-3-6;;;;
2012-3-7;;;;
2012-3-8;;;;
2012-3-9;;;;
2012-3-10;;;;
2012-3-11;;;;
2012-3-12;;;;
2012-3-13;;;;
2012-3-14;;;;
2012-3-15;;;;
2012-3-16;;;;
2012-3-17;;;;
2012-3-18;;;;
2012-3-19;;;;
2012-3-20;;;;
2012-3-21;;;;
2012-3-22;;;;
2012-3-23;;;;
2012-3-24;;;;
2012-3-25;;;;
2012-3-26;;;;
2012-3-27;;;;
2012-3-28;;;;
2012-3-29;;;;
2012-3-30;;;;
2012-3-31;;;;
2012-4-1;;;;
2012-4-2;;;;
2012-4-3;;;;
2012-4-4;;;;
2012-4-5;;;;
2012-4-6;;;;
2012-4-7;;;;
2012-4-8;;;;
2012-4-9;;;;
2012-4-10;;;;
2012-4-11;;;;
2012-4-12;;;;
2012-4-13;;;;
2012-4-14;;;;
2012-4-15;;;;
2012-4-16;;;;
2012-4-17;;;;
2012-4-18;;;;
2012-4-19;;;;
2012-4-20;;;;
2012-4-21;;;;
2012-4-22;;;;
2012-4-23;;;;
2012-4-24;;;;
2012-4-25;;;;
2012-4-26;;;;
2012-4-27;;;;
2012-4-28;;;;
2012-4-29;;;;
2012-4-30;;;;
2012-5-1;;;;
2012-5-2;;;;
2012-5-3;;;;
2012-5-4;;;;
2012-5-5;;;;
2012-5-6;;;;
2012-5-7;;;;
2012-5-8;;;;
2012-5-9;;;;
2012-5-10;;;;
2012-5-11;;;;
2012-5-12;;;;
2012-5-13;;;;
2012-5-14;;;;
2012-5-15;;;;
2012-5-16;;;;
2012-5-17;;;;
2012-5-18;;;;
2012-5-19;;;;
2012-5-20;;;;
2012-5-21;;;;
2012-5-22;;;;
2012-5-23;;;;
2012-5-24;;;;
2012-5-25;;;;
2012-5-26;;;;
2012-5-27;;;;
2012-5-28;;;;
2012-5-29;;;;
2012-5-30;;;;
2012-5-31;;;;
2012-6-1;;;;
2012-6-2;;;;
2012-6-3;;;;
2012-6-4;;;;
2012-6-5;;;;
2012-6-6;;;;
2012-6-7;;;;
2012-6-8;;;;
2012-6-9;;;;
2012-6-10;;;;
2012-6-11;;;;
2012-6-12;;;;
2012-6-13;;;;
2012-6-14;;;;
2012-6-15;;;;
2012-6-16;;;;
2012-6-17;;;;
2012-6-18;;;;
2012-6-19;;;;
2012-6-20;;;;
2012-6-21;;;;
2012-6-22;;;;
2012-6-23;;;;
2012-6-24;;;;
2012-6-25;;;;
2012-6-26;;;;
2012-6-27;;;;
2012-6-28;;;;
2012-6-29;;;;
2012-6-30;;;;
2012-7-1;;;;
2012-7-2;;;;
2012-7-3;;;;
2012-7-4;;;;
2012-7-5;;;;
2012-7-6;;;;
2012-7-7;;;;
2012-7-8;;;;
2012-7-9;;;;
2012-7-10;;;;
2012-7-11;;;;
2012-7-12;;;;
2012-7-13;;;;
2012-7-14;;;;
2012-7-15;;;;
2012-7-16;;;;
2012-7-17;;;;
2012-7-18;;;;
2012-7-19;;;;
2012-7-20;;;;
2012-7-21;;;;
2012-7-22;;;;
2012-7-23;;;;
2012-7-24;;;;
2012-7-25;;;;
2012-7-26;;;;
2012-7-27;;;;
2012-7-28;;;;
2012-7-29;;;;
2012-7-30;;;;
2012-7-31;;;;
2012-8-1;;;;
2012-8-2;;;;
2012-8-3;;;;
2012-8-4;;;;
2012-8-5;;;;
2012-8-6;;;;
2012-8-7;;;;
2012-8-8;;;;
2012-8-9;;;;
2012-8-10;;;;
2012-8-11;;;;
2012-8-12;;;;
2012-8-13;;;;
2012-8-14;;;;
2012-8-15;;;;
2012-8-16;;;;
2012-8-17;;;;
2012-8-18;;;;
2012-8-19;;;;
2012-8-20;;;;
2012-8-21;;;;
2012-8-22;;;;
2012-8-23;;;;
2012-8-24;;;;
2012-8-25;;;;
2012-8-26;;;;
2012-8-27;;;;
2012-8-28;;;;
2012-8-29;;;;
2012-8-30;;;;
2012-8-31;;;;
2012-9-1;;;;
2012-9-2;;;;
2012-9-3;;;;
2012-9-4;;;;
2012-9-5;;;;
2012-9-6;;;;
2012-9-7;;;;
2012-9-8;;;;
2012-9-9;;;;
2012-9-10;;;;
2012-9-11;;;;
2012-9-12;;;;
2012-9-13;;;;
2012-9-14;;;;
2012-9-15;;;;
2012-9-16;;;;
2012-9-17;;;;
2012-9-18;;;;
2012-9-19;;;;
2012-9-20;;;;
2012-9-21;;;;
2012-9-22;;;;
2012-9-23;;;;
2012-9-24;;;;
2012-9-25;;;;
2012-9-26;;;;
2012-9-27;;;;
2012-9-28;;;;
2012-9-29;;;;
2012-9-30;;;;
2012-10-1;;;;
2012-10-2;;;;
2012-10-3;;;;
2012-10-4;;;;
2012-10-5;;;;
2012-10-6;;;;
2012-10-7;;;;
2012-10-8;;;;
2012-10-9;;;;
2012-10-10;;;;
2012-10-11;;;;
2012-10-12;;;;
2012-10-13;;;;
2012-10-14;;;;
2012-10-15;;;;
2012-10-16;;;;
2012-10-17;;;;
2012-10-18;;;;
2012-10-19;;;;
2012-10-20;;;;
2012-10-20;;;;
2012-10-22;;;;
2012-10-23;;;;
2012-10-24;;;;
2012-10-25;;;;
2012-10-26;;;;
2012-10-27;;;;
2012-10-28;;;;
2012-10-29;;;;
2012-10-30;;;;
2012-10-31;;;;
2012-11-1;;;;
2012-11-2;;;;
2012-11-3;;;;
2012-11-4;;;;
2012-11-5;;;;
2012-11-6;;;;
2012-11-7;;;;
2012-11-8;;;;
2012-11-9;;;;
2012-11-10;;;;
2012-11-11;;;;
2012-11-12;;;;
2012-11-13;;;;
2012-11-14;;;;
2012-11-15;;;;
2012-11-16;;;;
2012-11-17;;;;
2012-11-18;;;;
2012-11-19;;;;
2012-11-20;;;;
2012-11-21;;;;
2012-11-22;;;;
2012-11-23;;;;
2012-11-24;;;;
2012-11-25;;;;
2012-11-26;;;;
2012-11-27;;;;
2012-11-28;;;;
2012-11-29;;;;
2012-11-30;;;;
2012-12-1;;;;
2012-12-2;;;;
2012-12-3;;;;
2012-12-4;;;;
2012-12-5;;;;
2012-12-6;;;;
2012-12-7;;;;
2012-12-8;;;;
2012-12-9;;;;
2012-12-10;;;;
2012-12-11;;;;
2012-12-12;;;;
2012-12-13;;;;
2012-12-14;;;;
2012-12-15;;;;
2012-12-16;;;;
2012-12-17;;;;
2012-12-18;;;;
2012-12-19;;;;
2012-12-20;;;;
2012-12-21;;;;
2012-12-22;;;;
2012-12-23;;;;
2012-12-24;;;;
2012-12-25;;;;
2012-12-26;;;;
2012-12-27;;;;
2012-12-28;;;;
2012-12-29;;;;
2012-12-30;;;;
2012-12-31;;;;
2013-1-1;27;24;63;0.0
2013-1-2;33;24;55;0.0
2013-1-3;25;23;87;0.0
2013-1-4;32;21;68;0.0
2013-1-5;32;22;71;0.0
2013-1-6;32;24;65;0.0
2013-1-7;33;25;67;0.0
2013-1-8;31;23;69;0.0
2013-1-9;31;23;79;0.0
2013-1-10;33;23;71;0.0
2013-1-11;31;23;65;0.0
2013-1-12;31;22;80;0.0
2013-1-13;31;21;73;0.0
2013-1-14;27;22;82;0.0
2013-1-15;29;20;68;0.0
2013-1-16;29;23;73;0.0
2013-1-17;30;24;64;0.0
2013-1-18;28;25;79;0.0
2013-1-19;31;23;70;0.0
2013-1-20;26;22;89;0.0
2013-1-21;29;23;80;0.0
2013-1-22;30;22;77;0.0
2013-1-23;29;22;81;0.0
2013-1-24;;;;
2013-1-25;;;;
2013-1-26;;;;
2013-1-27;;;;
2013-1-28;;;;
2013-1-29;;;;
2013-1-30;;;;
2013-1-31;;;;
2013-2-1;32;22;59;0.0
2013-2-2;31;23;64;0.0
2013-2-3;33;22;62;0.0
2013-2-4;31;22;57;0.0
2013-2-5;31;21;80;0.0
2013-2-6;28;20;72;0.0
2013-2-7;32;23;60;0.0
2013-2-8;32;23;62;0.0
2013-2-9;32;24;60;0.0
2013-2-10;33;24;57;0.0
2013-2-11;33;21;60;0.0
2013-2-12;33;19;59;0.0
2013-2-13;34;19;57;0.0
2013-2-14;33;21;61;0.0
2013-2-15;32;20;65;0.0
2013-2-16;35;22;56;0.0
2013-2-17;33;24;53;0.0
2013-2-18;33;24;57;0.0
2013-2-19;33;24;55;0.0
2013-2-20;32;22;55;0.0
2013-2-21;33;22;57;0.0
2013-2-22;32;21;56;0.0
2013-2-23;32;21;57;0.0
2013-2-24;31;24;59;0.0
2013-2-25;33;23;58;0.0
2013-2-26;34;23;55;0.0
2013-2-27;33;22;61;0.0
2013-2-28;32;22;67;0.0
2013-3-1;29;24;64;0.0
2013-3-2;30;22;67;0.0
2013-3-3;32;23;62;0.0
2013-3-4;33;22;57;0.0
2013-3-5;34;21;58;0.0
2013-3-6;34;23;59;0.0
2013-3-7;32;23;65;0.0
2013-3-8;33;23;58;0.0
2013-3-9;34;21;63;0.0
2013-3-10;33;25;57;0.0
2013-3-11;35;23;62;0.0
2013-3-12;36;22;56;0.0
2013-3-13;36;24;65;0.0
2013-3-14;31;23;67;0.0
2013-3-15;28;24;78;0.0
2013-3-16;32;23;66;0.0
2013-3-17;33;23;63;0.0
2013-3-18;31;23;81;0.0
2013-3-19;28;22;73;0.0
2013-3-20;29;21;66;0.0
2013-3-21;32;22;63;0.0
2013-3-22;32;23;67;0.0
2013-3-23;32;24;63;0.0
2013-3-24;31;24;72;0.0
2013-3-25;27;23;76;0.0
2013-3-26;29;23;68;0.0
2013-3-27;31;23;68;0.0
2013-3-28;28;23;75;0.0
2013-3-29;23;22;93;0.0
2013-3-30;25;22;85;0.0
2013-3-31;27;24;75;0.0
2013-4-1;;;;
2013-4-2;;;;
2013-4-3;;;;
2013-4-4;;;;
2013-4-5;;;;
2013-4-6;;;;
2013-4-7;;;;
2013-4-8;;;;
2013-4-9;;;;
2013-4-10;;;;
2013-4-11;25;22;83;0.00
2013-4-12;29;22;72;0.00
2013-4-13;30;23;72;0.00
2013-4-14;31;24;73;0.00
2013-4-15;24;22;87;0.00
2013-4-16;28;22;74;0.00
2013-4-17;31;22;68;0.00
2013-4-18;28;20;68;0.00
2013-4-19;28;21;71;0.00
2013-4-20;30;20;69;0.00
2013-4-21;30;22;73;0.00
2013-4-22;26;19;72;0.00
2013-4-23;26;16;67;0.00
2013-4-24;27;19;63;0.00
2013-4-25;28;20;69;0.00
2013-4-26;28;17;66;0.00
2013-4-27;29;16;59;0.00
2013-4-28;29;20;60;0.00
2013-4-29;29;15;62;0.00
2013-4-30;29;16;65;0.00
2013-5-1;30;17;64;0.00
2013-5-2;29;17;64;0.00
2013-5-3;29;18;61;0.00
2013-5-4;32;17;61;0.00
2013-5-5;30;17;59;0.00
2013-5-6;32;16;58;0.00
2013-5-7;28;19;62;0.00
2013-5-8;28;15;62;0.00
2013-5-9;24;18;82;0.00
2013-5-10;28;16;69;0.00
2013-5-11;29;15;66;0.00
2013-5-12;30;17;54;0.00
2013-5-13;29;15;62;0.00
2013-5-14;30;17;62;0.00
2013-5-15;30;17;62;0.00
2013-5-16;30;18;60;0.00
2013-5-17;31;17;61;0.00
2013-5-18;26;20;69;0.00
2013-5-19;27;21;62;0.00
2013-5-20;24;19;77;0.00
2013-5-21;;;;0.00
2013-5-22;;;;0.00
2013-5-23;;;;0.00
2013-5-24;;;;0.00
2013-5-25;;;;0.00
2013-5-26;;;;0.00
2013-5-27;;;;0.00
2013-5-28;;;;0.00
2013-5-29;;;;0.00
2013-5-30;;;;0.00
2013-5-31;;;;0.00
2013-6-1;;;;0.00
2013-6-2;;;;0.00
2013-6-3;;;;0.00
2013-6-4;;;;0.00
2013-6-5;;;;0.00
2013-6-6;;;;0.00
2013-6-7;;;;0.00
2013-6-8;;;;0.00
2013-6-9;20;20;26;0.00
2013-6-10;;;;0.00
2013-6-11;;;;0.00
2013-6-12;;;;0.00
2013-6-13;;;;0.00
2013-6-14;;;;0.00
2013-6-15;;;;0.00
2013-6-16;;;;0.00
2013-6-17;;;;0.00
2013-6-18;;;;0.00
2013-6-19;;;;0.00
2013-6-20;;;;0.00
2013-6-21;;;;0.00
2013-6-22;;;;0.00
2013-6-23;;;;0.00
2013-6-24;;;;0.00
2013-6-25;;;;0.00
2013-6-26;;;;0.00
2013-6-27;;;;0.00
2013-6-28;;;;0.00
2013-6-29;;;;0.00
2013-6-30;;;;0.00
2013-7-1;;;;0.00
2013-7-2;;;;0.00
2013-7-3;;;;0.00
2013-7-4;;;;0.00
2013-7-5;;;;0.00
2013-7-6;;;;0.00
2013-7-7;;;;0.00
2013-7-8;;;;0.00
2013-7-9;;;;0.00
2013-7-10;;;;0.00
2013-7-11;;;;0.00
2013-7-12;;;;0.00
2013-7-13;;;;0.00
2013-7-14;;;;0.00
2013-7-15;;;;0.00
2013-7-16;;;;0.00
2013-7-17;;;;0.00
2013-7-18;;;;0.00
2013-7-19;;;;0.00
2013-7-20;;;;0.00
2013-7-21;;;;0.00
2013-7-22;;;;0.00
2013-7-23;;;;0.00
2013-7-24;;;;0.00
2013-7-25;;;;0.00
2013-7-26;;;;0.00
2013-7-27;;;;0.00
2013-7-28;;;;0.00
2013-7-29;;;;0.00
2013-7-30;;;;0.00
2013-7-31;;;;0.00
2013-8-1;;;;0.00
2013-8-2;;;;0.00
2013-8-3;;;;0.00
2013-8-4;;;;0.00
2013-8-5;;;;0.00
2013-8-6;;;;0.00
2013-8-7;;;;0.00
2013-8-8;;;;0.00
2013-8-9;;;;0.00
2013-8-10;;;;0.00
2013-8-11;;;;0.00
2013-8-12;;;;0.00
2013-8-13;;;;0.00
2013-8-14;;;;0.00
2013-8-15;;;;0.00
2013-8-16;;;;0.00
2013-8-17;;;;0.00
2013-8-18;;;;0.00
2013-8-19;;;;0.00
2013-8-20;;;;0.00
2013-8-21;;;;0.00
2013-8-22;;;;0.00
2013-8-23;;;;0.00
2013-8-24;;;;0.00
2013-8-25;;;;0.00
2013-8-26;;;;0.00
2013-8-27;;;;0.00
2013-8-28;;;;0.00
2013-8-29;;;;0.00
2013-8-30;;;;0.00
2013-8-31;;;;0.00
2013-9-1;;;;0.00
2013-9-2;;;;0.00
2013-9-3;;;;0.00
2013-9-4;;;;0.00
2013-9-5;;;;0.00
2013-9-6;;;;0.00
2013-9-7;;;;0.00
2013-9-8;;;;0.00
2013-9-9;;;;0.00
2013-9-10;;;;0.00
2013-9-11;;;;0.00
2013-9-12;;;;0.00
2013-9-13;30;23;56;0.00
2013-9-14;27;18;64;0.00
2013-9-15;27;19;64;0.00
2013-9-16;31;17;65;0.00
2013-9-17;31;20;69;0.00
2013-9-18;30;19;66;0.00
2013-9-19;31;21;65;0.00
2013-9-20;33;23;58;0.00
2013-9-21;29;23;51;0.00
2013-9-22;32;22;52;0.00
2013-9-23;39;19;55;0.00
2013-9-24;36;23;55;0.00
2013-9-25;35;22;61;0.00
2013-9-26;27;19;62;0.00
2013-9-27;30;20;61;0.00
2013-9-28;33;21;60;0.00
2013-9-29;23;19;91;0.00
2013-9-30;26;20;81;0.00
2013-10-1;29;20;77;0.00
2013-10-2;31;19;75;0.00
2013-10-3;30;20;75;0.00
2013-10-4;30;20;68;0.00
2013-10-5;32;21;73;0.00
2013-10-6;23;18;87;0.00
2013-10-7;20;18;90;0.00
2013-10-8;20;17;92;0.00
2013-10-9;23;16;80;0.00
2013-10-10;26;17;69;0.00
2013-10-11;30;17;61;0.00
2013-10-12;25;17;71;0.00
2013-10-13;29;19;52;0.00
2013-10-14;29;19;63;0.00
2013-10-15;29;21;63;0.00
2013-10-16;29;21;62;0.00
2013-10-17;22;20;90;0.00
2013-10-18;27;21;82;0.00
2013-10-19;29;21;76;0.00
2013-10-20;31;23;67;0.00
2013-10-21;33;21;59;0.00
2013-10-22;35;22;63;0.00
2013-10-23;33;24;55;0.00
2013-10-24;33;23;58;0.00
2013-10-25;33;17;59;0.00
2013-10-26;32;23;52;0.00
2013-10-27;34;22;51;0.00
2013-10-28;33;22;57;0.00
2013-10-29;27;21;68;0.00
2013-10-30;27;21;70;0.00
2013-10-31;28;22;68;0.00
2013-11-1;27;16;70;0.00
2013-11-2;31;20;58;0.00
2013-11-3;31;20;55;0.00
2013-11-4;31;19;50;0.00
2013-11-5;31;20;63;0.00
2013-11-6;25;19;86;0.00
2013-11-7;25;20;90;0.00
2013-11-8;26;20;91;0.00
2013-11-9;33;22;69;0.00
2013-11-10;32;23;62;0.00
2013-11-11;34;22;54;0.00
2013-11-12;36;22;56;0.00
2013-11-13;34;23;69;0.00
2013-11-14;30;23;66;0.00
2013-11-15;27;24;71;0.00
2013-11-16;31;21;66;0.00
2013-11-17;25;25;69;0.00
2013-11-18;29;22;75;0.00
2013-11-19;33;22;60;0.00
2013-11-20;32;23;58;0.00
2013-11-21;32;21;57;0.00
2013-11-22;34;16;62;0.00
2013-11-23;28;22;69;0.00
2013-11-24;31;23;63;0.00
2013-11-25;30;22;76;0.00
2013-11-26;26;20;80;0.00
2013-11-27;26;21;81;0.00
2013-11-28;27;21;78;0.00
2013-11-29;31;22;70;0.00
2013-11-30;29;21;71;0.00
2013-12-1;32;24;60;0.00
2013-12-2;32;23;63;0.00
2013-12-3;34;22;62;0.00
2013-12-4;36;22;58;0.00
2013-12-5;35;23;59;0.00
2013-12-6;32;22;69;0.00
2013-12-7;27;22;81;0.00
2013-12-8;29;22;82;0.00
2013-12-9;31;22;77;0.00
2013-12-10;35;23;63;0.00
2013-12-11;31;23;72;0.00
2013-12-12;25;22;87;0.00
2013-12-13;25;21;88;0.00
2013-12-14;30;22;82;0.00
2013-12-15;31;24;65;0.00
2013-12-16;29;22;81;0.00
2013-12-17;24;21;92;0.00
2013-12-18;28;21;79;0.00
2013-12-19;32;22;66;0.00
2013-12-20;33;23;70;0.00
2013-12-21;24;21;93;0.00
2013-12-22;26;22;90;0.00
2013-12-23;27;22;90;0.00
2013-12-24;29;22;80;0.00
2013-12-25;29;23;73;0.00
2013-12-26;35;21;68;0.00
2013-12-27;34;23;64;0.00
2013-12-28;34;23;58;0.00
2013-12-29;33;21;78;0.00
2013-12-30;34;23;73;0.00
2013-12-31;35;22;68;0.00
2014-1-1;34;24;65;0.00
2014-1-2;35;24;57;0.00
2014-1-3;34;22;58;0.00
2014-1-4;35;19;56;0.00
2014-1-5;34;30;49;0.00
2014-1-6;32;22;56;0.00
2014-1-7;34;24;58;0.00
2014-1-8;33;22;54;0.00
2014-1-9;31;21;68;0.00
2014-1-10;33;23;61;0.00
2014-1-11;33;23;58;0.00
2014-1-12;34;26;50;0.00
2014-1-13;33;24;54;0.00
2014-1-14;33;23;58;0.00
2014-1-15;34;21;55;0.00
2014-1-16;33;21;60;0.00
2014-1-17;31;21;64;0.00
2014-1-18;29;20;69;0.00
2014-1-19;28;23;74;0.00
2014-1-20;29;22;73;0.00
2014-1-21;30;22;73;0.00
2014-1-22;33;24;59;0.00
2014-1-23;34;23;63;0.00
2014-1-24;33;24;57;0.00
2014-1-25;34;22;61;0.00
2014-1-26;33;24;59;0.00
2014-1-27;33;24;61;0.00
2014-1-28;33;21;59;0.00
2014-1-29;33;19;63;0.00
2014-1-30;34;24;55;0.00
2014-1-31;34;20;58;0.00
2014-2-1;33;23;58;0.00
2014-2-2;34;22;52;0.00
2014-2-3;33;23;58;0.00
2014-2-4;35;20;55;0.00
2014-2-5;29;23;63;0.00
2014-2-6;31;21;65;0.00
2014-2-7;34;22;58;0.00
2014-2-8;34;22;55;0.00
2014-2-9;34;24;55;0.00
2014-2-10;34;20;57;0.00
2014-2-11;33;22;57;0.00
2014-2-12;32;21;64;0.00
2014-2-13;34;21;60;0.00
2014-2-14;34;23;57;0.00
2014-2-15;34;22;61;0.00
2014-2-16;35;27;50;0.00
2014-2-17;33;23;61;0.00
2014-2-18;30;22;74;0.00
2014-2-19;32;21;63;0.00
2014-2-20;34;21;57;0.00
2014-2-21;34;21;67;0.00
2014-2-22;31;22;63;0.00
2014-2-23;31;23;65;0.00
2014-2-24;33;22;59;0.00
2014-2-25;34;22;58;0.00
2014-2-26;34;20;58;0.00
2014-2-27;34;23;51;0.00
2014-2-28;33;22;57;0.00
2014-3-1;32;23;66;0.00
2014-3-2;30;22;80;0.00
2014-3-3;31;22;66;0.00
2014-3-4;31;22;64;0.00
2014-3-5;32;23;62;0.00
2014-3-6;30;23;64;0.00
2014-3-7;30;22;70;0.00
2014-3-8;30;25;64;0.00
2014-3-9;30;23;73;0.00
2014-3-10;33;23;65;0.00
2014-3-11;33;23;62;0.00
2014-3-12;33;21;62;0.00
2014-3-13;31;22;68;0.00
2014-3-14;33;22;58;0.00
2014-3-15;30;23;64;0.00
2014-3-16;32;25;61;0.00
2014-3-17;33;21;60;0.00
2014-3-18;32;20;58;0.00
2014-3-19;33;21;58;0.00
2014-3-20;32;20;60;0.00
2014-3-21;33;21;60;0.00
2014-3-22;34;23;53;0.00
2014-3-23;27;22;84;0.00
2014-3-24;25;21;88;0.00
2014-3-25;30;21;73;0.00
2014-3-26;29;22;75;0.00
2014-3-27;30;21;70;0.00
2014-3-28;30;21;66;0.00
2014-3-29;30;23;68;0.00
2014-3-30;30;25;63;0.00
2014-3-31;30;22;68;0.00
2014-4-1;32;23;73;0.00
2014-4-2;33;23;66;0.00
2014-4-3;32;22;72;0.00
2014-4-4;31;22;74;0.00
2014-4-5;30;22;64;0.00
2014-4-6;33;24;60;0.00
2014-4-7;31;17;72;0.00
2014-4-8;31;19;71;0.00
2014-4-9;32;20;63;0.00
2014-4-10;31;22;67;0.00
2014-4-11;26;22;87;0.00
2014-4-12;30;22;66;0.00
2014-4-13;32;22;64;0.00
2014-4-14;33;20;65;0.00
2014-4-15;26;21;86;0.00
2014-4-16;30;23;76;0.00
2014-4-17;31;22;68;0.00
2014-4-18;31;22;61;0.00
2014-4-19;33;23;58;0.00
2014-4-20;33;26;52;0.00
2014-4-21;33;24;58;0.00
2014-4-22;31;22;64;0.00
2014-4-23;32;20;64;0.00
2014-4-24;27;22;82;0.00
2014-4-25;27;21;77;0.00
2014-4-26;28;21;67;0.00
2014-4-27;31;22;67;0.00
2014-4-28;28;15;68;0.00
2014-4-29;27;16;74;0.00
2014-4-30;26;12;67;0.00
2014-5-1;27;17;61;0.00
2014-5-2;29;14;73;0.00
2014-5-3;28;20;56;0.00
2014-5-4;28;23;63;0.00
2014-5-5;30;18;66;0.00
2014-5-6;31;22;64;0.00
2014-5-7;31;20;62;0.00
2014-5-8;32;20;65;0.00
2014-5-9;29;18;71;0.00
2014-5-10;30;21;71;0.00
2014-5-11;28;23;72;0.00
2014-5-12;28;17;64;0.00
2014-5-13;27;11;66;0.00
2014-5-14;25;13;70;0.00
2014-5-15;29;16;68;0.00
2014-5-16;28;15;68;0.00
2014-5-17;32;17;68;0.00
2014-5-18;27;21;66;0.00
2014-5-19;29;17;71;0.00
2014-5-20;28;19;65;0.00
2014-5-21;30;17;67;0.00
2014-5-22;30;16;66;0.00
2014-5-23;32;17;67;0.00
2014-5-24;31;24;53;0.00
2014-5-25;24;20;85;0.00
2014-5-26;27;21;79;0.00
2014-5-27;29;20;68;0.00
2014-5-28;27;18;70;0.00
2014-5-29;23;19;83;0.00
2014-5-30;24;20;78;0.00
2014-5-31;29;18;70;0.00
2014-6-1;28;18;70;0.00
2014-6-2;26;16;71;0.00
2014-6-3;28;16;70;0.00
2014-6-4;28;20;68;0.00
2014-6-5;29;19;67;0.00
2014-6-6;29;16;76;0.00
2014-6-7;28;17;74;0.00
2014-6-8;27;19;67;0.00
2014-6-9;28;17;72;0.00
2014-6-10;28;16;67;0.00
2014-6-11;26;17;72;0.00
2014-6-12;26;20;67;0.00
2014-6-13;28;17;69;0.00
2014-6-14;26;19;71;0.00
2014-6-15;30;18;63;0.00
2014-6-16;27;18;70;0.00
2014-6-17;27;16;66;0.00
2014-6-18;27;17;69;0.00
2014-6-19;25;18;72;0.00
2014-6-20;26;19;66;0.00
2014-6-21;28;19;61;0.00
2014-6-22;27;21;62;0.00
2014-6-23;25;19;70;0.00
2014-6-24;27;16;68;0.00
2014-6-25;26;14;80;0.00
2014-6-26;27;14;73;0.00
2014-6-27;28;13;73;0.00
2014-6-28;28;16;73;0.00
2014-6-29;28;16;69;0.00
2014-6-30;28;21;61;0.00
2014-7-1;29;16;65;0.00
2014-7-2;27;16;64;0.00
2014-7-3;29;15;68;0.00
2014-7-4;29;15;70;0.00
2014-7-5;28;14;71;0.00
2014-7-6;27;19;73;0.00
2014-7-7;28;17;67;0.00
2014-7-8;26;19;71;0.00
2014-7-9;28;18;74;0.00
2014-7-10;27;17;64;0.00
2014-7-11;25;17;78;0.00
2014-7-12;28;15;62;0.00
2014-7-13;28;18;62;0.00
2014-7-14;24;15;77;0.00
2014-7-15;26;16;68;0.00
2014-7-16;25;19;66;0.00
2014-7-17;27;17;59;0.00
2014-7-18;28;14;64;0.00
2014-7-19;28;14;66;0.00
2014-7-20;29;20;61;0.00
2014-7-21;27;18;63;0.00
2014-7-22;27;17;59;0.00
2014-7-23;25;16;72;0.00
2014-7-24;26;19;71;0.00
2014-7-25;23;18;83;0.00
2014-7-26;23;17;87;0.00
2014-7-27;21;18;89;0.00
2014-7-28;25;17;69;0.00
2014-7-29;25;18;69;0.00
2014-7-30;26;17;65;0.00
2014-7-31;27;13;65;0.00
2014-8-1;27;20;63;0.00
2014-8-2;;;;
2014-8-3;27;15;62;0.00
2014-8-4;29;13;61;0.00
2014-8-5;29;13;54;0.00
2014-8-6;28;16;55;0.00
2014-8-7;27;10;58;0.00
2014-8-8;28;9;60;0.00
2014-8-9;28;13;57;0.00
2014-8-10;27;13;61;0.00
2014-8-11;27;12;62;0.00
2014-8-12;27;12;57;0.00
2014-8-13;29;11;53;0.00
2014-8-14;25;18;63;0.00
2014-8-15;25;15;65;0.00
2014-8-16;25;18;59;0.00
2014-8-17;24;20;80;0.00
2014-8-18;27;19;68;0.00
2014-8-19;27;18;59;0.00
2014-8-20;29;19;62;0.00
2014-8-21;27;20;52;0.00
2014-8-22;28;14;57;0.00
2014-8-23;30;13;53;0.00
2014-8-24;29;19;45;0.00
2014-8-25;30;12;53;0.00
2014-8-26;29;14;55;0.00
2014-8-27;33;15;60;0.00
2014-8-28;33;17;53;0.00
2014-8-29;28;20;61;0.00
2014-8-30;27;20;70;0.00
2014-8-31;28;24;55;0.00
2014-9-1;32;17;54;0.00
2014-9-2;33;19;47;0.00
2014-9-3;28;21;67;0.00
2014-9-4;32;19;59;0.00
2014-9-5;28;20;53;0.00
2014-9-6;26;13;56;0.00
2014-9-7;27;17;61;0.00
2014-9-8;27;13;58;0.00
2014-9-9;29;17;62;0.00
2014-9-10;29;18;55;0.00
2014-9-11;29;19;63;0.00
2014-9-12;31;17;58;0.00
2014-9-13;31;16;59;0.00
2014-9-14;30;19;56;0.00
2014-9-15;29;18;54;0.00
2014-9-16;32;19;61;0.00
2014-9-17;30;19;63;0.00
2014-9-18;32;22;61;0.00
2014-9-19;29;22;59;0.00
2014-9-20;29;19;63;0.00
2014-9-21;30;23;56;0.00
2014-9-22;29;20;69;0.00
2014-9-23;29;21;54;0.00
2014-9-24;31;17;61;0.00
2014-9-25;28;17;62;0.00
2014-9-26;33;22;61;0.00
2014-9-27;33;21;49;0.00
2014-9-28;32;22;58;0.00
2014-9-29;33;23;53;0.00
2014-9-30;37;22;52;0.00
2014-10-1;36;22;58;0.00
2014-10-2;34;22;62;0.00
2014-10-3;30;22;59;0.00
2014-10-4;29;18;62;0.00
2014-10-5;30;19;57;0.00
2014-10-6;27;13;55;0.00
2014-10-7;28;18;59;0.00
2014-10-8;30;17;62;0.00
2014-10-9;30;17;57;0.00
2014-10-10;31;19;59;0.00
2014-10-11;34;23;46;0.00
2014-10-12;33;25;48;0.00
2014-10-13;35;22;50;0.00
2014-10-14;38;17;50;0.00
2014-10-15;38;18;48;0.00
2014-10-16;31;25;60;0.00
2014-10-17;36;20;47;0.00
2014-10-18;34;24;47;0.00
2014-10-19;38;26;40;0.00
2014-10-20;36;22;51;0.00
2014-10-21;27;22;69;0.00
2014-10-22;28;22;66;0.00
2014-10-23;31;23;62;0.00
2014-10-24;31;21;53;0.00
2014-10-25;31;22;50;0.00
2014-10-26;26;23;79;0.00
2014-10-27;26;20;76;0.00
2014-10-28;25;18;83;0.00
2014-10-29;30;17;68;0.00
2014-10-30;29;21;69;0.00
2014-10-31;28;22;66;0.00
2014-11-1;30;23;56;0.00
2014-11-2;30;25;52;0.00
2014-11-3;31;24;55;0.00
2014-11-4;32;22;54;0.00
2014-11-5;33;23;51;0.00
2014-11-6;34;24;50;0.00
2014-11-7;32;25;52;0.00
2014-11-8;32;22;58;0.00
2014-11-9;28;24;65;0.00
2014-11-10;29;21;75;0.00
2014-11-11;30;22;65;0.00
2014-11-12;32;24;58;0.00
2014-11-13;31;23;57;0.00
2014-11-14;32;24;62;0.00
2014-11-15;28;23;77;0.00
2014-11-16;31;25;56;0.00
2014-11-17;29;20;71;0.00
2014-11-18;30;21;59;0.00
2014-11-19;30;17;56;0.00
2014-11-20;30;20;57;0.00
2014-11-21;32;18;53;0.00
2014-11-22;29;23;60;0.00
2014-11-23;33;24;50;0.00
2014-11-24;30;22;70;0.00
2014-11-25;30;23;76;0.00
2014-11-26;30;24;60;0.00
2014-11-27;31;23;59;0.00
2014-11-28;27;23;77;0.00
2014-11-29;30;23;67;0.00
2014-11-30;28;25;72;0.00
2014-12-1;27;22;78;0.00
2014-12-2;29;21;67;0.00
2014-12-3;30;22;56;0.00
2014-12-4;32;23;58;0.00
2014-12-5;26;22;72;0.00
2014-12-6;25;21;80;0.00
2014-12-7;30;23;58;0.00
2014-12-8;30;21;56;0.00
2014-12-9;31;24;64;0.00
2014-12-10;30;24;61;0.00
2014-12-11;32;22;56;0.00
2014-12-12;32;24;52;0.00
2014-12-13;32;25;52;0.00
2014-12-14;26;23;84;0.00
2014-12-15;29;22;69;0.00
2014-12-16;28;22;72;0.00
2014-12-17;31;23;59;0.00
2014-12-18;32;23;56;0.00
2014-12-19;32;22;59;0.00
2014-12-20;32;24;55;0.00
2014-12-21;33;23;62;0.00
2014-12-22;33;23;57;0.00
2014-12-23;33;24;56;0.00
2014-12-24;32;24;52;0.00
2014-12-25;33;24;46;0.00
2014-12-26;33;23;51;0.00
2014-12-27;33;24;53;0.00
2014-12-28;34;25;48;0.00
2014-12-29;35;24;57;0.00
2014-12-30;38;23;47;0.00
2014-12-31;38;24;46;0.00
2015-1-1;36;23;53;0.00
2015-1-2;37;23;47;0.00
2015-1-3;37;30;37;0.00
2015-1-4;36;32;41;0.00
2015-1-5;33;24;50;0.00
2015-1-6;32;22;58;0.00
2015-1-7;31;25;56;0.00
2015-1-8;33;23;50;0.00
2015-1-9;34;23;55;0.00
2015-1-10;34;25;53;0.00
2015-1-11;34;24;44;0.00
2015-1-12;35;23;57;0.00
2015-1-13;35;24;57;0.00
2015-1-14;33;22;52;0.00
2015-1-15;33;23;54;0.00
2015-1-16;34;24;49;0.00
2015-1-17;31;23;55;0.00
2015-1-18;34;25;53;0.00
2015-1-19;34;23;52;0.00
2015-1-20;35;23;55;0.00
2015-1-21;35;24;50;0.00
2015-1-22;34;22;51;0.00
2015-1-23;34;23;54;0.00
2015-1-24;32;25;45;0.00
2015-1-25;35;27;41;0.00
2015-1-26;34;24;46;0.00
2015-1-27;35;23;46;0.00
2015-1-28;34;23;49;0.00
2015-1-29;35;23;53;0.00
2015-1-30;35;21;51;0.00
2015-1-31;36;25;40;0.00
2015-2-1;34;25;40;0.00
2015-2-2;36;25;45;0.00
2015-2-3;34;21;51;0.00
2015-2-4;32;22;59;0.00
2015-2-5;25;22;87;0.00
2015-2-6;23;20;92;0.00
2015-2-7;24;21;91;0.00
2015-2-8;24;23;91;0.00
2015-2-9;30;23;80;0.00
2015-2-10;33;22;65;0.00
2015-2-11;32;22;58;0.00
2015-2-12;32;23;50;0.00
2015-2-13;34;22;51;0.00
2015-2-14;32;22;52;0.00
2015-2-15;34;27;47;0.00
2015-2-16;32;23;64;0.00
2015-2-17;31;26;58;0.00
2015-2-18;28;25;56;0.00
2015-2-19;31;24;54;0.00
2015-2-20;34;23;52;0.00
2015-2-21;32;20;49;0.00
2015-2-22;32;23;57;0.00
2015-2-23;33;20;56;0.00
2015-2-24;31;21;55;0.00
2015-2-25;32;24;58;0.00
2015-2-26;35;23;49;0.00
2015-2-27;32;23;67;0.00
2015-2-28;30;23;67;0.00
2015-3-1;31;24;75;0.00
2015-3-2;33;23;56;0.00
2015-3-3;33;23;57;0.00
2015-3-4;29;26;60;0.00
2015-3-5;33;26;46;0.00
2015-3-6;33;23;55;0.00
2015-3-7;34;24;53;0.00
2015-3-8;33;28;51;0.00
2015-3-9;32;24;55;0.00
2015-3-10;32;24;58;0.00
2015-3-11;33;23;57;0.00
2015-3-12;32;24;51;0.00
2015-3-13;32;21;56;0.00
2015-3-14;33;23;53;0.00
2015-3-15;33;26;54;0.00
2015-3-16;34;22;53;0.00
2015-3-17;33;20;57;0.00
2015-3-18;32;23;56;0.00
2015-3-19;32;22;60;0.00
2015-3-20;32;22;55;0.00
2015-3-21;28;22;72;0.00
2015-3-22;30;24;75;0.00
2015-3-23;30;22;78;0.00
2015-3-24;32;21;67;0.00
2015-3-25;30;23;65;0.00
2015-3-26;31;23;62;0.00
2015-3-27;31;19;64;0.00
2015-3-28;33;21;59;0.00
2015-3-29;33;25;58;0.00
2015-3-30;37;21;55;0.00
2015-3-31;33;23;56;0.00
2015-4-1;35;21;63;0.00
2015-4-2;27;23;83;0.00
2015-4-3;27;21;81;0.00
2015-4-4;29;22;66;0.00
2015-4-5;32;25;58;0.00
2015-4-6;32;23;64;0.00
2015-4-7;32;24;59;0.00
2015-4-8;24;21;85;0.00
2015-4-9;26;22;70;0.00
2015-4-10;29;21;71;0.00
2015-4-11;29;22;70;0.00
2015-4-12;31;23;66;0.00
2015-4-13;30;18;64;0.00
2015-4-14;29;17;68;0.00
2015-4-15;30;22;66;0.00
2015-4-16;30;19;65;0.00
2015-4-17;30;22;62;0.00
2015-4-18;29;23;77;0.00
2015-4-19;30;26;62;0.00
2015-4-20;33;22;59;0.00
2015-4-21;31;22;68;0.00
2015-4-22;32;23;62;0.00
2015-4-23;28;22;72;0.00
2015-4-24;30;22;67;0.00
2015-4-25;31;21;66;0.00
2015-4-26;30;23;64;0.00
2015-4-27;30;18;65;0.00
2015-4-28;30;19;65;0.00
2015-4-29;30;19;66;0.00
2015-4-30;30;21;69;0.00
2015-5-1;28;21;78;0.00
2015-5-2;23;20;80;0.00
2015-5-3;29;23;58;0.00
2015-5-4;29;20;67;0.00
2015-5-5;27;20;78;0.00
2015-5-6;26;21;85;0.00
2015-5-7;24;21;88;0.00
2015-5-8;26;21;71;0.00
2015-5-9;28;19;67;0.00
2015-5-10;27;18;71;0.00
2015-5-11;26;18;70;0.00
2015-5-12;29;21;65;0.00
2015-5-13;27;20;70;0.00
2015-5-14;26;21;69;0.00
2015-5-15;27;19;65;0.00
2015-5-16;27;18;68;0.00
2015-5-17;26;24;67;0.00
2015-5-18;24;20;89;0.00
2015-5-19;26;18;75;0.00
2015-5-20;26;19;76;0.00
2015-5-21;28;20;69;0.00
2015-5-22;26;17;74;0.00
2015-5-23;28;20;67;0.00
2015-5-24;25;19;72;0.00
2015-5-25;29;16;73;0.00
2015-5-26;30;16;66;0.00
2015-5-27;27;18;72;0.00
2015-5-28;28;20;70;0.00
2015-5-29;24;18;88;0.00
2015-5-30;25;21;70;0.00
2015-5-31;30;21;65;0.00
2015-6-1;28;19;67;0.00
2015-6-2;25;20;77;0.00
2015-6-3;22;18;92;0.00
2015-6-4;22;17;85;0.00
2015-6-5;28;17;75;0.00
2015-6-6;27;22;65;0.00
2015-6-7;23;21;75;0.00
2015-6-8;27;16;75;0.00
2015-6-9;27;15;76;0.00
2015-6-10;28;15;70;0.00
2015-6-11;29;16;63;0.00
2015-6-12;29;16;64;0.00
2015-6-13;28;17;67;0.00
2015-6-14;28;19;65;0.00
2015-6-15;29;17;70;0.00
2015-6-16;27;19;74;0.00
2015-6-17;27;21;75;0.00
2015-6-18;27;20;70;0.00
2015-6-19;29;17;72;0.00
2015-6-20;25;19;80;0.00
2015-6-21;23;18;75;0.00
2015-6-22;25;18;68;0.00
2015-6-23;27;16;73;0.00
2015-6-24;27;15;70;0.00
2015-6-25;24;18;75;0.00
2015-6-26;23;17;67;0.00
2015-6-27;22;16;76;0.00
2015-6-28;23;14;73;0.00
2015-6-29;25;15;72;0.00
2015-6-30;27;17;63;0.00
2015-7-1;25;18;66;0.00
2015-7-2;27;18;63;0.00
2015-7-3;27;17;68;0.00
2015-7-4;27;15;71;0.00
2015-7-5;27;20;65;0.00
2015-7-6;26;18;72;0.00
2015-7-7;26;20;69;0.00
2015-7-8;24;19;66;0.00
2015-7-9;25;17;68;0.00
2015-7-10;29;16;68;0.00
2015-7-11;28;18;67;0.00
2015-7-12;26;23;64;0.00
2015-7-13;27;14;73;0.00
2015-7-14;28;14;71;0.00
2015-7-15;28;15;68;0.00
2015-7-16;28;16;69;0.00
2015-7-17;28;17;64;0.00
2015-7-18;26;15;64;0.00
2015-7-19;26;17;70;0.00
2015-7-20;27;17;69;0.00
2015-7-21;30;19;59;0.00
2015-7-22;28;13;67;0.00
2015-7-23;27;18;66;0.00
2015-7-24;27;18;67;0.00
2015-7-25;;;;0.00
2015-7-26;27;27;51;0.00
2015-7-27;28;19;74;0.00
2015-7-28;28;17;73;0.00
2015-7-29;29;16;71;0.00
2015-7-30;28;13;64;0.00
2015-7-31;28;19;63;0.00
2015-8-1;28;20;56;0.00
2015-8-2;27;17;61;0.00
2015-8-3;28;12;64;0.00
2015-8-4;29;13;63;0.00
2015-8-5;29;11;60;0.00
2015-8-6;28;11;59;0.00
2015-8-7;28;15;62;0.00
2015-8-8;27;16;66;0.00
2015-8-9;23;21;74;0.00
2015-8-10;25;16;73;0.00
2015-8-11;26;14;67;0.00
2015-8-12;28;15;67;0.00
2015-8-13;26;17;63;0.00
2015-8-14;25;18;70;0.00
2015-8-15;25;19;64;0.00
2015-8-16;29;18;65;0.00
2015-8-17;27;17;69;0.00
2015-8-18;26;14;75;0.00
2015-8-19;29;19;62;0.00
2015-8-20;31;17;59;0.00
2015-8-21;29;19;62;0.00
2015-8-22;27;21;59;0.00
2015-8-23;25;20;64;0.00
2015-8-24;30;14;63;0.00
2015-8-25;29;19;59;0.00
2015-8-26;32;16;57;0.00
2015-8-27;31;18;58;0.00
2015-8-28;26;21;72;0.00
2015-8-29;28;22;54;0.00
2015-8-30;29;18;66;0.00
2015-8-31;31;15;66;0.00
2015-9-1;34;15;58;0.00
2015-9-2;32;16;54;0.00
2015-9-3;32;18;60;0.00
2015-9-4;34;22;60;0.00
2015-9-5;28;19;70;0.00
2015-9-6;29;23;60;0.00
2015-9-7;33;31;42;0.00
2015-9-8;23;19;87;0.00
2015-9-9;26;19;83;0.00
2015-9-10;31;19;75;0.00
2015-9-11;32;22;60;0.00
2015-9-12;30;21;66;0.00
2015-9-13;26;19;80;0.00
2015-9-14;27;20;77;0.00
2015-9-15;31;20;67;0.00
2015-9-16;29;20;65;0.00
2015-9-17;32;15;67;0.00
2015-9-18;34;15;58;0.00
2015-9-19;30;16;65;0.00
2015-9-20;33;19;51;0.00
2015-9-21;31;17;58;0.00
2015-9-22;32;18;56;0.00
2015-9-23;36;16;51;0.00
2015-9-24;36;20;52;0.00
2015-9-25;38;19;50;0.00
2015-9-26;37;22;47;0.00
2015-9-27;33;22;51;0.00
2015-9-28;35;20;54;0.00
2015-9-29;36;17;44;0.00
2015-9-30;34;21;52;0.00
2015-10-1;34;17;56;0.00
2015-10-2;34;20;46;0.00
2015-10-3;34;22;48;0.00
2015-10-4;37;27;46;0.00
2015-10-5;34;25;56;0.00
2015-10-6;29;21;57;0.00
2015-10-7;28;18;65;0.00
2015-10-8;32;19;49;0.00
2015-10-9;32;18;51;0.00
2015-10-10;33;20;52;0.00
2015-10-11;33;27;38;0.00
2015-10-12;32;21;40;0.00
2015-10-13;34;17;46;0.00
2015-10-14;33;21;52;0.00
2015-10-15;36;19;52;0.00
2015-10-16;37;25;32;0.00
2015-10-17;26;20;63;0.00
2015-10-18;32;23;55;0.00
2015-10-19;31;23;57;0.00
2015-10-20;32;23;56;0.00
2015-10-21;36;26;48;0.00
2015-10-22;38;22;50;0.00
2015-10-23;32;22;72;0.00
2015-10-24;32;24;61;0.00
2015-10-25;34;27;45;0.00
2015-10-26;31;24;54;0.00
2015-10-27;30;23;60;0.00
2015-10-28;29;22;82;0.00
2015-10-29;28;22;85;0.00
2015-10-30;32;19;59;0.00
2015-10-31;29;23;70;0.00
2015-11-1;33;26;49;0.00
2015-11-2;35;26;45;0.00
2015-11-3;35;25;49;0.00
2015-11-4;37;22;50;0.00
2015-11-5;39;20;45;0.00
2015-11-6;39;20;45;0.00
2015-11-7;34;23;55;0.00
2015-11-8;34;26;50;0.00
2015-11-9;35;22;52;0.00
2015-11-10;34;20;52;0.00
2015-11-11;34;25;52;0.00
2015-11-12;38;20;51;0.00
2015-11-13;38;23;54;0.00
2015-11-14;32;22;77;0.00
2015-11-15;32;26;60;0.00
2015-11-16;27;24;82;0.00
2015-11-17;;;;
2015-11-18;32;22;75;0.00
2015-11-19;34;22;73;0.00
2015-11-20;28;22;90;0.00
2015-11-21;34;22;72;0.00
2015-11-22;29;23;70;0.00
2015-11-23;31;22;76;0.00
2015-11-24;31;22;71;0.00
2015-11-25;31;22;65;0.00
2015-11-26;33;21;67;0.00
2015-11-27;27;20;75;0.00
2015-11-28;31;21;70;0.00
2015-11-29;35;21;62;0.00
2015-11-30;34;23;69;0.00
2015-12-1;32;22;82;0.00
2015-12-2;33;25;63;0.00
2015-12-3;32;22;84;0.00
2015-12-4;32;22;82;0.00
2015-12-5;35;21;70;0.00
2015-12-6;33;25;60;0.00
2015-12-7;34;23;68;0.00
2015-12-8;30;22;81;0.00
2015-12-9;30;23;80;0.00
2015-12-10;31;22;77;0.00
2015-12-11;29;23;81;0.00
2015-12-12;24;23;86;0.00
2015-12-13;;;;0.00
2015-12-14;33;25;52;0.00
2015-12-15;33;20;65;0.00
2015-12-16;34;20;62;0.00
2015-12-17;34;20;63;0.00
2015-12-18;35;23;55;0.00
2015-12-19;33;22;64;0.00
2015-12-20;33;22;60;0.00
2015-12-21;32;22;59;0.00
2015-12-22;33;20;57;0.00
2015-12-23;33;21;57;0.00
2015-12-24;34;21;57;0.00
2015-12-25;32;20;62;0.00
2015-12-26;34;27;50;0.00
2015-12-27;34;26;52;0.00
2015-12-28;36;21;55;0.00
2015-12-29;33;20;64;0.00
2015-12-30;34;25;61;0.00
2015-12-31;34;23;59;0.00
2016-1-1;37;21;62;0.00
2016-1-2;38;29;47;0.00
2016-1-3;31;24;84;0.00
2016-1-4;26;22;88;0.00
2016-1-5;30;20;65;0.00
2016-1-6;33;21;59;0.00
2016-1-7;33;22;58;0.00
2016-1-8;35;22;60;0.00
2016-1-9;32;24;67;0.00
2016-1-10;34;25;53;0.00
2016-1-11;34;25;62;0.00
2016-1-12;28;24;86;0.00
2016-1-13;30;23;73;0.00
2016-1-14;33;24;70;0.00
2016-1-15;35;23;86;0.00
2016-1-16;25;23;93;0.00
2016-1-17;26;22;95;0.00
2016-1-18;25;21;95;0.00
2016-1-19;26;22;93;0.00
2016-1-20;23;21;91;0.00
2016-1-21;25;20;88;0.00
