2010-1-2;34;22;80;0.0
2010-1-3;30;22;88;0.0
2010-1-4;30;22;82;0.0
2010-1-5;26;22;96;0.0
2010-1-6;22;22;100;0.0
2010-1-7;27;24;84;0.0
2010-1-8;28;24;81;0.0
2010-1-9;28;22;92;0.0
2010-1-10;25;22;96;0.0
2010-1-11;29;21;90;0.0
2010-1-12;23;23;100;0.0
2010-1-13;28;23;88;0.0
2010-1-14;33;23;80;0.0
2010-1-15;27;22;85;0.0
2010-1-16;27;21;95;0.0
2010-1-17;24;21;97;0.0
2010-1-18;22;22;94;0.0
2010-1-19;28;22;90;0.0
2010-1-20;30;23;82;0.0
2010-1-21;28;21;95;0.0
2010-1-22;24;22;98;0.0
2010-1-23;24;21;98;0.0
2010-1-24;22;22;100;0.0
2010-1-25;24;24;94;0.0
2010-1-26;;;;
2010-1-27;;;;
2010-1-28;;;;
2010-1-29;;;;
2010-1-30;;;;
2010-1-31;;;;
2010-2-1;31;21;82;0.0
2010-2-2;33;28;62;0.0
2010-2-3;36;29;58;0.0
2010-2-4;36;23;65;0.0
2010-2-5;37;24;73;0.0
2010-2-6;34;28;60;0.0
2010-2-7;33;25;70;0.0
2010-2-8;27;22;85;0.0
2010-2-9;29;21;90;0.0
2010-2-10;28;23;83;0.0
2010-2-11;28;21;85;0.0
2010-2-12;31;22;82;0.0
2010-2-13;28;21;86;0.0
2010-2-14;27;22;90;0.0
2010-2-15;31;25;77;0.0
2010-2-16;33;27;68;0.0
2010-2-17;32;25;70;0.0
2010-2-18;33;23;72;0.0
2010-2-19;28;21;81;0.0
2010-2-20;25;22;79;0.0
2010-2-21;;;;
2010-2-22;;;;
2010-2-23;;;;
2010-2-24;;;;
2010-2-25;;;;
2010-2-26;;;;
2010-2-27;;;;
2010-2-28;;;;
2010-3-1;22;20;95;0.0
2010-3-2;23;20;85;0.0
2010-3-3;25;20;85;0.0
2010-3-4;27;25;78;0.0
2010-3-5;28;23;80;0.0
2010-3-6;23;23;73;0.0
2010-3-7;29;24;56;0.0
2010-3-8;30;25;56;0.0
2010-3-9;33;26;53;0.0
2010-3-10;32;25;53;0.0
2010-3-11;33;27;53;0.0
2010-3-12;20;20;100;0.0
2010-3-13;25;21;91;0.0
2010-3-14;27;24;79;0.0
2010-3-15;25;20;75;0.0
2010-3-16;26;23;70;0.0
2010-3-17;27;23;67;0.0
2010-3-18;24;24;73;0.0
2010-3-19;29;19;88;0.0
2010-3-20;27;22;82;0.0
2010-3-21;28;22;81;0.0
2010-3-22;26;22;80;0.0
2010-3-23;24;20;92;0.0
2010-3-24;20;20;97;0.0
2010-3-25;27;19;88;0.0
2010-3-26;30;21;81;0.0
2010-3-27;26;21;74;0.0
2010-3-28;;;;
2010-3-29;;;;
2010-3-30;;;;
2010-3-31;;;;
2010-4-1;25;21;81;0.0
2010-4-2;24;18;83;0.0
2010-4-3;17;14;86;0.0
2010-4-4;19;15;76;0.0
2010-4-5;20;16;72;0.0
2010-4-6;20;16;67;0.0
2010-4-7;22;19;66;0.0
2010-4-8;27;20;66;0.0
2010-4-9;27;21;62;0.0
2010-4-10;28;22;64;0.0
2010-4-11;28;24;59;0.0
2010-4-12;29;25;59;0.0
2010-4-13;30;25;56;0.0
2010-4-14;27;25;69;0.0
2010-4-15;29;20;93;0.0
2010-4-16;29;26;69;0.0
2010-4-17;25;22;86;0.0
2010-4-18;26;22;78;0.0
2010-4-19;25;21;87;0.0
2010-4-20;23;20;80;0.0
2010-4-21;;;;
2010-4-22;;;;
2010-4-23;;;;
2010-4-24;;;;
2010-4-25;;;;
2010-4-26;;;;
2010-4-27;;;;
2010-4-28;;;;
2010-4-29;;;;
2010-4-30;;;;
2010-5-1;25;21;60;0.0
2010-5-2;25;22;72;0.0
2010-5-3;25;21;75;0.0
2010-5-4;26;24;67;0.0
2010-5-5;26;25;64;0.0
2010-5-6;20;17;69;0.0
2010-5-7;19;14;80;0.0
2010-5-8;16;13;74;0.0
2010-5-9;20;16;71;0.0
2010-5-10;19;17;80;0.0
2010-5-11;21;19;82;0.0
2010-5-12;21;17;87;0.0
2010-5-13;16;13;88;0.0
2010-5-14;17;14;80;0.0
2010-5-15;21;17;78;0.0
2010-5-16;22;18;85;0.0
2010-5-17;24;19;83;0.0
2010-5-18;24;20;81;0.0
2010-5-19;22;18;76;0.0
2010-5-20;22;17;76;0.0
2010-5-21;18;14;77;0.0
2010-5-22;;;;
2010-5-23;;;;
2010-5-24;;;;
2010-5-25;;;;
2010-5-26;;;;
2010-5-27;;;;
2010-5-28;;;;
2010-5-29;;;;
2010-5-30;;;;
2010-5-31;;;;
2010-6-1;19;15;74;0.0
2010-6-2;17;14;82;0.0
2010-6-3;22;19;87;0.0
2010-6-4;20;16;61;0.0
2010-6-5;23;18;55;0.0
2010-6-6;19;16;77;0.0
2010-6-7;20;16;83;0.0
2010-6-8;19;15;83;0.0
2010-6-9;21;17;68;0.0
2010-6-10;22;18;64;0.0
2010-6-11;24;20;60;0.0
2010-6-12;25;21;52;0.0
2010-6-13;25;22;50;0.0
2010-6-14;29;22;54;0.0
2010-6-15;26;17;80;0.0
2010-6-16;21;16;78;0.0
2010-6-17;25;21;64;0.0
2010-6-18;26;22;64;0.0
2010-6-19;25;19;57;0.0
2010-6-20;20;17;74;0.0
2010-6-21;24;20;61;0.0
2010-6-22;;;;
2010-6-23;;;;
2010-6-24;;;;
2010-6-25;;;;
2010-6-26;;;;
2010-6-27;;;;
2010-6-28;;;;
2010-6-29;;;;
2010-6-30;;;;
2010-7-1;23;18;59;0.0
2010-7-2;23;19;58;0.0
2010-7-3;20;20;60;0.0
2010-7-4;23;20;57;0.0
2010-7-5;24;21;61;0.0
2010-7-6;25;22;60;0.0
2010-7-7;23;21;50;0.0
2010-7-8;24;19;65;0.0
2010-7-9;27;21;63;0.0
2010-7-10;22;13;98;0.0
2010-7-11;14;13;100;0.0
2010-7-12;19;13;97;0.0
2010-7-13;16;13;98;0.0
2010-7-14;20;20;83;0.0
2010-7-15;25;20;71;0.0
2010-7-16;26;19;68;0.0
2010-7-17;26;23;54;0.0
2010-7-18;28;21;54;0.0
2010-7-19;28;23;62;0.0
2010-7-20;26;22;50;0.0
2010-7-21;24;16;73;0.0
2010-7-22;24;18;69;0.0
2010-7-23;26;22;56;0.0
2010-7-24;26;22;52;0.0
2010-7-25;;;;
2010-7-26;;;;
2010-7-27;;;;
2010-7-28;;;;
2010-7-29;;;;
2010-7-30;;;;
2010-7-31;;;;
2010-8-1;25;17;75;0.0
2010-8-2;20;14;79;0.0
2010-8-3;21;13;78;0.0
2010-8-4;21;15;75;0.0
2010-8-5;19;11;78;0.0
2010-8-6;30;20;44;0.0
2010-8-7;26;16;72;0.0
2010-8-8;23;15;71;0.0
2010-8-9;29;21;53;0.0
2010-8-10;24;15;59;0.0
2010-8-11;14;14;67;0.0
2010-8-12;19;13;62;0.0
2010-8-13;21;12;55;0.0
2010-8-14;21;13;63;0.0
2010-8-15;23;19;45;0.0
2010-8-16;26;20;43;0.0
2010-8-17;21;21;46;0.0
2010-8-18;28;24;35;0.0
2010-8-19;31;24;35;0.0
2010-8-20;30;25;32;0.0
2010-8-21;30;25;31;0.0
2010-8-22;31;26;30;0.0
2010-8-23;28;26;31;0.0
2010-8-24;32;21;46;0.0
2010-8-25;28;23;46;0.0
2010-8-26;;;;
2010-8-27;;;;
2010-8-28;;;;
2010-8-29;;;;
2010-8-30;;;;
2010-8-31;;;;
2010-9-1;29;24;44;0.0
2010-9-2;30;24;41;0.0
2010-9-3;31;26;37;0.0
2010-9-4;26;26;36;0.0
2010-9-5;26;17;63;0.0
2010-9-6;20;17;88;0.0
2010-9-7;25;16;73;0.0
2010-9-8;25;16;65;0.0
2010-9-9;27;19;59;0.0
2010-9-10;30;24;32;0.0
2010-9-11;29;20;58;0.0
2010-9-12;30;20;60;0.0
2010-9-13;32;20;61;0.0
2010-9-14;34;24;53;0.0
2010-9-15;28;17;68;0.0
2010-9-16;30;22;61;0.0
2010-9-17;32;22;56;0.0
2010-9-18;35;26;43;0.0
2010-9-19;35;27;39;0.0
2010-9-20;29;18;90;0.0
2010-9-21;18;18;94;0.0
2010-9-22;20;18;99;0.0
2010-9-23;19;17;100;0.0
2010-9-24;22;19;98;0.0
2010-9-25;23;19;95;0.0
2010-9-26;20;20;100;0.0
2010-9-27;;;;
2010-9-28;;;;
2010-9-29;;;;
2010-9-30;;;;
2010-10-1;23;20;98;0.0
2010-10-2;19;19;100;0.0
2010-10-3;21;16;85;0.0
2010-10-4;27;20;74;0.0
2010-10-5;29;25;68;0.0
2010-10-6;31;26;65;0.0
2010-10-7;24;19;92;0.0
2010-10-8;24;19;63;0.0
2010-10-9;25;19;52;0.0
2010-10-10;15;15;72;0.0
2010-10-11;26;18;64;0.0
2010-10-12;30;19;66;0.0
2010-10-13;27;19;93;0.0
2010-10-14;19;19;100;0.0
2010-10-15;27;19;74;0.0
2010-10-16;27;17;67;0.0
2010-10-16;27;19;53;0.0
2010-10-18;31;21;50;0.0
2010-10-19;33;24;51;0.0
2010-10-20;27;23;76;0.0
2010-10-21;28;20;71;0.0
2010-10-22;25;20;68;0.0
2010-10-23;33;21;53;0.0
2010-10-24;34;27;43;0.0
2010-10-25;;;;
2010-10-26;;;;
2010-10-27;;;;
2010-10-28;;;;
2010-10-29;;;;
2010-10-30;;;;
2010-10-31;;;;
2010-11-1;26;22;74;0.0
2010-11-2;29;22;62;0.0
2010-11-3;32;25;56;0.0
2010-11-4;29;19;85;0.0
2010-11-5;29;24;70;0.0
2010-11-6;29;26;77;0.0
2010-11-7;24;21;89;0.0
2010-11-8;24;19;73;0.0
2010-11-9;25;19;80;0.0
2010-11-10;26;18;87;0.0
2010-11-11;28;24;68;0.0
2010-11-12;28;23;56;0.0
2010-11-13;29;26;49;0.0
2010-11-14;24;20;100;0.0
2010-11-15;29;21;81;0.0
2010-11-16;31;23;68;0.0
2010-11-17;30;25;69;0.0
2010-11-18;32;26;48;0.0
2010-11-19;25;25;74;0.0
2010-11-20;26;24;81;0.0
2010-11-21;28;23;89;0.0
2010-11-22;;;;
2010-11-23;;;;
2010-11-24;;;;
2010-11-25;;;;
2010-11-26;;;;
2010-11-27;;;;
2010-11-28;;;;
2010-11-29;;;;
2010-11-30;;;;
2010-12-1;32;24;79;0.0
2010-12-2;28;23;86;0.0
2010-12-3;30;23;92;0.0
2010-12-4;20;20;100;0.0
2010-12-5;28;24;76;0.0
2010-12-6;32;24;71;0.0
2010-12-7;29;23;76;0.0
2010-12-8;30;24;71;0.0
2010-12-9;33;23;67;0.0
2010-12-10;25;24;76;0.0
2010-12-11;33;25;64;0.0
2010-12-12;24;21;90;0.0
2010-12-13;22;17;97;0.0
2010-12-14;20;17;93;0.0
2010-12-15;23;18;93;0.0
2010-12-16;24;19;98;0.0
2010-12-17;29;25;67;0.0
2010-12-18;32;25;61;0.0
2010-12-19;32;25;63;0.0
2010-12-20;27;23;80;0.0
2010-12-21;30;22;82;0.0
2010-12-22;29;21;77;0.0
2010-12-23;28;23;78;0.0
2010-12-24;29;23;73;0.0
2010-12-25;30;24;69;0.0
2010-12-26;29;22;64;0.0
2010-12-27;30;21;66;0.0
2010-12-28;;;;
2010-12-29;;;;
2010-12-30;;;;
2010-12-31;;;;
2011-1-1;20;20;100;0.0
2011-1-2;27;20;81;0.0
2011-1-3;28;23;75;0.0
2011-1-4;26;23;75;0.0
2011-1-5;31;23;74;0.0
2011-1-6;27;22;88;0.0
2011-1-7;22;22;88;0.0
2011-1-8;27;22;79;0.0
2011-1-9;27;20;86;0.0
2011-1-10;28;23;83;0.0
2011-1-11;26;22;93;0.0
2011-1-12;32;22;77;0.0
2011-1-13;32;25;62;0.0
2011-1-14;27;21;88;0.0
2011-1-15;31;21;86;0.0
2011-1-16;27;21;92;0.0
2011-1-17;30;21;82;0.0
2011-1-18;32;22;75;0.0
2011-1-19;32;24;68;0.0
2011-1-20;32;31;60;0.0
2011-1-21;29;25;73;0.0
2011-1-22;31;21;77;0.0
2011-1-23;32;24;71;0.0
2011-1-24;30;21;77;0.0
2011-1-25;28;23;83;0.0
2011-1-26;29;21;79;0.0
2011-1-27;;;;
2011-1-28;;;;
2011-1-29;;;;
2011-1-30;;;;
2011-1-31;;;;
2011-2-1;29;23;75;0.0
2011-2-2;29;22;76;0.0
2011-2-3;29;23;79;0.0
2011-2-4;29;22;78;0.0
2011-2-5;26;23;70;0.0
2011-2-6;32;21;73;0.0
2011-2-7;30;21;77;0.0
2011-2-8;28;22;73;0.0
2011-2-9;26;21;84;0.0
2011-2-10;28;24;72;0.0
2011-2-11;31;21;74;0.0
2011-2-12;30;21;79;0.0
2011-2-13;28;21;82;0.0
2011-2-14;29;23;71;0.0
2011-2-15;28;22;86;0.0
2011-2-16;27;23;77;0.0
2011-2-17;28;25;63;0.0
2011-2-18;32;31;50;0.0
2011-2-19;30;24;70;0.0
2011-2-20;30;25;69;0.0
2011-2-21;30;24;69;0.0
2011-2-22;30;24;67;0.0
2011-2-23;31;22;70;0.0
2011-2-24;26;25;80;0.0
2011-2-25;30;30;55;0.0
2011-2-26;24;21;86;0.0
2011-2-27;;;;
2011-2-28;;;;
2011-3-1;22;20;90;0.0
2011-3-2;24;20;97;0.0
2011-3-3;21;20;97;0.0
2011-3-4;22;19;99;0.0
2011-3-5;20;20;100;0.0
2011-3-6;23;23;88;0.0
2011-3-7;23;19;93;0.0
2011-3-8;25;23;81;0.0
2011-3-9;25;21;87;0.0
2011-3-10;27;22;84;0.0
2011-3-11;28;21;85;0.0
2011-3-12;26;25;72;0.0
2011-3-13;30;26;66;0.0
2011-3-14;30;24;72;0.0
2011-3-15;28;22;78;0.0
2011-3-16;27;24;72;0.0
2011-3-17;27;21;79;0.0
2011-3-18;27;23;81;0.0
2011-3-19;25;19;92;0.0
2011-3-20;22;20;94;0.0
2011-3-21;24;21;93;0.0
2011-3-22;27;23;72;0.0
2011-3-23;27;25;64;0.0
2011-3-24;25;20;90;0.0
2011-3-25;27;22;82;0.0
2011-3-26;29;23;79;0.0
2011-3-27;27;23;82;0.0
2011-3-28;;;;
2011-3-29;;;;
2011-3-30;;;;
2011-3-31;;;;
2011-4-1;26;23;77;0.0
2011-4-2;25;22;84;0.0
2011-4-3;25;23;83;0.0
2011-4-4;29;24;66;0.0
2011-4-5;29;22;67;0.0
2011-4-6;28;23;65;0.0
2011-4-7;25;18;88;0.0
2011-4-8;24;20;97;0.0
2011-4-9;30;24;71;0.0
2011-4-10;30;25;67;0.0
2011-4-11;32;26;56;0.0
2011-4-12;32;25;68;0.0
2011-4-13;32;23;70;0.0
2011-4-14;30;23;74;0.0
2011-4-15;27;23;74;0.0
2011-4-16;32;28;54;0.0
2011-4-17;33;32;54;0.0
2011-4-18;30;27;61;0.0
2011-4-19;24;20;90;0.0
2011-4-20;25;20;82;0.0
2011-4-21;19;16;94;0.0
2011-4-22;25;19;80;0.0
2011-4-23;27;20;74;0.0
2011-4-24;;;;
2011-4-25;;;;
2011-4-26;;;;
2011-4-27;;;;
2011-4-28;;;;
2011-4-29;;;;
2011-4-30;;;;
2011-5-1;25;18;70;0.0
2011-5-2;25;16;68;0.0
2011-5-3;26;15;74;0.0
2011-5-4;25;20;62;0.0
2011-5-5;30;24;53;0.0
2011-5-6;29;26;48;0.0
2011-5-7;31;20;59;0.0
2011-5-8;28;21;61;0.0
2011-5-9;28;20;71;0.0
2011-5-10;25;22;72;0.0
2011-5-11;29;22;76;0.0
2011-5-12;28;21;69;0.0
2011-5-13;20;16;81;0.0
2011-5-14;20;16;76;0.0
2011-5-15;19;16;79;0.0
2011-5-16;24;14;72;0.0
2011-5-17;24;18;60;0.0
2011-5-18;24;21;67;0.0
2011-5-19;24;21;62;0.0
2011-5-20;28;21;59;0.0
2011-5-21;28;21;58;0.0
2011-5-22;26;18;72;0.0
2011-5-23;23;17;76;0.0
2011-5-24;21;20;46;0.0
2011-5-25;22;11;64;0.0
2011-5-26;26;10;61;0.0
2011-5-27;;;;
2011-5-28;;;;
2011-5-29;;;;
2011-5-30;;;;
2011-5-31;;;;
2011-6-1;26;15;65;0.0
2011-6-2;27;14;57;0.0
2011-6-3;26;19;61;0.0
2011-6-4;26;15;59;0.0
2011-6-5;19;17;53;0.0
2011-6-6;27;13;61;0.0
2011-6-7;22;15;92;0.0
2011-6-8;19;13;68;0.0
2011-6-9;15;12;100;0.0
2011-6-10;21;15;80;0.0
2011-6-11;26;18;61;0.0
2011-6-12;24;15;67;0.0
2011-6-13;25;15;62;0.0
2011-6-14;25;15;67;0.0
2011-6-15;25;19;53;0.0
2011-6-16;20;20;68;0.0
2011-6-17;30;21;55;0.0
2011-6-18;28;22;57;0.0
2011-6-19;24;21;64;0.0
2011-6-20;27;21;61;0.0
2011-6-21;23;21;63;0.0
2011-6-22;16;6;61;0.0
2011-6-23;20;9;49;0.0
2011-6-24;27;14;41;0.0
2011-6-25;25;16;62;0.0
2011-6-26;;;;
2011-6-27;;;;
2011-6-28;;;;
2011-6-29;;;;
2011-6-30;;;;
2011-7-1;28;18;58;0.0
2011-7-2;18;18;77;0.0
2011-7-3;23;21;64;0.0
2011-7-4;18;12;79;0.0
2011-7-5;21;12;72;0.0
2011-7-6;25;16;59;0.0
2011-7-7;25;16;73;0.0
2011-7-8;20;20;56;0.0
2011-7-9;28;24;47;0.0
2011-7-10;29;21;43;0.0
2011-7-11;27;24;32;0.0
2011-7-12;30;20;36;0.0
2011-7-13;30;20;40;0.0
2011-7-14;31;26;34;0.0
2011-7-15;28;18;63;0.0
2011-7-16;29;17;65;0.0
2011-7-17;30;21;50;0.0
2011-7-18;30;22;55;0.0
2011-7-19;23;20;81;0.0
2011-7-20;20;14;79;0.0
2011-7-21;26;16;69;0.0
2011-7-22;31;17;52;0.0
2011-7-23;28;19;54;0.0
2011-7-24;28;20;51;0.0
2011-7-25;28;20;47;0.0
2011-7-26;28;21;46;0.0
2011-7-27;24;22;66;0.0
2011-7-28;28;23;56;0.0
2011-7-29;;;;
2011-7-30;;;;
2011-7-31;;;;
2011-8-1;26;19;64;0.0
2011-8-2;15;10;86;0.0
2011-8-3;13;8;72;0.0
2011-8-4;17;8;65;0.0
2011-8-5;24;12;34;0.0
2011-8-6;26;22;31;0.0
2011-8-7;31;26;38;0.0
2011-8-8;32;25;33;0.0
2011-8-9;26;18;65;0.0
2011-8-10;23;15;63;0.0
2011-8-11;27;16;55;0.0
2011-8-12;28;18;40;0.0
2011-8-13;31;23;34;0.0
2011-8-14;31;26;29;0.0
2011-8-15;31;19;40;0.0
2011-8-16;30;20;32;0.0
2011-8-17;32;20;31;0.0
2011-8-18;31;19;36;0.0
2011-8-19;32;21;36;0.0
2011-8-20;20;15;100;0.0
2011-8-21;18;13;78;0.0
2011-8-22;24;12;64;0.0
2011-8-23;24;12;78;0.0
2011-8-24;28;16;60;0.0
2011-8-25;30;18;48;0.0
2011-8-26;31;21;45;0.0
2011-8-27;27;18;59;0.0
2011-8-28;32;23;35;0.0
2011-8-29;33;23;34;0.0
2011-8-30;33;23;42;0.0
2011-8-31;24;17;79;0.0
2011-9-1;25;10;44;0.0
2011-9-2;24;10;46;0.0
2011-9-3;24;11;58;0.0
2011-9-4;32;22;28;0.0
2011-9-5;35;22;24;0.0
2011-9-6;32;23;28;0.0
2011-9-7;31;21;46;0.0
2011-9-8;32;23;36;0.0
2011-9-9;26;19;61;0.0
2011-9-10;27;19;68;0.0
2011-9-11;29;22;56;0.0
2011-9-12;29;19;44;0.0
2011-9-13;32;22;37;0.0
2011-9-14;30;18;56;0.0
2011-9-15;30;20;53;0.0
2011-9-16;29;20;51;0.0
2011-9-17;28;21;53;0.0
2011-9-18;28;24;43;0.0
2011-9-19;29;23;45;0.0
2011-9-20;26;24;32;0.0
2011-9-21;25;22;52;0.0
2011-9-22;32;22;43;0.0
2011-9-23;30;19;63;0.0
2011-9-24;27;20;49;0.0
2011-9-25;30;21;49;0.0
2011-9-26;31;22;47;0.0
2011-9-27;30;24;42;0.0
2011-9-28;30;27;37;0.0
2011-9-29;34;28;28;0.0
2011-9-30;;;;
2011-10-1;33;25;32;0.0
2011-10-2;25;21;77;0.0
2011-10-3;28;20;52;0.0
2011-10-4;29;20;51;0.0
2011-10-5;30;23;56;0.0
2011-10-6;29;25;49;0.0
2011-10-7;31;26;45;0.0
2011-10-8;24;24;50;0.0
2011-10-9;21;21;88;0.0
2011-10-10;27;23;70;0.0
2011-10-11;28;22;71;0.0
2011-10-12;26;26;65;0.0
2011-10-13;28;22;78;0.0
2011-10-14;25;21;87;0.0
2011-10-15;26;20;66;0.0
2011-10-15;27;20;55;0.0
2011-10-17;26;20;54;0.0
2011-10-18;28;20;51;0.0
2011-10-19;25;20;54;0.0
2011-10-20;29;22;59;0.0
2011-10-21;27;20;78;0.0
2011-10-22;28;22;60;0.0
2011-10-23;30;25;51;0.0
2011-10-24;32;27;47;0.0
2011-10-25;31;25;48;0.0
2011-10-26;23;21;80;0.0
2011-10-27;24;18;68;0.0
2011-10-28;;;;
2011-10-29;;;;
2011-10-30;;;;
2011-10-31;;;;
2011-11-1;25;19;51;0.0
2011-11-2;22;21;53;0.0
2011-11-3;27;19;54;0.0
2011-11-4;29;20;50;0.0
2011-11-5;26;23;66;0.0
2011-11-6;28;23;56;0.0
2011-11-7;29;25;50;0.0
2011-11-8;30;25;50;0.0
2011-11-9;31;27;47;0.0
2011-11-10;31;26;54;0.0
2011-11-11;24;20;76;0.0
2011-11-12;22;20;88;0.0
2011-11-13;24;20;71;0.0
2011-11-14;27;21;56;0.0
2011-11-15;27;21;50;0.0
2011-11-16;32;24;54;0.0
2011-11-17;26;22;69;0.0
2011-11-18;28;23;56;0.0
2011-11-19;30;24;52;0.0
2011-11-20;30;25;46;0.0
2011-11-21;32;27;48;0.0
2011-11-22;30;25;50;0.0
2011-11-23;30;25;56;0.0
2011-11-24;27;24;61;0.0
2011-11-25;29;25;59;0.0
2011-11-26;;;;
2011-11-27;;;;
2011-11-28;;;;
2011-11-29;;;;
2011-11-30;;;;
2011-12-1;31;24;57;0.0
2011-12-2;29;22;62;0.0
2011-12-3;31;22;65;0.0
2011-12-4;29;22;66;0.0
2011-12-5;30;24;59;0.0
2011-12-6;28;22;75;0.0
2011-12-7;28;23;74;0.0
2011-12-8;29;25;48;0.0
2011-12-9;31;26;44;0.0
2011-12-10;31;28;42;0.0
2011-12-11;31;22;57;0.0
2011-12-12;29;23;48;0.0
2011-12-13;29;25;41;0.0
2011-12-14;31;26;44;0.0
2011-12-15;28;24;63;0.0
2011-12-16;30;25;57;0.0
2011-12-17;31;24;55;0.0
2011-12-18;31;27;54;0.0
2011-12-19;28;23;62;0.0
2011-12-20;29;23;60;0.0
2011-12-21;29;23;67;0.0
2011-12-22;28;23;71;0.0
2011-12-23;28;21;70;0.0
2011-12-24;;;;
2011-12-25;;;;
2011-12-26;;;;
2011-12-27;;;;
2011-12-28;;;;
2011-12-29;;;;
2011-12-30;;;;
2011-12-31;;;;
2012-1-1;27;22;67;0.0
2012-1-2;30;24;56;0.0
2012-1-3;29;24;63;0.0
2012-1-4;27;24;61;0.0
2012-1-5;31;24;56;0.0
2012-1-6;26;25;74;0.0
2012-1-7;27;23;66;0.0
2012-1-8;26;22;76;0.0
2012-1-9;27;21;83;0.0
2012-1-10;22;20;86;0.0
2012-1-11;24;21;77;0.0
2012-1-12;27;23;73;0.0
2012-1-13;26;21;78;0.0
2012-1-14;24;21;89;0.0
2012-1-15;26;23;75;0.0
2012-1-16;26;24;70;0.0
2012-1-17;26;22;76;0.0
2012-1-18;28;25;67;0.0
2012-1-19;25;22;78;0.0
2012-1-20;27;23;81;0.0
2012-1-21;24;22;90;0.0
2012-1-22;21;20;90;0.0
2012-1-23;21;21;89;0.0
2012-1-24;29;23;48;0.0
2012-1-25;30;24;40;0.0
2012-1-26;;;;
2012-1-27;;;;
2012-1-28;;;;
2012-1-29;;;;
2012-1-30;;;;
2012-1-31;;;;
2012-2-1;30;22;54;0.0
2012-2-2;29;24;61;0.0
2012-2-3;30;26;55;0.0
2012-2-4;31;27;44;0.0
2012-2-5;30;28;44;0.0
2012-2-6;30;27;48;0.0
2012-2-7;33;27;51;0.0
2012-2-8;32;25;62;0.0
2012-2-9;28;23;75;0.0
2012-2-10;26;21;83;0.0
2012-2-11;28;22;66;0.0
2012-2-12;30;24;61;0.0
2012-2-13;28;24;66;0.0
2012-2-14;26;26;69;0.0
2012-2-15;31;23;61;0.0
2012-2-16;27;25;60;0.0
2012-2-17;30;24;65;0.0
2012-2-18;28;24;71;0.0
2012-2-19;27;25;76;0.0
2012-2-20;31;26;61;0.0
2012-2-21;30;27;56;0.0
2012-2-22;;;;
2012-2-23;;;;
2012-2-24;;;;
2012-2-25;;;;
2012-2-26;;;;
2012-2-27;;;;
2012-2-28;;;;
2012-2-29;;;;
2012-3-1;31;26;55;0.0
2012-3-2;30;25;63;0.0
2012-3-3;28;25;61;0.0
2012-3-4;30;26;56;0.0
2012-3-5;29;25;55;0.0
2012-3-6;29;26;49;0.0
2012-3-7;30;27;48;0.0
2012-3-8;28;25;64;0.0
2012-3-9;30;26;59;0.0
2012-3-10;28;26;61;0.0
2012-3-11;28;24;74;0.0
2012-3-12;25;23;77;0.0
2012-3-13;27;23;62;0.0
2012-3-14;28;24;56;0.0
2012-3-15;29;26;55;0.0
2012-3-16;28;21;77;0.0
2012-3-17;24;22;75;0.0
2012-3-18;29;27;58;0.0
2012-3-19;24;23;73;0.0
2012-3-20;25;21;60;0.0
2012-3-21;26;21;77;0.0
2012-3-22;28;22;66;0.0
2012-3-23;;;;
2012-3-24;;;;
2012-3-25;;;;
2012-3-26;;;;
2012-3-27;;;;
2012-3-28;;;;
2012-3-29;;;;
2012-3-30;;;;
2012-3-31;;;;
2012-4-1;27;24;51;0.0
2012-4-2;28;23;56;0.0
2012-4-3;30;26;50;0.0
2012-4-4;29;25;62;0.0
2012-4-5;27;22;73;0.0
2012-4-6;26;24;71;0.0
2012-4-7;25;24;74;0.0
2012-4-8;28;26;60;0.0
2012-4-9;29;26;57;0.0
2012-4-10;27;23;67;0.0
2012-4-11;27;23;56;0.0
2012-4-12;27;23;57;0.0
2012-4-13;28;23;61;0.0
2012-4-14;27;22;78;0.0
2012-4-15;25;21;69;0.0
2012-4-16;26;23;58;0.0
2012-4-17;26;24;62;0.0
2012-4-18;26;23;79;0.0
2012-4-19;22;20;81;0.0
2012-4-20;21;18;71;0.0
2012-4-21;;;;
2012-4-22;;;;
2012-4-23;;;;
2012-4-24;;;;
2012-4-25;;;;
2012-4-26;;;;
2012-4-27;;;;
2012-4-28;;;;
2012-4-29;;;;
2012-4-30;;;;
2012-5-1;21;18;70;0.0
2012-5-2;24;20;64;0.0
2012-5-3;24;22;59;0.0
2012-5-4;24;21;64;0.0
2012-5-5;25;21;62;0.0
2012-5-6;24;21;57;0.0
2012-5-7;25;23;56;0.0
2012-5-8;25;21;63;0.0
2012-5-9;21;19;82;0.0
2012-5-10;21;19;72;0.0
2012-5-11;22;20;70;0.0
2012-5-12;23;19;70;0.0
2012-5-13;23;19;66;0.0
2012-5-14;24;21;59;0.0
2012-5-15;23;21;68;0.0
2012-5-16;23;21;67;0.0
2012-5-17;23;21;74;0.0
2012-5-18;23;21;72;0.0
2012-5-19;23;19;74;0.0
2012-5-20;25;23;67;0.0
2012-5-21;26;24;63;0.0
2012-5-22;26;24;66;0.0
2012-5-23;;;;
2012-5-24;;;;
2012-5-25;;;;
2012-5-26;;;;
2012-5-27;;;;
2012-5-28;;;;
2012-5-29;;;;
2012-5-30;;;;
2012-5-31;;;;
2012-6-1;22;20;84;0.0
2012-6-2;26;21;70;0.0
2012-6-3;26;21;74;0.0
2012-6-4;21;19;93;0.0
2012-6-5;21;20;92;0.0
2012-6-6;18;16;91;0.0
2012-6-7;23;22;80;0.0
2012-6-8;25;23;69;0.0
2012-6-9;24;19;78;0.0
2012-6-10;23;19;73;0.0
2012-6-11;24;22;70;0.0
2012-6-12;26;20;57;0.0
2012-6-13;21;20;86;0.0
2012-6-14;21;20;93;0.0
2012-6-15;20;19;94;0.0
2012-6-16;20;18;78;0.0
2012-6-17;22;19;82;0.0
2012-6-18;21;19;73;0.0
2012-6-19;23;21;63;0.0
2012-6-20;24;21;62;0.0
2012-6-21;24;22;62;0.0
2012-6-22;;;;
2012-6-23;;;;
2012-6-24;;;;
2012-6-25;;;;
2012-6-26;;;;
2012-6-27;;;;
2012-6-28;;;;
2012-6-29;;;;
2012-6-30;;;;
2012-7-1;26;23;59;0.0
2012-7-2;25;23;59;0.0
2012-7-3;24;22;60;0.0
2012-7-4;25;22;61;0.0
2012-7-5;26;22;62;0.0
2012-7-6;21;21;60;0.0
2012-7-7;22;17;68;0.0
2012-7-8;24;21;61;0.0
2012-7-9;25;22;62;0.0
2012-7-10;23;17;70;0.0
2012-7-11;20;17;49;0.0
2012-7-12;19;15;75;0.0
2012-7-13;19;16;84;0.0
2012-7-14;18;11;77;0.0
2012-7-15;21;16;64;0.0
2012-7-16;22;18;57;0.0
2012-7-17;28;24;50;0.0
2012-7-18;27;24;49;0.0
2012-7-19;28;23;47;0.0
2012-7-20;26;23;49;0.0
2012-7-21;27;23;55;0.0
2012-7-22;24;20;65;0.0
2012-7-23;24;20;66;0.0
2012-7-24;;;;
2012-7-25;;;;
2012-7-26;;;;
2012-7-27;;;;
2012-7-28;;;;
2012-7-29;;;;
2012-7-30;;;;
2012-7-31;;;;
2012-8-1;24;21;55;0.0
2012-8-2;24;21;55;0.0
2012-8-3;25;21;52;0.0
2012-8-4;24;20;66;0.0
2012-8-5;24;18;54;0.0
2012-8-6;26;22;53;0.0
2012-8-7;26;23;50;0.0
2012-8-8;25;22;52;0.0
2012-8-9;25;23;51;0.0
2012-8-10;25;22;53;0.0
2012-8-11;26;22;49;0.0
2012-8-12;25;21;53;0.0
2012-8-13;25;23;55;0.0
2012-8-14;25;22;54;0.0
2012-8-15;26;22;44;0.0
2012-8-16;27;23;47;0.0
2012-8-17;25;22;47;0.0
2012-8-18;26;23;46;0.0
2012-8-19;28;25;42;0.0
2012-8-20;22;20;71;0.0
2012-8-21;25;22;55;0.0
2012-8-22;25;20;54;0.0
2012-8-23;26;23;41;0.0
2012-8-24;;;;
2012-8-25;;;;
2012-8-26;;;;
2012-8-27;;;;
2012-8-28;;;;
2012-8-29;;;;
2012-8-30;;;;
2012-8-31;;;;
2012-9-1;26;22;58;0.0
2012-9-2;26;23;54;0.0
2012-9-3;29;27;41;0.0
2012-9-4;29;27;38;0.0
2012-9-5;31;28;34;0.0
2012-9-6;30;29;43;0.0
2012-9-7;31;30;39;0.0
2012-9-8;30;26;51;0.0
2012-9-9;29;27;52;0.0
2012-9-10;31;29;40;0.0
2012-9-11;31;29;41;0.0
2012-9-12;23;21;81;0.0
2012-9-13;23;22;85;0.0
2012-9-14;20;20;88;0.0
2012-9-15;25;23;80;0.0
2012-9-16;21;20;81;0.0
2012-9-17;20;17;58;0.0
2012-9-18;21;18;56;0.0
2012-9-19;24;21;42;0.0
2012-9-20;;;;
2012-9-21;;;;
2012-9-22;;;;
2012-9-23;;;;
2012-9-24;;;;
2012-9-25;;;;
2012-9-26;;;;
2012-9-27;;;;
2012-9-28;;;;
2012-9-29;;;;
2012-9-30;;;;
2012-10-1;30;28;41;0.0
2012-10-2;31;29;39;0.0
2012-10-3;32;29;36;0.0
2012-10-4;29;27;52;0.0
2012-10-5;23;23;69;0.0
2012-10-6;29;28;45;0.0
2012-10-7;30;28;43;0.0
2012-10-8;26;25;56;0.0
2012-10-9;26;22;75;0.0
2012-10-10;28;26;51;0.0
2012-10-11;21;21;88;0.0
2012-10-12;25;24;68;0.0
2012-10-13;29;26;44;0.0
2012-10-14;27;25;59;0.0
2012-10-15;32;29;48;0.0
2012-10-16;25;25;78;0.0
2012-10-17;28;27;70;0.0
2012-10-18;29;29;62;0.0
2012-10-19;30;30;51;0.0
2012-10-20;31;31;46;0.0
2012-10-20;34;32;42;0.0
2012-10-22;;;;
2012-10-23;;;;
2012-10-24;;;;
2012-10-25;;;;
2012-10-26;;;;
2012-10-27;;;;
2012-10-28;;;;
2012-10-29;;;;
2012-10-30;;;;
2012-10-31;;;;
2012-11-1;25;23;76;0.0
2012-11-2;29;26;46;0.0
2012-11-3;30;27;47;0.0
2012-11-4;28;27;55;0.0
2012-11-5;25;24;76;0.0
2012-11-6;28;24;70;0.0
2012-11-7;28;27;67;0.0
2012-11-8;25;22;71;0.0
2012-11-9;26;24;61;0.0
2012-11-10;28;25;50;0.0
2012-11-11;29;27;52;0.0
2012-11-12;29;29;48;0.0
2012-11-13;30;28;50;0.0
2012-11-14;30;28;45;0.0
2012-11-15;30;28;51;0.0
2012-11-16;27;26;64;0.0
2012-11-17;27;24;67;0.0
2012-11-18;29;29;51;0.0
2012-11-19;30;29;53;0.0
2012-11-20;26;25;67;0.0
2012-11-21;;;;
2012-11-22;;;;
2012-11-23;;;;
2012-11-24;;;;
2012-11-25;;;;
2012-11-26;;;;
2012-11-27;;;;
2012-11-28;;;;
2012-11-29;;;;
2012-11-30;;;;
2012-12-1;29;29;55;0.0
2012-12-2;31;27;55;0.0
2012-12-3;30;29;55;0.0
2012-12-4;31;27;55;0.0
2012-12-5;29;29;51;0.0
2012-12-6;;;;
2012-12-7;;;;
2012-12-8;;;;
2012-12-9;;;;
2012-12-10;;;;
2012-12-11;;;;
2012-12-12;;;;
2012-12-13;;;;
2012-12-14;;;;
2012-12-15;;;;
2012-12-16;;;;
2012-12-17;;;;
2012-12-18;;;;
2012-12-19;;;;
2012-12-20;;;;
2012-12-21;;;;
2012-12-22;;;;
2012-12-23;;;;
2012-12-24;;;;
2012-12-25;;;;
2012-12-26;;;;
2012-12-27;;;;
2012-12-28;;;;
2012-12-29;;;;
2012-12-30;;;;
2012-12-31;;;;
2013-1-1;25;23;80;0.0
2013-1-2;26;26;78;0.0
2013-1-3;26;23;66;0.0
2013-1-4;26;24;62;0.0
2013-1-5;24;23;78;0.0
2013-1-6;26;24;76;0.0
2013-1-7;23;22;86;0.0
2013-1-8;28;26;59;0.0
2013-1-9;29;27;59;0.0
2013-1-10;28;25;58;0.0
2013-1-11;28;25;61;0.0
2013-1-12;26;25;75;0.0
2013-1-13;30;27;59;0.0
2013-1-14;29;24;69;0.0
2013-1-15;28;26;67;0.0
2013-1-16;28;26;68;0.0
2013-1-17;28;25;71;0.0
2013-1-18;26;24;78;0.0
2013-1-19;;;;
2013-1-20;;;;
2013-1-21;;;;
2013-1-22;;;;
2013-1-23;;;;
2013-1-24;;;;
2013-1-25;;;;
2013-1-26;;;;
2013-1-27;;;;
2013-1-28;;;;
2013-1-29;;;;
2013-1-30;;;;
2013-1-31;;;;
2013-2-1;27;26;67;0.0
2013-2-2;28;26;62;0.0
2013-2-3;31;27;52;0.0
2013-2-4;23;22;83;0.0
2013-2-5;25;24;78;0.0
2013-2-6;22;22;96;0.0
2013-2-7;30;26;68;0.0
2013-2-8;26;25;85;0.0
2013-2-9;30;28;67;0.0
2013-2-10;31;26;75;0.0
2013-2-11;26;26;76;0.0
2013-2-12;28;27;79;0.0
2013-2-13;25;24;87;0.0
2013-2-14;25;23;83;0.0
2013-2-15;24;24;89;0.0
2013-2-16;28;24;81;0.0
2013-2-17;27;27;78;0.0
2013-2-18;29;26;74;0.0
2013-2-19;30;27;67;0.0
2013-2-20;;;;
2013-2-21;;;;
2013-2-22;;;;
2013-2-23;;;;
2013-2-24;;;;
2013-2-25;;;;
2013-2-26;;;;
2013-2-27;;;;
2013-2-28;;;;
2013-3-1;29;26;73;0.0
2013-3-2;32;28;54;0.0
2013-3-3;27;25;76;0.0
2013-3-4;29;28;71;0.0
2013-3-5;26;24;86;0.0
2013-3-6;31;29;63;0.0
2013-3-7;29;24;81;0.0
2013-3-8;30;28;67;0.0
2013-3-9;27;26;83;0.0
2013-3-10;26;25;89;0.0
2013-3-11;24;24;89;0.0
2013-3-12;23;22;85;0.0
2013-3-13;23;23;83;0.0
2013-3-14;23;22;94;0.0
2013-3-15;23;23;100;0.0
2013-3-16;26;25;78;0.0
2013-3-17;26;23;83;0.0
2013-3-18;24;23;88;0.0
2013-3-19;27;25;71;0.0
2013-3-20;27;20;75;0.0
2013-3-21;24;19;83;0.0
2013-3-22;;;;
2013-3-23;;;;
2013-3-24;;;;
2013-3-25;;;;
2013-3-26;;;;
2013-3-27;;;;
2013-3-28;;;;
2013-3-29;;;;
2013-3-30;;;;
2013-3-31;;;;
2013-4-1;;;;
2013-4-2;;;;
2013-4-3;;;;
2013-4-4;;;;
2013-4-5;;;;
2013-4-6;;;;
2013-4-7;;;;
2013-4-8;;;;
2013-4-9;;;;
2013-4-10;;;;
2013-4-11;26;25;87;0.00
2013-4-12;25;25;87;0.00
2013-4-13;;;;0.00
2013-4-14;;;;
2013-4-15;22;22;83;0.00
2013-4-16;25;23;54;0.00
2013-4-17;24;23;68;0.00
2013-4-18;24;22;65;0.00
2013-4-19;25;23;68;0.00
2013-4-20;;;;0.00
2013-4-21;;;;
2013-4-22;23;22;70;0.00
2013-4-23;23;22;64;0.00
2013-4-24;24;23;62;0.00
2013-4-25;26;24;68;0.00
2013-4-26;26;24;66;0.00
2013-4-27;;;;0.00
2013-4-28;;;;
2013-4-29;27;25;64;0.00
2013-4-30;27;26;60;0.00
2013-5-1;;;;0.00
2013-5-2;27;26;68;0.00
2013-5-3;28;27;61;0.00
2013-5-4;;;;0.00
2013-5-5;;;;
2013-5-6;23;21;56;0.00
2013-5-7;23;21;50;0.00
2013-5-8;22;20;59;0.00
2013-5-9;23;22;43;0.00
2013-5-10;25;24;51;0.00
2013-5-11;;;;0.00
2013-5-12;;;;
2013-5-13;26;24;61;0.00
2013-5-14;27;24;63;0.00
2013-5-15;27;26;67;0.00
2013-5-16;25;24;78;0.00
2013-5-17;23;21;76;0.00
2013-5-18;;;;0.00
2013-5-19;;;;
2013-5-20;27;25;69;0.00
2013-5-21;26;24;74;0.00
2013-5-22;21;21;98;0.00
2013-5-23;21;20;86;0.00
2013-5-24;20;20;94;0.00
2013-5-25;;;;0.00
2013-5-26;;;;
2013-5-27;22;21;98;0.00
2013-5-28;20;19;97;0.00
2013-5-29;21;21;98;0.00
2013-5-30;;;;0.00
2013-5-31;23;22;80;0.00
2013-6-1;;;;0.00
2013-6-2;;;;
2013-6-3;23;21;88;0.00
2013-6-4;22;20;72;0.00
2013-6-5;24;22;73;0.00
2013-6-6;24;23;73;0.00
2013-6-7;25;24;64;0.00
2013-6-8;;;;0.00
2013-6-9;;;;
2013-6-10;25;24;69;0.00
2013-6-11;21;21;98;0.00
2013-6-12;25;23;83;0.00
2013-6-13;25;23;83;0.00
2013-6-14;25;22;75;0.00
2013-6-15;;;;0.00
2013-6-16;;;;
2013-6-17;23;22;78;0.00
2013-6-18;24;23;73;0.00
2013-6-19;23;22;86;0.00
2013-6-20;24;23;83;0.00
2013-6-21;25;25;83;0.00
2013-6-22;;;;0.00
2013-6-23;;;;
2013-6-24;22;21;86;0.00
2013-6-25;20;20;94;0.00
2013-6-26;21;20;100;0.00
2013-6-27;22;21;92;0.00
2013-6-28;26;24;77;0.00
2013-6-29;;;;0.00
2013-6-30;;;;
2013-7-1;21;21;98;0.00
2013-7-2;21;20;85;0.00
2013-7-3;24;22;81;0.00
2013-7-4;24;23;76;0.00
2013-7-5;24;23;75;0.00
2013-7-6;;;;0.00
2013-7-7;;;;
2013-7-8;25;22;82;0.00
2013-7-9;24;22;77;0.00
2013-7-10;24;22;76;0.00
2013-7-11;24;22;76;0.00
2013-7-12;24;23;61;0.00
2013-7-13;;;;0.00
2013-7-14;;;;
2013-7-15;26;24;62;0.00
2013-7-16;23;21;70;0.00
2013-7-17;25;24;60;0.00
2013-7-18;27;25;53;0.00
2013-7-19;22;21;94;0.00
2013-7-20;;;;0.00
2013-7-21;;;;
2013-7-22;18;17;94;0.00
2013-7-23;13;12;86;0.00
2013-7-24;12;11;68;0.00
2013-7-25;12;11;62;0.00
2013-7-26;15;13;66;0.00
2013-7-27;;;;0.00
2013-7-28;;;;
2013-7-29;20;18;46;0.00
2013-7-30;21;19;41;0.00
2013-7-31;22;21;38;0.00
2013-8-1;23;21;39;0.00
2013-8-2;23;22;37;0.00
2013-8-3;;;;0.00
2013-8-4;;;;
2013-8-5;24;22;38;0.00
2013-8-6;23;21;39;0.00
2013-8-7;23;21;41;0.00
2013-8-8;23;22;39;0.00
2013-8-9;23;22;40;0.00
2013-8-10;;;;0.00
2013-8-11;;;;
2013-8-12;22;20;42;0.00
2013-8-13;24;23;37;0.00
2013-8-14;16;13;59;0.00
2013-8-15;15;12;58;0.00
2013-8-16;19;17;42;0.00
2013-8-17;;;;0.00
2013-8-18;;;;
2013-8-19;21;19;43;0.00
2013-8-20;22;20;45;0.00
2013-8-21;26;23;37;0.00
2013-8-22;23;22;37;0.00
2013-8-23;26;24;33;0.00
2013-8-24;;;;0.00
2013-8-25;;;;
2013-8-26;14;12;70;0.00
2013-8-27;14;12;54;0.00
2013-8-28;18;15;42;0.00
2013-8-29;20;18;46;0.00
2013-8-30;23;21;42;0.00
2013-8-31;;;;0.00
2013-9-1;;;;
2013-9-2;22;19;65;0.00
2013-9-3;18;16;86;0.00
2013-9-4;20;17;80;0.00
2013-9-5;25;21;55;0.00
2013-9-6;27;23;41;0.00
2013-9-7;;;;0.00
2013-9-8;;;;
2013-9-9;26;25;39;0.00
2013-9-10;30;27;27;0.00
2013-9-11;29;25;39;0.00
2013-9-12;29;27;31;0.00
2013-9-13;29;26;30;0.00
2013-9-14;;;;0.00
2013-9-15;;;;
2013-9-16;30;26;35;0.00
2013-9-17;18;15;94;0.00
2013-9-18;20;20;90;0.00
2013-9-19;26;24;59;0.00
2013-9-20;31;29;40;0.00
2013-9-21;;;;0.00
2013-9-22;;;;
2013-9-23;22;21;69;0.00
2013-9-24;19;18;58;0.00
2013-9-25;22;19;42;0.00
2013-9-26;23;20;43;0.00
2013-9-27;27;24;40;0.00
2013-9-28;;;;0.00
2013-9-29;;;;
2013-9-30;21;21;81;0.00
2013-10-1;24;23;72;0.00
2013-10-2;23;22;79;0.00
2013-10-3;23;22;80;0.00
2013-10-4;21;21;87;0.00
2013-10-5;;;;0.00
2013-10-6;;;;
2013-10-7;23;19;54;0.00
2013-10-8;23;21;60;0.00
2013-10-9;25;23;52;0.00
2013-10-10;25;23;47;0.00
2013-10-11;26;25;44;0.00
2013-10-12;;;;0.00
2013-10-13;;;;
2013-10-14;30;28;43;0.00
2013-10-15;24;23;66;0.00
2013-10-16;20;19;81;0.00
2013-10-17;26;18;73;0.00
2013-10-18;29;19;62;0.00
2013-10-19;32;20;46;0.00
2013-10-20;33;27;35;0.00
2013-10-21;35;23;47;0.00
2013-10-22;32;19;54;0.00
2013-10-23;35;20;62;0.00
2013-10-24;36;22;56;0.00
2013-10-25;29;20;68;0.00
2013-10-26;31;20;59;0.00
2013-10-27;35;26;52;0.00
2013-10-28;28;17;54;0.00
2013-10-29;28;13;53;0.00
2013-10-30;32;15;54;0.00
2013-10-31;30;17;57;0.00
2013-11-1;31;17;61;0.00
2013-11-2;31;17;61;0.00
2013-11-3;32;22;59;0.00
2013-11-4;24;20;83;0.00
2013-11-5;31;19;71;0.00
2013-11-6;20;17;72;0.00
2013-11-7;26;16;69;0.00
2013-11-8;29;16;62;0.00
2013-11-9;33;19;56;0.00
2013-11-10;36;26;41;0.00
2013-11-11;30;25;59;0.00
2013-11-12;32;22;60;0.00
2013-11-13;31;21;52;0.00
2013-11-14;31;17;49;0.00
2013-11-15;31;20;48;0.00
2013-11-16;27;26;56;0.00
2013-11-17;26;21;68;0.00
2013-11-18;31;20;58;0.00
2013-11-19;31;21;60;0.00
2013-11-20;31;23;61;0.00
2013-11-21;31;22;63;0.00
2013-11-22;29;18;74;0.00
2013-11-23;25;18;71;0.00
2013-11-24;27;18;74;0.00
2013-11-25;25;19;80;0.00
2013-11-26;28;19;67;0.00
2013-11-27;30;19;59;0.00
2013-11-28;31;21;49;0.00
2013-11-29;32;21;57;0.00
2013-11-30;30;21;61;0.00
2013-12-1;30;20;56;0.00
2013-12-2;32;21;62;0.00
2013-12-3;35;23;51;0.00
2013-12-4;36;23;46;0.00
2013-12-5;36;21;52;0.00
2013-12-6;32;20;57;0.00
2013-12-7;29;21;61;0.00
2013-12-8;30;20;62;0.00
2013-12-9;33;20;66;0.00
2013-12-10;29;22;75;0.00
2013-12-11;27;20;76;0.00
2013-12-12;29;18;62;0.00
2013-12-13;31;18;59;0.00
2013-12-14;32;20;58;0.00
2013-12-15;32;22;53;0.00
2013-12-16;32;21;52;0.00
2013-12-17;30;19;50;0.00
2013-12-18;32;16;49;0.00
2013-12-19;33;18;54;0.00
2013-12-20;30;22;55;0.00
2013-12-21;31;19;60;0.00
2013-12-22;30;21;47;0.00
2013-12-23;28;20;67;0.00
2013-12-24;30;20;64;0.00
2013-12-25;25;23;76;0.00
2013-12-26;35;25;52;0.00
2013-12-27;31;25;59;0.00
2013-12-28;30;24;69;0.00
2013-12-29;34;23;64;0.00
2013-12-30;25;22;77;0.00
2013-12-31;28;23;73;0.00
2014-1-1;28;22;73;0.00
2014-1-2;30;22;70;0.00
2014-1-3;32;24;60;0.00
2014-1-4;31;23;59;0.00
2014-1-5;31;22;55;0.00
2014-1-6;32;22;61;0.00
2014-1-7;32;23;58;0.00
2014-1-8;31;23;54;0.00
2014-1-9;30;21;61;0.00
2014-1-10;32;24;52;0.00
2014-1-11;32;22;57;0.00
2014-1-12;32;22;63;0.00
2014-1-13;27;20;69;0.00
2014-1-14;33;20;63;0.00
2014-1-15;33;22;62;0.00
2014-1-16;30;19;67;0.00
2014-1-17;32;22;58;0.00
2014-1-18;33;20;62;0.00
2014-1-19;33;20;50;0.00
2014-1-20;32;22;48;0.00
2014-1-21;32;22;58;0.00
2014-1-22;30;23;62;0.00
2014-1-23;29;23;64;0.00
2014-1-24;31;23;65;0.00
2014-1-25;29;21;65;0.00
2014-1-26;29;23;68;0.00
2014-1-27;32;22;62;0.00
2014-1-28;30;21;55;0.00
2014-1-29;31;23;43;0.00
2014-1-30;32;25;41;0.00
2014-1-31;32;26;43;0.00
2014-2-1;32;25;44;0.00
2014-2-2;32;25;41;0.00
2014-2-3;34;25;38;0.00
2014-2-4;35;25;37;0.00
2014-2-5;34;24;40;0.00
2014-2-6;35;26;46;0.00
2014-2-7;33;24;39;0.00
2014-2-8;33;25;45;0.00
2014-2-9;33;24;40;0.00
2014-2-10;34;25;41;0.00
2014-2-11;35;24;49;0.00
2014-2-12;29;23;55;0.00
2014-2-13;27;23;61;0.00
2014-2-14;27;22;66;0.00
2014-2-15;22;19;81;0.00
2014-2-16;26;21;72;0.00
2014-2-17;30;20;65;0.00
2014-2-18;29;20;61;0.00
2014-2-19;31;19;55;0.00
2014-2-20;31;20;54;0.00
2014-2-21;29;23;61;0.00
2014-2-22;26;20;74;0.00
2014-2-23;26;23;73;0.00
2014-2-24;28;21;69;0.00
2014-2-25;31;20;66;0.00
2014-2-26;31;22;56;0.00
2014-2-27;27;23;64;0.00
2014-2-28;29;21;70;0.00
2014-3-1;28;21;71;0.00
2014-3-2;29;22;61;0.00
2014-3-3;29;22;64;0.00
2014-3-4;28;23;71;0.00
2014-3-5;27;21;73;0.00
2014-3-6;29;22;74;0.00
2014-3-7;26;21;75;0.00
2014-3-8;27;19;69;0.00
2014-3-9;31;23;50;0.00
2014-3-10;31;21;63;0.00
2014-3-11;29;22;69;0.00
2014-3-12;27;21;76;0.00
2014-3-13;28;22;70;0.00
2014-3-14;30;21;61;0.00
2014-3-15;31;24;59;0.00
2014-3-16;31;25;50;0.00
2014-3-17;31;24;55;0.00
2014-3-18;31;22;52;0.00
2014-3-19;31;22;59;0.00
2014-3-20;26;22;76;0.00
2014-3-21;26;21;80;0.00
2014-3-22;27;20;78;0.00
2014-3-23;26;20;66;0.00
2014-3-24;28;17;67;0.00
2014-3-25;29;18;62;0.00
2014-3-26;29;18;60;0.00
2014-3-27;29;19;61;0.00
2014-3-28;29;21;63;0.00
2014-3-29;29;22;64;0.00
2014-3-30;27;22;74;0.00
2014-3-31;28;22;72;0.00
2014-4-1;30;23;64;0.00
2014-4-2;29;21;63;0.00
2014-4-3;30;22;64;0.00
2014-4-4;29;21;61;0.00
2014-4-5;30;20;60;0.00
2014-4-6;30;22;54;0.00
2014-4-7;31;22;52;0.00
2014-4-8;31;22;51;0.00
2014-4-9;29;22;69;0.00
2014-4-10;29;21;64;0.00
2014-4-11;29;20;64;0.00
2014-4-12;29;23;72;0.00
2014-4-13;26;22;72;0.00
2014-4-14;25;21;71;0.00
2014-4-15;22;19;87;0.00
2014-4-16;27;19;74;0.00
2014-4-17;28;22;64;0.00
2014-4-18;29;21;63;0.00
2014-4-19;31;25;52;0.00
2014-4-20;30;21;60;0.00
2014-4-21;28;21;64;0.00
2014-4-22;27;21;69;0.00
2014-4-23;27;21;70;0.00
2014-4-24;27;20;70;0.00
2014-4-25;28;19;66;0.00
2014-4-26;27;17;63;0.00
2014-4-27;24;17;58;0.00
2014-4-28;25;14;66;0.00
2014-4-29;26;17;59;0.00
2014-4-30;27;18;55;0.00
2014-5-1;23;19;61;0.00
2014-5-2;26;20;58;0.00
2014-5-3;28;21;59;0.00
2014-5-4;28;21;49;0.00
2014-5-5;27;20;51;0.00
2014-5-6;27;23;48;0.00
2014-5-7;28;20;50;0.00
2014-5-8;30;21;49;0.00
2014-5-9;27;20;57;0.00
2014-5-10;25;16;57;0.00
2014-5-11;25;18;59;0.00
2014-5-12;26;17;65;0.00
2014-5-13;27;20;56;0.00
2014-5-14;27;21;52;0.00
2014-5-15;26;18;56;0.00
2014-5-16;26;19;50;0.00
2014-5-17;27;17;59;0.00
2014-5-18;27;19;60;0.00
2014-5-19;27;18;59;0.00
2014-5-20;27;18;54;0.00
2014-5-21;29;20;47;0.00
2014-5-22;26;21;66;0.00
2014-5-23;22;19;81;0.00
2014-5-24;22;17;86;0.00
2014-5-25;21;16;90;0.00
2014-5-26;19;16;73;0.00
2014-5-27;19;13;72;0.00
2014-5-28;22;16;68;0.00
2014-5-29;23;15;65;0.00
2014-5-30;24;13;60;0.00
2014-5-31;26;17;57;0.00
2014-6-1;21;18;82;0.00
2014-6-2;23;14;62;0.00
2014-6-3;23;11;56;0.00
2014-6-4;26;15;49;0.00
2014-6-5;29;19;52;0.00
2014-6-6;26;20;68;0.00
2014-6-7;29;21;56;0.00
2014-6-8;30;22;53;0.00
2014-6-9;25;19;67;0.00
2014-6-10;25;17;67;0.00
2014-6-11;26;15;62;0.00
2014-6-12;27;17;58;0.00
2014-6-13;27;18;58;0.00
2014-6-14;27;19;56;0.00
2014-6-15;27;21;57;0.00
2014-6-16;27;17;64;0.00
2014-6-17;26;18;57;0.00
2014-6-18;27;19;60;0.00
2014-6-19;20;14;71;0.00
2014-6-20;21;12;69;0.00
2014-6-21;23;12;77;0.00
2014-6-22;26;16;57;0.00
2014-6-23;27;18;57;0.00
2014-6-24;27;16;57;0.00
2014-6-25;28;18;52;0.00
2014-6-26;28;20;49;0.00
2014-6-27;29;19;50;0.00
2014-6-28;27;20;52;0.00
2014-6-29;19;16;72;0.00
2014-6-30;22;11;58;0.00
2014-7-1;25;12;57;0.00
2014-7-2;27;18;48;0.00
2014-7-3;30;20;45;0.00
2014-7-4;29;21;43;0.00
2014-7-5;29;22;42;0.00
2014-7-6;27;17;47;0.00
2014-7-7;24;19;55;0.00
2014-7-8;23;18;70;0.00
2014-7-9;23;16;73;0.00
2014-7-10;21;16;75;0.00
2014-7-11;22;16;66;0.00
2014-7-12;25;16;63;0.00
2014-7-13;25;14;60;0.00
2014-7-14;26;15;61;0.00
2014-7-15;26;14;57;0.00
2014-7-16;27;15;53;0.00
2014-7-17;28;19;47;0.00
2014-7-18;23;16;66;0.00
2014-7-19;23;15;63;0.00
2014-7-20;23;12;56;0.00
2014-7-21;25;15;52;0.00
2014-7-22;28;18;51;0.00
2014-7-23;28;17;46;0.00
2014-7-24;21;15;80;0.00
2014-7-25;17;11;74;0.00
2014-7-26;20;11;80;0.00
2014-7-27;19;15;86;0.00
2014-7-28;22;14;75;0.00
2014-7-29;25;14;68;0.00
2014-7-30;25;14;61;0.00
2014-7-31;27;16;55;0.00
2014-8-1;28;18;49;0.00
2014-8-2;;;;
2014-8-3;30;22;37;0.00
2014-8-4;30;22;38;0.00
2014-8-5;25;18;56;0.00
2014-8-6;27;11;50;0.00
2014-8-7;29;18;45;0.00
2014-8-8;28;20;52;0.00
2014-8-9;27;14;59;0.00
2014-8-10;27;16;43;0.00
2014-8-11;30;18;34;0.00
2014-8-12;31;21;36;0.00
2014-8-13;24;16;75;0.00
2014-8-14;23;10;62;0.00
2014-8-15;26;12;60;0.00
2014-8-16;29;19;59;0.00
2014-8-17;28;19;59;0.00
2014-8-18;28;18;50;0.00
2014-8-19;27;16;54;0.00
2014-8-20;28;15;48;0.00
2014-8-21;30;16;43;0.00
2014-8-22;30;19;36;0.00
2014-8-23;30;20;39;0.00
2014-8-24;31;22;30;0.00
2014-8-25;32;20;32;0.00
2014-8-26;27;19;53;0.00
2014-8-27;25;15;40;0.00
2014-8-28;27;18;41;0.00
2014-8-29;28;14;52;0.00
2014-8-30;30;14;56;0.00
2014-8-31;33;20;51;0.00
2014-9-1;30;17;56;0.00
2014-9-2;31;20;50;0.00
2014-9-3;28;18;72;0.00
2014-9-4;23;16;63;0.00
2014-9-5;26;14;52;0.00
2014-9-6;29;18;51;0.00
2014-9-7;24;20;60;0.00
2014-9-8;30;18;44;0.00
2014-9-9;29;20;41;0.00
2014-9-10;32;20;37;0.00
2014-9-11;33;23;34;0.00
2014-9-12;32;20;38;0.00
2014-9-13;32;19;44;0.00
2014-9-14;32;23;34;0.00
2014-9-15;27;23;47;0.00
2014-9-16;30;18;47;0.00
2014-9-17;31;16;50;0.00
2014-9-18;29;16;48;0.00
2014-9-19;26;19;66;0.00
2014-9-20;23;19;74;0.00
2014-9-21;28;19;58;0.00
2014-9-22;27;15;53;0.00
2014-9-23;31;14;47;0.00
2014-9-24;30;20;65;0.00
2014-9-25;27;19;81;0.00
2014-9-26;28;19;78;0.00
2014-9-27;22;20;79;0.00
2014-9-28;27;19;73;0.00
2014-9-29;32;21;61;0.00
2014-9-30;28;18;69;0.00
2014-10-1;27;21;71;0.00
2014-10-2;26;18;64;0.00
2014-10-3;27;15;53;0.00
2014-10-4;26;16;52;0.00
2014-10-5;26;15;53;0.00
2014-10-6;28;13;51;0.00
2014-10-7;26;16;51;0.00
2014-10-8;29;18;41;0.00
2014-10-9;31;19;40;0.00
2014-10-10;33;22;36;0.00
2014-10-11;33;26;33;0.00
2014-10-12;33;26;29;0.00
2014-10-13;34;27;30;0.00
2014-10-14;35;26;30;0.00
2014-10-15;34;22;50;0.00
2014-10-16;35;19;48;0.00
2014-10-17;36;24;40;0.00
2014-10-18;31;23;53;0.00
2014-10-19;34;23;55;0.00
2014-10-20;24;21;70;0.00
2014-10-21;28;16;60;0.00
2014-10-22;31;16;55;0.00
2014-10-23;31;17;54;0.00
2014-10-24;29;20;54;0.00
2014-10-25;22;21;77;0.00
2014-10-26;27;19;67;0.00
2014-10-27;31;20;57;0.00
2014-10-28;31;19;42;0.00
2014-10-29;31;19;40;0.00
2014-10-30;33;24;37;0.00
2014-10-31;29;21;63;0.00
2014-11-1;29;23;64;0.00
2014-11-2;31;22;63;0.00
2014-11-3;25;21;77;0.00
2014-11-4;27;21;78;0.00
2014-11-5;30;21;75;0.00
2014-11-6;32;19;60;0.00
2014-11-7;30;22;62;0.00
2014-11-8;27;19;81;0.00
2014-11-9;30;22;54;0.00
2014-11-10;31;18;53;0.00
2014-11-11;31;19;41;0.00
2014-11-12;28;21;60;0.00
2014-11-13;30;21;58;0.00
2014-11-14;28;19;66;0.00
2014-11-15;28;18;55;0.00
2014-11-16;29;18;55;0.00
2014-11-17;29;17;47;0.00
2014-11-18;31;15;53;0.00
2014-11-19;32;20;55;0.00
2014-11-20;27;20;70;0.00
2014-11-21;30;22;56;0.00
2014-11-22;26;21;70;0.00
2014-11-23;27;22;73;0.00
2014-11-24;29;21;72;0.00
2014-11-25;28;21;81;0.00
2014-11-26;27;21;77;0.00
2014-11-27;29;22;72;0.00
2014-11-28;28;22;62;0.00
2014-11-29;29;20;74;0.00
2014-11-30;26;22;73;0.00
2014-12-1;29;22;65;0.00
2014-12-2;29;22;63;0.00
2014-12-3;29;19;65;0.00
2014-12-4;29;22;75;0.00
2014-12-5;28;18;64;0.00
2014-12-6;29;17;59;0.00
2014-12-7;30;21;59;0.00
2014-12-8;28;22;70;0.00
2014-12-9;28;20;76;0.00
2014-12-10;27;21;77;0.00
2014-12-11;29;20;79;0.00
2014-12-12;28;21;73;0.00
2014-12-13;27;21;80;0.00
2014-12-14;29;24;69;0.00
2014-12-15;29;18;59;0.00
2014-12-16;30;19;52;0.00
2014-12-17;31;19;57;0.00
2014-12-18;31;22;50;0.00
2014-12-19;31;24;59;0.00
2014-12-20;30;24;66;0.00
2014-12-21;29;22;70;0.00
2014-12-22;25;22;82;0.00
2014-12-23;23;20;87;0.00
2014-12-24;27;18;81;0.00
2014-12-25;31;21;66;0.00
2014-12-26;32;25;48;0.00
2014-12-27;32;26;50;0.00
2014-12-28;32;26;50;0.00
2014-12-29;31;23;62;0.00
2014-12-30;30;20;69;0.00
2014-12-31;29;21;69;0.00
2015-1-1;29;25;66;0.00
2015-1-2;33;25;53;0.00
2015-1-3;29;26;57;0.00
2015-1-4;29;23;67;0.00
2015-1-5;31;22;66;0.00
2015-1-6;30;20;64;0.00
2015-1-7;31;24;57;0.00
2015-1-8;28;22;68;0.00
2015-1-9;32;23;59;0.00
2015-1-10;32;26;52;0.00
2015-1-11;33;25;51;0.00
2015-1-12;32;25;47;0.00
2015-1-13;33;25;52;0.00
2015-1-14;30;24;55;0.00
2015-1-15;33;24;52;0.00
2015-1-16;32;21;57;0.00
2015-1-17;32;26;57;0.00
2015-1-18;34;26;40;0.00
2015-1-19;34;26;53;0.00
2015-1-20;33;25;52;0.00
2015-1-21;33;24;49;0.00
2015-1-22;30;21;60;0.00
2015-1-23;29;22;59;0.00
2015-1-24;30;21;61;0.00
2015-1-25;29;22;56;0.00
2015-1-26;30;22;62;0.00
2015-1-27;28;21;65;0.00
2015-1-28;29;20;70;0.00
2015-1-29;28;22;75;0.00
2015-1-30;30;20;72;0.00
2015-1-31;30;20;71;0.00
2015-2-1;31;21;56;0.00
2015-2-2;31;21;59;0.00
2015-2-3;30;21;60;0.00
2015-2-4;27;20;74;0.00
2015-2-5;28;21;69;0.00
2015-2-6;29;19;66;0.00
2015-2-7;30;20;61;0.00
2015-2-8;30;21;58;0.00
2015-2-9;29;22;73;0.00
2015-2-10;26;21;79;0.00
2015-2-11;29;22;73;0.00
2015-2-12;30;23;66;0.00
2015-2-13;29;24;65;0.00
2015-2-14;25;22;71;0.00
2015-2-15;26;22;70;0.00
2015-2-16;28;21;70;0.00
2015-2-17;24;21;83;0.00
2015-2-18;24;21;92;0.00
2015-2-19;27;22;76;0.00
2015-2-20;28;21;85;0.00
2015-2-21;31;22;68;0.00
2015-2-22;32;23;54;0.00
2015-2-23;31;23;57;0.00
2015-2-24;31;23;57;0.00
2015-2-25;30;20;67;0.00
2015-2-26;30;20;65;0.00
2015-2-27;30;24;62;0.00
2015-2-28;29;22;66;0.00
2015-3-1;29;21;61;0.00
2015-3-2;29;20;63;0.00
2015-3-3;27;21;70;0.00
2015-3-4;26;26;67;0.00
2015-3-5;27;26;56;0.00
2015-3-6;27;22;67;0.00
2015-3-7;27;23;75;0.00
2015-3-8;23;21;88;0.00
2015-3-9;23;21;87;0.00
2015-3-10;27;20;76;0.00
2015-3-11;27;21;78;0.00
2015-3-12;22;21;76;0.00
2015-3-13;24;19;78;0.00
2015-3-14;22;21;82;0.00
2015-3-15;26;22;74;0.00
2015-3-16;29;21;62;0.00
2015-3-17;26;20;72;0.00
2015-3-18;22;20;78;0.00
2015-3-19;23;20;81;0.00
2015-3-20;24;20;82;0.00
2015-3-21;24;19;77;0.00
2015-3-22;26;20;75;0.00
2015-3-23;27;18;68;0.00
2015-3-24;27;19;69;0.00
2015-3-25;26;18;67;0.00
2015-3-26;29;22;58;0.00
2015-3-27;27;22;69;0.00
2015-3-28;28;23;67;0.00
2015-3-29;25;23;77;0.00
2015-3-30;26;22;77;0.00
2015-3-31;27;22;76;0.00
2015-4-1;30;23;58;0.00
2015-4-2;28;20;61;0.00
2015-4-3;26;19;71;0.00
2015-4-4;26;20;67;0.00
2015-4-5;26;23;83;0.00
2015-4-6;27;21;68;0.00
2015-4-7;25;18;68;0.00
2015-4-8;28;15;64;0.00
2015-4-9;27;19;62;0.00
2015-4-10;28;18;62;0.00
2015-4-11;27;19;64;0.00
2015-4-12;29;21;53;0.00
2015-4-13;29;18;57;0.00
2015-4-14;27;19;71;0.00
2015-4-15;27;21;73;0.00
2015-4-16;26;22;74;0.00
2015-4-17;29;20;66;0.00
2015-4-18;27;22;69;0.00
2015-4-19;29;28;56;0.00
2015-4-20;29;25;63;0.00
2015-4-21;29;25;63;0.00
2015-4-22;27;22;74;0.00
2015-4-23;28;21;74;0.00
2015-4-24;29;19;68;0.00
2015-4-25;26;22;65;0.00
2015-4-26;26;17;65;0.00
2015-4-27;28;17;63;0.00
2015-4-28;27;18;72;0.00
2015-4-29;26;18;69;0.00
2015-4-30;25;16;67;0.00
2015-5-1;23;14;69;0.00
2015-5-2;24;21;62;0.00
2015-5-3;28;24;57;0.00
2015-5-4;25;21;75;0.00
2015-5-5;27;19;70;0.00
2015-5-6;26;17;69;0.00
2015-5-7;25;19;63;0.00
2015-5-8;24;14;67;0.00
2015-5-9;24;15;75;0.00
2015-5-10;22;19;76;0.00
2015-5-11;23;17;75;0.00
2015-5-12;25;16;67;0.00
2015-5-13;24;16;73;0.00
2015-5-14;26;15;68;0.00
2015-5-15;24;17;73;0.00
2015-5-16;23;16;67;0.00
2015-5-17;25;16;66;0.00
2015-5-18;21;18;79;0.00
2015-5-19;24;18;74;0.00
2015-5-20;24;18;80;0.00
2015-5-21;26;18;72;0.00
2015-5-22;28;19;65;0.00
2015-5-23;26;21;64;0.00
2015-5-24;28;19;68;0.00
2015-5-25;29;21;67;0.00
2015-5-26;30;21;66;0.00
2015-5-27;29;19;71;0.00
2015-5-28;21;18;84;0.00
2015-5-29;23;14;67;0.00
2015-5-30;21;15;85;0.00
2015-5-31;20;17;82;0.00
2015-6-1;22;17;87;0.00
2015-6-2;21;16;81;0.00
2015-6-3;25;15;76;0.00
2015-6-4;27;18;67;0.00
2015-6-5;27;20;58;0.00
2015-6-6;24;19;63;0.00
2015-6-7;27;20;56;0.00
2015-6-8;28;20;53;0.00
2015-6-9;27;20;60;0.00
2015-6-10;28;20;56;0.00
2015-6-11;28;19;58;0.00
2015-6-12;28;20;59;0.00
2015-6-13;26;19;60;0.00
2015-6-14;28;20;55;0.00
2015-6-15;21;16;71;0.00
2015-6-16;23;11;65;0.00
2015-6-17;28;17;67;0.00
2015-6-18;26;20;74;0.00
2015-6-19;23;16;68;0.00
2015-6-20;22;14;68;0.00
2015-6-21;26;17;58;0.00
2015-6-22;26;18;61;0.00
2015-6-23;26;19;56;0.00
2015-6-24;24;16;68;0.00
2015-6-25;25;14;67;0.00
2015-6-26;24;14;66;0.00
2015-6-27;20;14;73;0.00
2015-6-28;24;14;53;0.00
2015-6-29;26;15;56;0.00
2015-6-30;27;17;64;0.00
2015-7-1;20;17;90;0.00
2015-7-2;20;17;81;0.00
2015-7-3;20;16;80;0.00
2015-7-4;21;19;82;0.00
2015-7-5;17;14;68;0.00
2015-7-6;25;13;76;0.00
2015-7-7;20;18;87;0.00
2015-7-8;20;17;86;0.00
2015-7-9;23;16;74;0.00
2015-7-10;27;17;64;0.00
2015-7-11;19;17;79;0.00
2015-7-12;28;21;55;0.00
2015-7-13;29;21;53;0.00
2015-7-14;29;19;63;0.00
2015-7-15;26;20;66;0.00
2015-7-16;27;20;68;0.00
2015-7-17;25;19;68;0.00
2015-7-18;24;18;72;0.00
2015-7-19;27;18;50;0.00
2015-7-20;28;19;57;0.00
2015-7-21;24;19;64;0.00
2015-7-22;24;15;72;0.00
2015-7-23;26;13;72;0.00
2015-7-24;25;18;69;0.00
2015-7-25;20;20;83;0.00
2015-7-26;25;18;68;0.00
2015-7-27;26;16;59;0.00
2015-7-28;27;17;58;0.00
2015-7-29;28;18;53;0.00
2015-7-30;28;19;47;0.00
2015-7-31;28;19;47;0.00
2015-8-1;27;21;47;0.00
2015-8-2;28;21;42;0.00
2015-8-3;29;22;40;0.00
2015-8-4;29;21;43;0.00
2015-8-5;28;20;45;0.00
2015-8-6;29;20;44;0.00
2015-8-7;30;20;42;0.00
2015-8-8;26;21;48;0.00
2015-8-9;28;21;43;0.00
2015-8-10;28;20;49;0.00
2015-8-11;28;20;49;0.00
2015-8-12;27;19;49;0.00
2015-8-13;28;19;46;0.00
2015-8-14;27;19;47;0.00
2015-8-15;26;19;49;0.00
2015-8-16;29;20;40;0.00
2015-8-17;28;19;45;0.00
2015-8-18;28;21;47;0.00
2015-8-19;26;19;61;0.00
2015-8-20;26;16;55;0.00
2015-8-21;26;16;56;0.00
2015-8-22;26;17;59;0.00
2015-8-23;31;20;43;0.00
2015-8-24;26;20;60;0.00
2015-8-25;28;17;68;0.00
2015-8-26;30;17;56;0.00
2015-8-27;22;16;79;0.00
2015-8-28;27;16;66;0.00
2015-8-29;27;15;71;0.00
2015-8-30;31;20;43;0.00
2015-8-31;32;22;43;0.00
2015-9-1;32;24;38;0.00
2015-9-2;30;19;55;0.00
2015-9-3;31;17;54;0.00
2015-9-4;30;21;58;0.00
2015-9-5;23;18;65;0.00
2015-9-6;25;18;72;0.00
2015-9-7;27;22;63;0.00
2015-9-8;21;19;79;0.00
2015-9-9;25;18;77;0.00
2015-9-10;22;18;85;0.00
2015-9-11;23;21;80;0.00
2015-9-12;21;19;80;0.00
2015-9-13;25;17;59;0.00
2015-9-14;27;16;55;0.00
2015-9-15;31;17;62;0.00
2015-9-16;32;22;51;0.00
2015-9-17;32;23;49;0.00
2015-9-18;30;25;45;0.00
2015-9-19;;;;0.00
2015-9-20;;;;
2015-9-21;31;28;27;0.00
2015-9-22;33;28;29;0.00
2015-9-23;33;30;27;0.00
2015-9-24;32;30;37;0.00
2015-9-25;32;25;51;0.00
2015-9-26;;;;0.00
2015-9-27;;;;
2015-9-28;24;23;68;0.00
2015-9-29;28;26;56;0.00
2015-9-30;24;23;61;0.00
2015-10-1;28;26;61;0.00
2015-10-2;30;21;62;0.00
2015-10-3;;;;0.00
2015-10-4;;;;
2015-10-5;27;25;55;0.00
2015-10-6;28;25;59;0.00
2015-10-7;32;29;43;0.00
2015-10-8;31;29;50;0.00
2015-10-9;20;20;94;0.00
2015-10-10;;;;0.00
2015-10-11;;;;
2015-10-12;;;;
2015-10-13;28;26;54;0.00
2015-10-14;31;30;34;0.00
2015-10-15;27;27;58;0.00
2015-10-16;31;31;40;0.00
2015-10-17;;;;
2015-10-17;;;;
2015-10-19;31;28;45;0.00
2015-10-20;33;31;42;0.00
2015-10-21;33;31;40;0.00
2015-10-22;23;21;76;0.00
2015-10-23;24;22;75;0.00
2015-10-24;;;;0.00
2015-10-25;;;;
2015-10-26;27;26;60;0.00
2015-10-27;23;22;86;0.00
2015-10-28;27;25;70;0.00
2015-10-29;28;25;57;0.00
2015-10-30;29;27;56;0.00
2015-10-31;;;;0.00
2015-11-1;;;;
2015-11-2;;;;
2015-11-3;27;25;77;0.00
2015-11-4;25;24;77;0.00
2015-11-5;27;26;61;0.00
2015-11-6;24;22;78;0.00
2015-11-7;;;;0.00
2015-11-8;;;;
2015-11-9;29;24;68;0.00
2015-11-10;31;29;46;0.00
2015-11-11;28;27;62;0.00
2015-11-12;29;28;53;0.00
2015-11-13;25;24;75;0.00
2015-11-14;;;;0.00
2015-11-15;;;;
2015-11-16;;;;
2015-11-17;;;;
2015-11-18;24;23;70;0.00
2015-11-19;27;27;64;0.00
2015-11-20;27;23;71;0.00
2015-11-21;24;23;76;0.00
2015-11-22;;;;
2015-11-23;23;22;78;0.00
2015-11-24;22;22;81;0.00
2015-11-25;23;22;76;0.00
2015-11-26;27;26;62;0.00
2015-11-27;27;27;61;0.00
2015-11-28;;;;0.00
2015-11-29;;;;
2015-11-30;23;23;81;0.00
2015-12-1;28;26;63;0.00
2015-12-2;28;27;58;0.00
2015-12-3;23;23;78;0.00
2015-12-4;26;26;65;0.00
2015-12-5;;;;0.00
2015-12-6;;;;
2015-12-7;26;24;69;0.00
2015-12-8;28;26;65;0.00
2015-12-9;28;26;63;0.00
2015-12-10;25;23;68;0.00
2015-12-11;24;24;78;0.00
2015-12-12;;;;0.00
2015-12-13;;;;
2015-12-14;27;25;64;0.00
2015-12-15;25;23;72;0.00
2015-12-16;28;25;63;0.00
2015-12-17;31;28;47;0.00
2015-12-18;31;31;43;0.00
2015-12-19;;;;0.00
2015-12-20;;;;
2015-12-21;29;28;56;0.00
2015-12-22;30;28;51;0.00
2015-12-23;27;26;64;0.00
2015-12-24;29;26;58;0.00
2015-12-25;;;;0.00
2015-12-26;;;;
2015-12-27;;;;
2015-12-28;26;24;72;0.00
2015-12-29;25;24;76;0.00
2015-12-30;26;24;69;0.00
2015-12-31;24;24;83;0.00
2016-1-1;;;;
2016-1-2;;;;
2016-1-3;;;;
2016-1-4;28;26;65;0.00
2016-1-5;29;27;61;0.00
2016-1-6;30;27;54;0.00
2016-1-7;31;28;47;0.00
2016-1-8;29;26;63;0.00
2016-1-9;;;;0.00
2016-1-10;;;;
2016-1-11;25;25;83;0.00
2016-1-12;27;26;70;0.00
2016-1-13;28;27;69;0.00
2016-1-14;26;24;74;0.00
2016-1-15;27;26;64;0.00
