2010-1-2;33;24;69;0.00
2010-1-3;34;24;71;0.00
2010-1-4;34;24;71;0.00
2010-1-5;34;25;71;0.00
2010-1-6;33;26;67;0.00
2010-1-7;34;25;66;0.00
2010-1-8;33;25;70;0.00
2010-1-9;33;26;71;0.00
2010-1-10;34;24;66;0.00
2010-1-11;34;24;67;0.00
2010-1-12;34;26;64;0.00
2010-1-13;35;26;70;0.00
2010-1-14;34;26;67;0.00
2010-1-15;34;26;71;0.00
2010-1-16;32;25;72;0.00
2010-1-17;33;24;72;0.00
2010-1-18;34;24;74;0.00
2010-1-19;33;26;70;0.00
2010-1-20;34;25;65;0.00
2010-1-21;35;26;62;0.00
2010-1-22;34;26;66;0.00
2010-1-23;33;25;73;0.00
2010-1-24;32;25;73;0.00
2010-1-25;33;25;73;0.00
2010-1-26;33;23;67;0.00
2010-1-27;33;26;69;0.00
2010-1-28;33;25;69;0.00
2010-1-29;34;25;75;0.00
2010-1-30;34;24;70;0.00
2010-1-31;33;25;69;0.00
2010-2-1;33;25;69;0.00
2010-2-2;33;25;70;0.00
2010-2-3;34;25;72;0.00
2010-2-4;33;26;64;0.00
2010-2-5;34;25;68;0.00
2010-2-6;32;25;71;0.00
2010-2-7;33;24;69;0.00
2010-2-8;34;24;69;0.00
2010-2-9;33;26;65;0.00
2010-2-10;32;26;75;0.00
2010-2-11;32;24;78;0.00
2010-2-12;30;24;78;0.00
2010-2-13;32;24;74;0.00
2010-2-14;32;25;75;0.00
2010-2-15;34;26;73;0.00
2010-2-16;34;26;70;0.00
2010-2-17;35;27;66;0.00
2010-2-18;34;26;66;0.00
2010-2-19;32;25;72;0.00
2010-2-20;32;25;74;0.00
2010-2-21;33;25;69;0.00
2010-2-22;34;24;70;0.00
2010-2-23;36;26;68;0.00
2010-2-24;36;26;63;0.00
2010-2-25;35;26;62;0.00
2010-2-26;28;24;79;0.00
2010-2-27;31;22;74;0.00
2010-2-28;28;23;86;0.00
2010-3-1;29;23;83;0.00
2010-3-2;27;22;85;0.00
2010-3-3;29;24;82;0.00
2010-3-4;29;24;88;0.00
2010-3-5;26;24;96;0.00
2010-3-6;28;23;89;0.00
2010-3-7;29;25;82;0.00
2010-3-8;33;25;83;0.00
2010-3-9;34;24;82;0.00
2010-3-10;33;25;82;0.00
2010-3-11;34;25;75;0.00
2010-3-12;33;26;78;0.00
2010-3-13;35;26;73;0.00
2010-3-14;36;27;70;0.00
2010-3-15;33;26;74;0.00
2010-3-16;32;25;73;0.00
2010-3-17;29;25;75;0.00
2010-3-18;29;24;80;0.00
2010-3-19;30;24;80;0.00
2010-3-20;32;23;76;0.00
2010-3-21;33;23;80;0.00
2010-3-22;34;25;78;0.00
2010-3-23;35;25;74;0.00
2010-3-24;33;25;74;0.00
2010-3-25;31;24;73;0.00
2010-3-26;26;24;94;0.00
2010-3-27;30;24;85;0.00
2010-3-28;33;24;78;0.00
2010-3-29;33;25;73;0.00
2010-3-30;34;25;72;0.00
2010-3-31;29;26;79;0.00
2010-4-1;29;25;78;0.00
2010-4-2;28;23;86;0.00
2010-4-3;28;24;90;0.00
2010-4-4;31;23;79;0.00
2010-4-5;32;24;87;0.00
2010-4-6;29;23;89;0.00
2010-4-7;28;21;71;0.00
2010-4-8;29;20;64;0.00
2010-4-9;28;21;60;0.00
2010-4-10;28;21;65;0.00
2010-4-11;28;21;71;0.00
2010-4-12;23;20;89;0.00
2010-4-13;28;20;68;0.00
2010-4-14;28;21;80;0.00
2010-4-15;28;21;83;0.00
2010-4-16;27;23;89;0.00
2010-4-17;30;22;83;0.00
2010-4-18;29;23;83;0.00
2010-4-19;28;23;81;0.00
2010-4-20;30;21;75;0.00
2010-4-21;31;22;78;0.00
2010-4-22;32;24;75;0.00
2010-4-23;33;23;74;0.00
2010-4-24;31;23;82;0.00
2010-4-25;29;19;79;0.00
2010-4-26;30;23;76;0.00
2010-4-27;34;25;72;0.00
2010-4-28;30;24;76;0.00
2010-4-29;29;23;71;0.00
2010-4-30;24;21;90;0.00
2010-5-1;26;21;81;0.00
2010-5-2;29;21;81;0.00
2010-5-3;28;19;73;0.00
2010-5-4;30;18;73;0.00
2010-5-5;32;20;76;0.00
2010-5-6;32;22;81;0.00
2010-5-7;32;21;78;0.00
2010-5-8;33;22;82;0.00
2010-5-9;33;22;83;0.00
2010-5-10;24;20;87;0.00
2010-5-11;23;19;94;0.00
2010-5-12;29;20;85;0.00
2010-5-13;26;23;86;0.00
2010-5-14;27;20;77;0.00
2010-5-15;27;18;80;0.00
2010-5-16;28;18;83;0.00
2010-5-17;28;21;81;0.00
2010-5-18;27;19;85;0.00
2010-5-19;30;21;81;0.00
2010-5-20;30;21;80;0.00
2010-5-21;27;21;84;0.00
2010-5-22;25;20;90;0.00
2010-5-23;26;20;89;0.00
2010-5-24;28;19;88;0.00
2010-5-25;30;21;85;0.00
2010-5-26;29;21;84;0.00
2010-5-27;28;20;90;0.00
2010-5-28;28;20;81;0.00
2010-5-29;28;19;81;0.00
2010-5-30;30;18;80;0.00
2010-5-31;33;21;72;0.00
2010-6-1;26;19;78;0.00
2010-6-2;22;18;91;0.00
2010-6-3;22;18;91;0.00
2010-6-4;21;17;91;0.00
2010-6-5;28;16;75;0.00
2010-6-6;25;21;78;0.00
2010-6-7;26;16;77;0.00
2010-6-8;25;15;85;0.00
2010-6-9;26;15;85;0.00
2010-6-10;26;15;83;0.00
2010-6-11;27;17;80;0.00
2010-6-12;24;18;77;0.00
2010-6-13;24;17;80;0.00
2010-6-14;25;18;77;0.00
2010-6-15;25;15;81;0.00
2010-6-16;28;16;74;0.00
2010-6-17;29;16;78;0.00
2010-6-18;27;15;80;0.00
2010-6-19;29;16;74;0.00
2010-6-20;31;16;72;0.00
2010-6-21;33;15;78;0.00
2010-6-22;25;20;84;0.00
2010-6-23;23;20;90;0.00
2010-6-24;24;19;84;0.00
2010-6-25;26;17;80;0.00
2010-6-26;26;17;82;0.00
2010-6-27;25;19;89;0.00
2010-6-28;26;20;88;0.00
2010-6-29;26;18;82;0.00
2010-6-30;26;18;80;0.00
2010-7-1;26;17;81;0.00
2010-7-2;22;18;93;0.00
2010-7-3;22;19;96;0.00
2010-7-4;26;18;87;0.00
2010-7-5;25;19;88;0.00
2010-7-6;25;17;84;0.00
2010-7-7;27;16;86;0.00
2010-7-8;28;17;80;0.00
2010-7-9;28;21;83;0.00
2010-7-10;26;20;92;0.00
2010-7-11;26;21;94;0.00
2010-7-12;29;20;85;0.00
2010-7-13;30;22;77;0.00
2010-7-14;28;21;83;0.00
2010-7-15;28;21;85;0.00
2010-7-16;27;21;87;0.00
2010-7-17;26;18;90;0.00
2010-7-18;26;20;84;0.00
2010-7-19;25;18;87;0.00
2010-7-20;26;18;79;0.00
2010-7-21;28;16;79;0.00
2010-7-22;26;19;86;0.00
2010-7-23;30;20;76;0.00
2010-7-24;28;18;82;0.00
2010-7-25;25;18;88;0.00
2010-7-26;29;16;82;0.00
2010-7-27;28;20;85;0.00
2010-7-28;26;18;84;0.00
2010-7-29;23;17;92;0.00
2010-7-30;28;16;79;0.00
2010-7-31;28;16;77;0.00
2010-8-1;30;16;74;0.00
2010-8-2;29;16;78;0.00
2010-8-3;29;18;76;0.00
2010-8-4;26;18;83;0.00
2010-8-5;30;17;79;0.00
2010-8-6;26;17;82;0.00
2010-8-7;26;18;73;0.00
2010-8-8;29;16;75;0.00
2010-8-9;34;18;72;0.00
2010-8-10;25;21;75;0.00
2010-8-11;24;19;73;0.00
2010-8-12;27;19;70;0.00
2010-8-13;27;16;73;0.00
2010-8-14;27;18;72;0.00
2010-8-15;22;15;84;0.00
2010-8-16;23;14;73;0.00
2010-8-17;23;15;68;0.00
2010-8-18;24;16;64;0.00
2010-8-19;23;15;78;0.00
2010-8-20;29;15;68;0.00
2010-8-21;28;15;74;0.00
2010-8-22;29;16;73;0.00
2010-8-23;26;15;77;0.00
2010-8-24;30;15;74;0.00
2010-8-25;31;18;70;0.00
2010-8-26;30;17;70;0.00
2010-8-27;30;20;71;0.00
2010-8-28;31;18;74;0.00
2010-8-29;30;20;75;0.00
2010-8-30;30;18;76;0.00
2010-8-31;30;21;74;0.00
2010-9-1;28;19;74;0.00
2010-9-2;29;19;73;0.00
2010-9-3;30;20;72;0.00
2010-9-4;31;20;65;0.00
2010-9-5;34;20;64;0.00
2010-9-6;27;20;73;0.00
2010-9-7;28;19;73;0.00
2010-9-8;30;19;79;0.00
2010-9-9;25;19;76;0.00
2010-9-10;25;18;79;0.00
2010-9-11;26;16;67;0.00
2010-9-12;28;16;65;0.00
2010-9-13;28;15;70;0.00
2010-9-14;28;19;72;0.00
2010-9-15;31;21;69;0.00
2010-9-16;29;21;73;0.00
2010-9-17;30;20;71;0.00
2010-9-18;28;19;78;0.00
2010-9-19;24;19;75;0.00
2010-9-20;25;19;88;0.00
2010-9-21;25;20;85;0.00
2010-9-22;30;19;77;0.00
2010-9-23;30;19;71;0.00
2010-9-24;29;20;74;0.00
2010-9-25;31;22;68;0.00
2010-9-26;31;21;70;0.00
2010-9-27;29;21;73;0.00
2010-9-28;29;21;79;0.00
2010-9-29;31;22;80;0.00
2010-9-30;32;22;84;0.00
2010-10-1;28;23;87;0.00
2010-10-2;30;21;85;0.00
2010-10-3;25;21;80;0.00
2010-10-4;25;20;78;0.00
2010-10-5;29;19;79;0.00
2010-10-6;26;22;85;0.00
2010-10-7;31;21;81;0.00
2010-10-8;31;24;78;0.00
2010-10-9;26;20;68;0.00
2010-10-10;25;19;66;0.00
2010-10-11;25;19;78;0.00
2010-10-12;22;19;66;0.00
2010-10-13;23;19;64;0.00
2010-10-14;26;19;70;0.00
2010-10-15;28;20;81;0.00
2010-10-16;30;21;83;0.00
2010-10-17;31;23;73;0.00
2010-10-18;32;22;74;0.00
2010-10-19;27;21;70;0.00
2010-10-20;26;21;66;0.00
2010-10-21;28;18;69;0.00
2010-10-22;29;21;66;0.00
2010-10-23;30;22;66;0.00
2010-10-24;30;23;75;0.00
2010-10-25;28;23;82;0.00
2010-10-26;29;21;89;0.00
2010-10-27;28;20;81;0.00
2010-10-28;28;20;71;0.00
2010-10-29;32;18;76;0.00
2010-10-30;35;23;70;0.00
2010-10-31;34;25;77;0.00
2010-11-1;30;22;90;0.00
2010-11-2;25;21;93;0.00
2010-11-3;27;20;79;0.00
2010-11-4;28;20;78;0.00
2010-11-5;28;21;84;0.00
2010-11-6;32;24;75;0.00
2010-11-7;24;21;96;0.00
2010-11-8;27;21;90;0.00
2010-11-9;31;23;83;0.00
2010-11-10;31;24;78;0.00
2010-11-11;28;21;82;0.00
2010-11-12;27;21;73;0.00
2010-11-13;25;18;80;0.00
2010-11-14;24;19;89;0.00
2010-11-15;22;19;95;0.00
2010-11-16;26;19;92;0.00
2010-11-17;33;22;78;0.00
2010-11-18;32;22;83;0.00
2010-11-19;28;22;87;0.00
2010-11-20;31;23;83;0.00
2010-11-21;31;24;78;0.00
2010-11-22;32;25;75;0.00
2010-11-23;26;21;89;0.00
2010-11-24;29;24;88;0.00
2010-11-25;31;24;78;0.00
2010-11-26;29;24;86;0.00
2010-11-27;27;23;84;0.00
2010-11-28;28;21;81;0.00
2010-11-29;32;23;73;0.00
2010-11-30;31;23;77;0.00
2010-12-1;32;25;74;0.00
2010-12-2;32;25;74;0.00
2010-12-3;33;24;70;0.00
2010-12-4;32;25;66;0.00
2010-12-5;33;24;69;0.00
2010-12-6;33;25;74;0.00
2010-12-7;32;25;80;0.00
2010-12-8;34;23;78;0.00
2010-12-9;31;25;81;0.00
2010-12-10;29;24;78;0.00
2010-12-11;30;22;73;0.00
2010-12-12;31;21;73;0.00
2010-12-13;35;24;74;0.00
2010-12-14;34;25;73;0.00
2010-12-15;32;26;77;0.00
2010-12-16;32;25;75;0.00
2010-12-17;30;24;75;0.00
2010-12-18;33;23;68;0.00
2010-12-19;33;23;70;0.00
2010-12-20;33;24;68;0.00
2010-12-21;34;24;68;0.00
2010-12-22;34;24;74;0.00
2010-12-23;35;24;74;0.00
2010-12-24;27;23;90;0.00
2010-12-25;31;23;85;0.00
2010-12-26;33;25;80;0.00
2010-12-27;31;23;87;0.00
2010-12-28;31;24;86;0.00
2010-12-29;25;21;97;0.00
2010-12-30;26;21;77;0.00
2010-12-31;26;21;95;0.00
2011-1-1;31;23;84;0.00
2011-1-2;32;24;80;0.00
2011-1-3;30;24;82;0.00
2011-1-4;29;24;80;0.00
2011-1-5;32;25;77;0.00
2011-1-6;31;24;80;0.00
2011-1-7;30;23;80;0.00
2011-1-8;31;23;75;0.00
2011-1-9;31;23;75;0.00
2011-1-10;33;24;70;0.00
2011-1-11;33;25;73;0.00
2011-1-12;32;23;81;0.00
2011-1-13;33;25;79;0.00
2011-1-14;33;24;85;0.00
2011-1-15;31;24;84;0.00
2011-1-16;33;24;77;0.00
2011-1-17;34;25;75;0.00
2011-1-18;34;25;72;0.00
2011-1-19;32;24;72;0.00
2011-1-20;32;24;72;0.00
2011-1-21;33;24;73;0.00
2011-1-22;28;24;87;0.00
2011-1-23;30;23;79;0.00
2011-1-24;29;24;77;0.00
2011-1-25;28;23;85;0.00
2011-1-26;31;23;79;0.00
2011-1-27;31;24;76;0.00
2011-1-28;32;24;74;0.00
2011-1-29;33;24;70;0.00
2011-1-30;33;24;70;0.00
2011-1-31;34;24;70;0.00
2011-2-1;33;24;72;0.00
2011-2-2;33;23;70;0.00
2011-2-3;32;23;72;0.00
2011-2-4;32;24;70;0.00
2011-2-5;31;24;76;0.00
2011-2-6;32;25;73;0.00
2011-2-7;33;24;72;0.00
2011-2-8;32;24;77;0.00
2011-2-9;32;23;74;0.00
2011-2-10;33;25;68;0.00
2011-2-11;33;25;69;0.00
2011-2-12;32;24;71;0.00
2011-2-13;32;23;71;0.00
2011-2-14;33;24;71;0.00
2011-2-15;32;24;73;0.00
2011-2-16;32;24;72;0.00
2011-2-17;31;23;84;0.00
2011-2-18;30;23;80;0.00
2011-2-19;29;24;86;0.00
2011-2-20;31;24;84;0.00
2011-2-21;32;23;78;0.00
2011-2-22;35;24;68;0.00
2011-2-23;35;24;75;0.00
2011-2-24;30;24;83;0.00
2011-2-25;29;24;89;0.00
2011-2-26;31;24;84;0.00
2011-2-27;34;23;76;0.00
2011-2-28;35;24;76;0.00
2011-3-1;32;23;82;0.00
2011-3-2;30;24;79;0.00
2011-3-3;30;24;77;0.00
2011-3-4;27;23;79;0.00
2011-3-5;28;23;86;0.00
2011-3-6;25;22;97;0.00
2011-3-7;27;23;89;0.00
2011-3-8;27;23;94;0.00
2011-3-9;29;23;92;0.00
2011-3-10;30;23;91;0.00
2011-3-11;29;24;94;0.00
2011-3-12;29;25;93;0.00
2011-3-13;31;24;89;0.00
2011-3-14;30;24;93;0.00
2011-3-15;31;24;92;0.00
2011-3-16;29;25;91;0.00
2011-3-17;27;23;93;0.00
2011-3-18;29;22;79;0.00
2011-3-19;30;21;79;0.00
2011-3-20;29;22;86;0.00
2011-3-21;28;22;82;0.00
2011-3-22;28;22;86;0.00
2011-3-23;26;23;96;0.00
2011-3-24;28;22;89;0.00
2011-3-25;31;22;83;0.00
2011-3-26;33;23;81;0.00
2011-3-27;33;24;78;0.00
2011-3-28;29;21;83;0.00
2011-3-29;33;23;77;0.00
2011-3-30;33;24;80;0.00
2011-3-31;31;24;84;0.00
2011-4-1;30;24;87;0.00
2011-4-2;29;23;84;0.00
2011-4-3;33;23;83;0.00
2011-4-4;29;23;91;0.00
2011-4-5;30;23;85;0.00
2011-4-6;28;22;85;0.00
2011-4-7;28;22;85;0.00
2011-4-8;28;22;82;0.00
2011-4-9;28;22;85;0.00
2011-4-10;28;22;87;0.00
2011-4-11;30;22;83;0.00
2011-4-12;30;23;84;0.00
2011-4-13;30;22;80;0.00
2011-4-14;31;23;81;0.00
2011-4-15;30;23;82;0.00
2011-4-16;29;22;86;0.00
2011-4-17;29;23;83;0.00
2011-4-18;28;22;88;0.00
2011-4-19;27;23;91;0.00
2011-4-20;27;22;94;0.00
2011-4-21;29;22;85;0.00
2011-4-22;30;21;83;0.00
2011-4-23;30;21;80;0.00
2011-4-24;32;22;78;0.00
2011-4-25;30;23;79;0.00
2011-4-26;28;22;83;0.00
2011-4-27;24;20;94;0.00
2011-4-28;24;20;96;0.00
2011-4-29;27;21;94;0.00
2011-4-30;31;22;85;0.00
2011-5-1;32;22;80;0.00
2011-5-2;32;24;79;0.00
2011-5-3;27;22;83;0.00
2011-5-4;28;21;84;0.00
2011-5-5;28;22;84;0.00
2011-5-6;31;24;80;0.00
2011-5-7;28;22;75;0.00
2011-5-8;28;19;78;0.00
2011-5-9;28;19;77;0.00
2011-5-10;28;19;78;0.00
2011-5-11;27;20;80;0.00
2011-5-12;28;19;79;0.00
2011-5-13;29;21;78;0.00
2011-5-14;28;20;71;0.00
2011-5-15;28;19;77;0.00
2011-5-16;26;20;79;0.00
2011-5-17;27;20;68;0.00
2011-5-18;25;18;70;0.00
2011-5-19;24;17;78;0.00
2011-5-20;26;18;84;0.00
2011-5-21;25;18;85;0.00
2011-5-22;25;18;82;0.00
2011-5-23;25;18;82;0.00
2011-5-24;26;18;81;0.00
2011-5-25;27;17;79;0.00
2011-5-26;29;17;79;0.00
2011-5-27;28;17;79;0.00
2011-5-28;26;19;71;0.00
2011-5-29;24;20;74;0.00
2011-5-30;24;20;69;0.00
2011-5-31;25;19;77;0.00
2011-6-1;29;18;80;0.00
2011-6-2;25;19;87;0.00
2011-6-3;29;19;78;0.00
2011-6-4;27;19;83;0.00
2011-6-5;24;19;63;0.00
2011-6-6;23;13;77;0.00
2011-6-7;27;17;71;0.00
2011-6-8;29;21;65;0.00
2011-6-9;28;19;79;0.00
2011-6-10;25;19;82;0.00
2011-6-11;25;21;71;0.00
2011-6-12;24;18;73;0.00
2011-6-13;25;17;77;0.00
2011-6-14;25;16;77;0.00
2011-6-15;24;18;77;0.00
2011-6-16;24;16;78;0.00
2011-6-17;24;18;84;0.00
2011-6-18;28;18;89;0.00
2011-6-19;26;17;86;0.00
2011-6-20;26;18;82;0.00
2011-6-21;29;19;77;0.00
2011-6-22;27;16;79;0.00
2011-6-23;24;21;84;0.00
2011-6-24;25;18;86;0.00
2011-6-25;24;20;92;0.00
2011-6-26;27;20;83;0.00
2011-6-27;29;21;76;0.00
2011-6-28;22;20;82;0.00
2011-6-29;24;19;78;0.00
2011-6-30;26;20;78;0.00
2011-7-1;28;16;82;0.00
2011-7-2;28;17;81;0.00
2011-7-3;30;17;79;0.00
2011-7-4;23;18;86;0.00
2011-7-5;22;18;81;0.00
2011-7-6;29;17;81;0.00
2011-7-7;23;18;84;0.00
2011-7-8;22;18;70;0.00
2011-7-9;23;14;76;0.00
2011-7-10;26;16;73;0.00
2011-7-11;26;14;75;0.00
2011-7-12;27;17;77;0.00
2011-7-13;27;17;76;0.00
2011-7-14;27;17;78;0.00
2011-7-15;28;18;78;0.00
2011-7-16;28;18;83;0.00
2011-7-17;28;17;81;0.00
2011-7-18;26;18;77;0.00
2011-7-19;28;20;73;0.00
2011-7-20;28;18;74;0.00
2011-7-21;28;18;73;0.00
2011-7-22;30;17;71;0.00
2011-7-23;26;21;84;0.00
2011-7-24;22;19;89;0.00
2011-7-25;25;18;84;0.00
2011-7-26;25;19;85;0.00
2011-7-27;27;17;76;0.00
2011-7-28;26;15;77;0.00
2011-7-29;28;17;74;0.00
2011-7-30;30;20;66;0.00
2011-7-31;28;17;83;0.00
2011-8-1;31;21;70;0.00
2011-8-2;32;18;80;0.00
2011-8-3;30;22;82;0.00
2011-8-4;23;19;82;0.00
2011-8-5;21;18;70;0.00
2011-8-6;28;18;74;0.00
2011-8-7;30;18;81;0.00
2011-8-8;31;21;78;0.00
2011-8-9;31;20;74;0.00
2011-8-10;29;19;78;0.00
2011-8-11;23;19;83;0.00
2011-8-12;25;18;77;0.00
2011-8-13;28;18;69;0.00
2011-8-14;28;14;76;0.00
2011-8-15;27;18;78;0.00
2011-8-16;27;18;74;0.00
2011-8-17;30;17;65;0.00
2011-8-18;29;19;66;0.00
2011-8-19;29;18;72;0.00
2011-8-20;33;22;68;0.00
2011-8-21;23;19;89;0.00
2011-8-22;22;18;83;0.00
2011-8-23;23;18;94;0.00
2011-8-24;29;17;81;0.00
2011-8-25;28;19;81;0.00
2011-8-26;30;18;75;0.00
2011-8-27;26;22;81;0.00
2011-8-28;28;20;78;0.00
2011-8-29;30;21;69;0.00
2011-8-30;32;22;68;0.00
2011-8-31;30;22;69;0.00
2011-9-1;24;20;67;0.00
2011-9-2;23;18;59;0.00
2011-9-3;23;15;62;0.00
2011-9-4;24;13;66;0.00
2011-9-5;27;15;65;0.00
2011-9-6;29;16;66;0.00
2011-9-7;29;17;71;0.00
2011-9-8;29;21;67;0.00
2011-9-9;31;22;66;0.00
2011-9-10;29;20;67;0.00
2011-9-11;31;19;74;0.00
2011-9-12;24;22;74;0.00
2011-9-13;28;21;72;0.00
2011-9-14;28;18;76;0.00
2011-9-15;26;20;83;0.00
2011-9-16;25;20;62;0.00
2011-9-17;25;19;71;0.00
2011-9-18;24;18;78;0.00
2011-9-19;25;18;70;0.00
2011-9-20;25;17;70;0.00
2011-9-21;29;17;69;0.00
2011-9-22;30;17;74;0.00
2011-9-23;25;17;72;0.00
2011-9-24;30;21;70;0.00
2011-9-25;22;19;79;0.00
2011-9-26;24;18;70;0.00
2011-9-27;26;18;74;0.00
2011-9-28;27;17;75;0.00
2011-9-29;24;21;79;0.00
2011-9-30;28;21;77;0.00
2011-10-1;30;20;69;0.00
2011-10-2;32;22;65;0.00
2011-10-3;27;23;78;0.00
2011-10-4;23;20;92;0.00
2011-10-5;21;19;97;0.00
2011-10-6;25;20;92;0.00
2011-10-7;28;20;82;0.00
2011-10-8;28;21;81;0.00
2011-10-9;28;20;78;0.00
2011-10-10;29;22;81;0.00
2011-10-11;28;22;92;0.00
2011-10-12;23;22;93;0.00
2011-10-13;28;22;83;0.00
2011-10-14;29;23;82;0.00
2011-10-15;32;24;73;0.00
2011-10-16;31;23;80;0.00
2011-10-17;25;21;95;0.00
2011-10-18;25;20;81;0.00
2011-10-19;21;18;85;0.00
2011-10-20;24;18;74;0.00
2011-10-21;24;19;72;0.00
2011-10-22;24;19;88;0.00
2011-10-23;23;18;89;0.00
2011-10-24;25;17;83;0.00
2011-10-25;27;18;83;0.00
2011-10-26;29;21;83;0.00
2011-10-27;30;24;81;0.00
2011-10-28;34;24;72;0.00
2011-10-29;29;23;84;0.00
2011-10-30;33;22;77;0.00
2011-10-31;23;17;88;0.00
2011-11-1;23;16;82;0.00
2011-11-2;23;18;74;0.00
2011-11-3;24;18;67;0.00
2011-11-4;24;19;66;0.00
2011-11-5;25;19;66;0.00
2011-11-6;27;19;63;0.00
2011-11-7;28;17;67;0.00
2011-11-8;29;19;72;0.00
2011-11-9;29;21;75;0.00
2011-11-10;30;21;73;0.00
2011-11-11;30;22;77;0.00
2011-11-12;30;23;79;0.00
2011-11-13;30;23;79;0.00
2011-11-14;31;24;76;0.00
2011-11-15;32;24;73;0.00
2011-11-16;28;22;89;0.00
2011-11-17;25;21;76;0.00
2011-11-18;25;20;81;0.00
2011-11-19;22;19;91;0.00
2011-11-20;24;18;87;0.00
2011-11-21;27;20;81;0.00
2011-11-22;31;22;79;0.00
2011-11-23;25;24;87;0.00
2011-11-24;25;22;88;0.00
2011-11-25;29;22;90;0.00
2011-11-26;28;23;84;0.00
2011-11-27;27;22;89;0.00
2011-11-28;27;21;90;0.00
2011-11-29;26;22;92;0.00
2011-11-30;28;21;90;0.00
2011-12-1;31;24;79;0.00
2011-12-2;26;22;91;0.00
2011-12-3;25;21;84;0.00
2011-12-4;24;20;91;0.00
2011-12-5;27;22;91;0.00
2011-12-6;27;22;90;0.00
2011-12-7;28;23;90;0.00
2011-12-8;31;23;81;0.00
2011-12-9;32;25;73;0.00
2011-12-10;26;23;88;0.00
2011-12-11;25;21;84;0.00
2011-12-12;26;21;87;0.00
2011-12-13;30;23;88;0.00
2011-12-14;30;22;88;0.00
2011-12-15;30;24;77;0.00
2011-12-16;29;25;79;0.00
2011-12-17;30;24;84;0.00
2011-12-18;31;24;75;0.00
2011-12-19;31;24;75;0.00
2011-12-20;32;25;73;0.00
2011-12-21;32;24;71;0.00
2011-12-22;29;25;77;0.00
2011-12-23;33;24;74;0.00
2011-12-24;32;24;74;0.00
2011-12-25;32;24;71;0.00
2011-12-26;32;23;71;0.00
2011-12-27;31;23;72;0.00
2011-12-28;34;23;76;0.00
2011-12-29;24;22;92;0.00
2011-12-30;27;20;85;0.00
2011-12-31;31;23;81;0.00
2012-1-1;28;25;82;0.00
2012-1-2;29;23;91;0.00
2012-1-3;28;22;92;0.00
2012-1-4;25;22;91;0.00
2012-1-5;27;22;93;0.00
2012-1-6;29;22;85;0.00
2012-1-7;30;24;81;0.00
2012-1-8;29;23;87;0.00
2012-1-9;29;23;87;0.00
2012-1-10;25;23;94;0.00
2012-1-11;29;23;86;0.00
2012-1-12;30;23;85;0.00
2012-1-13;31;23;79;0.00
2012-1-14;33;24;73;0.00
2012-1-15;33;24;73;0.00
2012-1-16;33;25;71;0.00
2012-1-17;33;24;70;0.00
2012-1-18;31;24;71;0.00
2012-1-19;31;23;72;0.00
2012-1-20;31;23;72;0.00
2012-1-21;31;23;73;0.00
2012-1-22;30;23;78;0.00
2012-1-23;31;23;74;0.00
2012-1-24;31;24;73;0.00
2012-1-25;32;24;71;0.00
2012-1-26;34;24;67;0.00
2012-1-27;34;24;69;0.00
2012-1-28;33;21;76;0.00
2012-1-29;32;25;71;0.00
2012-1-30;30;25;77;0.00
2012-1-31;31;24;78;0.00
2012-2-1;31;24;75;0.00
2012-2-2;31;23;77;0.00
2012-2-3;30;23;81;0.00
2012-2-4;31;23;75;0.00
2012-2-5;32;23;76;0.00
2012-2-6;33;23;72;0.00
2012-2-7;33;24;69;0.00
2012-2-8;35;25;66;0.00
2012-2-9;35;24;63;0.00
2012-2-10;33;25;67;0.00
2012-2-11;33;24;72;0.00
2012-2-12;33;25;73;0.00
2012-2-13;32;24;71;0.00
2012-2-14;31;23;80;0.00
2012-2-15;29;24;84;0.00
2012-2-16;28;23;90;0.00
2012-2-17;30;22;84;0.00
2012-2-18;30;23;81;0.00
2012-2-19;31;23;78;0.00
2012-2-20;31;23;75;0.00
2012-2-21;30;23;81;0.00
2012-2-22;32;23;77;0.00
2012-2-23;32;24;71;0.00
2012-2-24;33;25;69;0.00
2012-2-25;32;23;72;0.00
2012-2-26;33;23;69;0.00
2012-2-27;34;24;67;0.00
2012-2-28;33;25;70;0.00
2012-2-29;33;23;69;0.00
2012-3-1;34;23;68;0.00
2012-3-2;34;24;64;0.00
2012-3-3;34;24;67;0.00
2012-3-4;32;23;73;0.00
2012-3-5;34;23;73;0.00
2012-3-6;31;22;76;0.00
2012-3-7;30;22;79;0.00
2012-3-8;29;22;78;0.00
2012-3-9;34;22;72;0.00
2012-3-10;31;23;82;0.00
2012-3-11;33;24;76;0.00
2012-3-12;33;24;72;0.00
2012-3-13;33;23;72;0.00
2012-3-14;32;26;68;0.00
2012-3-15;33;23;65;0.00
2012-3-16;32;24;74;0.00
2012-3-17;30;23;77;0.00
2012-3-18;28;23;65;0.00
2012-3-19;29;22;79;0.00
2012-3-20;32;23;70;0.00
2012-3-21;31;24;77;0.00
2012-3-22;35;25;70;0.00
2012-3-23;35;24;70;0.00
2012-3-24;35;26;71;0.00
2012-3-25;33;25;70;0.00
2012-3-26;33;23;71;0.00
2012-3-27;34;23;69;0.00
2012-3-28;33;23;70;0.00
2012-3-29;31;23;80;0.00
2012-3-30;31;22;77;0.00
2012-3-31;33;22;78;0.00
2012-4-1;29;22;85;0.00
2012-4-2;30;23;83;0.00
2012-4-3;33;22;77;0.00
2012-4-4;33;23;76;0.00
2012-4-5;34;23;72;0.00
2012-4-6;36;24;72;0.00
2012-4-7;31;24;81;0.00
2012-4-8;32;23;80;0.00
2012-4-9;33;23;77;0.00
2012-4-10;30;22;80;0.00
2012-4-11;30;23;82;0.00
2012-4-12;32;23;81;0.00
2012-4-13;31;22;75;0.00
2012-4-14;33;23;71;0.00
2012-4-15;34;24;66;0.00
2012-4-16;31;24;70;0.00
2012-4-17;30;24;65;0.00
2012-4-18;30;20;70;0.00
2012-4-19;26;21;78;0.00
2012-4-20;31;21;71;0.00
2012-4-21;33;21;65;0.00
2012-4-22;31;21;72;0.00
2012-4-23;25;23;80;0.51
2012-4-24;29;22;79;0.00
2012-4-25;30;22;82;0.00
2012-4-26;33;23;74;0.00
2012-4-27;35;25;62;0.00
2012-4-28;30;24;70;0.00
2012-4-29;34;22;70;0.00
2012-4-30;29;24;75;0.00
2012-5-1;30;21;73;0.00
2012-5-2;26;19;61;0.00
2012-5-3;28;19;67;0.00
2012-5-4;28;21;81;0.00
2012-5-5;27;20;84;0.00
2012-5-6;28;21;78;0.00
2012-5-7;28;21;78;0.00
2012-5-8;24;22;85;0.00
2012-5-9;26;20;80;0.00
2012-5-10;28;20;78;0.00
2012-5-11;31;19;74;0.00
2012-5-12;33;22;67;0.00
2012-5-13;29;23;80;0.00
2012-5-14;23;20;93;0.00
2012-5-15;23;19;88;0.00
2012-5-16;24;20;82;0.00
2012-5-17;28;20;72;0.00
2012-5-18;24;19;84;0.00
2012-5-19;24;19;83;0.00
2012-5-20;25;19;77;0.00
2012-5-21;20;19;90;0.00
2012-5-22;26;17;85;2.03
2012-5-23;26;18;85;0.00
2012-5-24;27;18;81;0.00
2012-5-25;29;19;77;0.00
2012-5-26;30;21;78;0.00
2012-5-27;26;21;86;0.00
2012-5-28;27;22;90;0.00
2012-5-29;31;21;79;0.00
2012-5-30;32;22;73;0.00
2012-5-31;32;19;76;0.00
2012-6-1;28;21;83;0.00
2012-6-2;29;21;84;0.00
2012-6-3;32;21;73;0.00
2012-6-4;32;21;76;0.00
2012-6-5;32;23;72;0.00
2012-6-6;32;24;71;0.00
2012-6-7;31;21;79;0.00
2012-6-8;27;22;83;0.00
2012-6-9;0;22;88;0.00
2012-6-10;;;;0.00
2012-6-11;23;22;91;0.00
2012-6-12;27;19;85;0.00
2012-6-13;26;18;82;0.00
2012-6-14;28;19;81;0.00
2012-6-15;28;21;80;0.00
2012-6-16;30;19;74;0.00
2012-6-17;29;18;78;0.00
2012-6-18;29;18;79;0.00
2012-6-19;31;0;69;0.00
2012-6-20;31;23;74;0.00
2012-6-21;31;23;69;0.00
2012-6-22;31;23;74;0.00
2012-6-23;26;22;71;0.00
2012-6-24;26;20;72;0.00
2012-6-25;26;17;78;0.00
2012-6-26;24;18;73;0.00
2012-6-27;24;19;87;0.00
2012-6-28;25;20;89;0.00
2012-6-29;28;19;80;0.00
2012-6-30;29;18;79;0.00
2012-7-1;29;19;77;0.00
2012-7-2;29;18;78;0.00
2012-7-3;28;18;75;0.00
2012-7-4;29;18;80;0.00
2012-7-5;29;19;79;0.00
2012-7-6;27;20;84;0.00
2012-7-7;29;18;81;0.00
2012-7-8;30;20;77;0.00
2012-7-9;26;19;69;0.00
2012-7-10;26;18;66;0.00
2012-7-11;30;16;69;0.00
2012-7-12;31;18;71;0.00
2012-7-13;28;20;75;0.00
2012-7-14;26;22;74;0.00
2012-7-15;28;19;83;0.00
2012-7-16;22;18;91;0.00
2012-7-17;24;19;87;0.00
2012-7-18;30;18;71;0.00
2012-7-19;24;20;73;0.00
2012-7-20;26;19;74;0.00
2012-7-21;31;18;73;0.00
2012-7-22;32;18;76;0.00
2012-7-23;33;17;74;0.00
2012-7-24;30;17;73;0.00
2012-7-25;31;18;66;0.00
2012-7-26;31;16;70;0.00
2012-7-27;31;18;67;0.00
2012-7-28;27;17;78;0.00
2012-7-29;29;17;68;0.00
2012-7-30;30;16;71;0.00
2012-7-31;25;18;88;6.10
2012-8-1;27;20;87;0.00
2012-8-2;26;19;84;0.00
2012-8-3;27;18;79;0.00
2012-8-4;29;18;78;0.00
2012-8-5;31;18;68;0.00
2012-8-6;26;21;65;0.00
2012-8-7;26;17;69;0.00
2012-8-8;27;16;76;0.00
2012-8-9;26;18;80;0.00
2012-8-10;27;17;81;0.00
2012-8-11;27;18;82;0.00
2012-8-12;26;20;85;0.00
2012-8-13;26;19;88;0.00
2012-8-14;28;20;83;0.00
2012-8-15;27;19;87;0.00
2012-8-16;26;20;82;0.00
2012-8-17;27;19;83;0.00
2012-8-18;27;20;81;0.00
2012-8-19;27;20;69;0.00
2012-8-20;27;18;83;0.00
2012-8-21;27;18;79;0.00
2012-8-22;26;18;81;0.00
2012-8-23;27;18;86;0.00
2012-8-24;27;19;78;0.00
2012-8-25;26;19;84;0.00
2012-8-26;25;19;93;0.00
2012-8-27;29;19;80;0.00
2012-8-28;26;21;87;0.00
2012-8-29;31;20;85;0.00
2012-8-30;27;18;75;0.00
2012-8-31;25;19;64;0.00
2012-9-1;27;16;71;0.00
2012-9-2;29;15;70;0.00
2012-9-3;32;18;66;0.00
2012-9-4;25;19;74;0.00
2012-9-5;26;18;66;0.00
2012-9-6;29;16;72;0.00
2012-9-7;28;21;73;0.00
2012-9-8;28;22;78;0.00
2012-9-9;33;20;69;0.00
2012-9-10;28;21;79;0.00
2012-9-11;32;23;70;0.00
2012-9-12;28;23;78;0.00
2012-9-13;35;22;71;0.00
2012-9-14;26;22;81;0.00
2012-9-15;28;19;78;0.00
2012-9-16;27;21;87;0.00
2012-9-17;31;21;76;0.00
2012-9-18;32;21;69;0.00
2012-9-19;33;24;67;0.00
2012-9-20;32;23;72;0.00
2012-9-21;32;23;73;0.00
2012-9-22;27;21;73;0.00
2012-9-23;23;20;72;0.00
2012-9-24;28;19;68;0.00
2012-9-25;30;21;71;0.00
2012-9-26;29;17;81;0.00
2012-9-27;25;16;56;0.00
2012-9-28;24;17;60;0.00
2012-9-29;25;17;64;0.00
2012-9-30;26;17;68;0.00
2012-10-1;27;16;73;0.00
2012-10-2;29;17;72;0.00
2012-10-3;30;19;72;0.00
2012-10-4;30;19;75;0.00
2012-10-5;27;20;80;0.00
2012-10-6;31;17;73;0.00
2012-10-7;29;20;79;0.00
2012-10-8;29;20;77;0.00
2012-10-9;29;20;82;0.00
2012-10-10;30;21;71;0.00
2012-10-11;33;21;65;0.00
2012-10-12;31;22;74;0.00
2012-10-13;27;21;78;0.00
2012-10-14;27;21;72;0.00
2012-10-15;28;21;67;0.00
2012-10-16;29;19;68;0.00
2012-10-17;29;19;76;0.00
2012-10-18;31;23;76;0.00
2012-10-19;30;22;76;0.00
2012-10-20;32;22;75;0.00
2012-10-21;31;23;73;0.00
2012-10-22;34;23;65;0.00
2012-10-23;33;24;68;0.00
2012-10-24;35;24;68;0.00
2012-10-25;28;24;80;0.00
2012-10-26;31;23;71;0.00
2012-10-27;30;22;70;0.00
2012-10-28;35;22;63;0.00
2012-10-29;33;23;68;0.00
2012-10-30;33;24;67;0.00
2012-10-31;36;24;66;0.00
2012-11-1;29;24;76;0.00
2012-11-2;28;23;71;0.00
2012-11-3;25;22;84;0.00
2012-11-4;26;21;89;0.00
2012-11-5;29;21;81;1.02
2012-11-6;28;22;85;6.10
2012-11-7;27;22;90;0.00
2012-11-8;29;22;87;12.95
2012-11-9;27;21;90;0.00
2012-11-10;28;22;85;0.00
2012-11-11;29;23;83;0.00
2012-11-12;33;24;73;0.00
2012-11-13;30;23;81;0.00
2012-11-14;26;21;81;0.00
2012-11-15;25;21;90;0.00
2012-11-16;26;21;87;0.25
2012-11-17;28;22;75;0.00
2012-11-18;26;20;84;0.00
2012-11-19;27;20;79;0.51
2012-11-20;28;20;83;0.00
2012-11-21;27;22;84;0.00
2012-11-22;28;21;74;0.00
2012-11-23;30;21;72;0.00
2012-11-24;37;24;69;0.00
2012-11-25;27;24;91;0.00
2012-11-26;26;22;90;0.00
2012-11-27;29;22;82;6.10
2012-11-28;31;23;71;0.00
2012-11-29;27;24;84;0.00
2012-11-30;29;24;86;2.03
2012-12-1;26;23;88;3.05
2012-12-2;31;23;78;0.00
2012-12-3;31;24;72;0.00
2012-12-4;30;24;72;0.00
2012-12-5;31;23;75;0.00
2012-12-6;32;23;75;0.00
2012-12-7;32;23;69;0.00
2012-12-8;34;24;66;0.00
2012-12-9;30;24;76;0.00
2012-12-10;27;24;90;0.00
2012-12-11;34;24;74;0.00
2012-12-12;33;25;76;0.00
2012-12-13;32;26;74;0.00
2012-12-14;33;25;68;0.00
2012-12-15;33;25;66;0.00
2012-12-16;34;24;62;0.00
2012-12-17;34;24;68;0.00
2012-12-18;33;25;79;0.25
2012-12-19;34;25;76;0.00
2012-12-20;32;23;71;0.00
2012-12-21;33;23;69;0.00
2012-12-22;33;25;71;0.00
2012-12-23;32;24;74;0.00
2012-12-24;33;24;73;0.00
2012-12-25;35;26;69;0.00
2012-12-26;36;24;63;0.00
2012-12-27;34;26;64;0.00
2012-12-28;35;25;68;0.00
2012-12-29;34;25;70;0.00
2012-12-30;32;26;64;0.00
2012-12-31;33;24;69;0.00
2013-1-1;33;24;67;0.00
2013-1-2;33;25;67;0.00
2013-1-3;33;25;65;0.00
2013-1-4;33;23;65;0.00
2013-1-5;33;24;67;0.00
2013-1-6;33;24;63;0.00
2013-1-7;33;24;63;0.00
2013-1-8;32;25;68;0.00
2013-1-9;32;25;65;0.00
2013-1-10;34;26;64;0.00
2013-1-11;31;25;71;0.00
2013-1-12;30;24;81;0.51
2013-1-13;33;24;75;0.00
2013-1-14;31;24;72;0.00
2013-1-15;32;24;68;0.00
2013-1-16;32;23;68;0.00
2013-1-17;29;24;85;3.05
2013-1-18;29;23;90;32.00
2013-1-19;33;23;83;7.11
2013-1-20;29;23;84;0.25
2013-1-21;29;21;74;0.25
2013-1-22;29;24;78;2.03
2013-1-23;28;23;80;0.51
2013-1-24;31;22;70;0.00
2013-1-25;34;25;72;0.00
2013-1-26;36;27;65;0.00
2013-1-27;28;23;89;0.25
2013-1-28;29;22;80;7.11
2013-1-29;26;23;91;8.89
2013-1-30;27;23;86;0.00
2013-1-31;28;24;85;0.00
2013-2-1;30;24;83;0.00
2013-2-2;33;24;74;0.00
2013-2-3;34;24;59;0.00
2013-2-4;35;25;66;0.00
2013-2-5;26;25;81;0.00
2013-2-6;30;24;85;0.00
2013-2-7;31;23;79;4.06
2013-2-8;32;24;74;0.00
2013-2-9;31;24;72;0.00
2013-2-10;32;23;72;0.00
2013-2-11;32;23;70;0.00
2013-2-12;33;22;68;0.00
2013-2-13;33;24;67;0.00
2013-2-14;32;25;70;0.00
2013-2-15;33;24;77;0.00
2013-2-16;33;24;69;0.00
2013-2-17;33;24;69;0.00
2013-2-18;34;25;69;0.00
2013-2-19;33;24;69;0.00
2013-2-20;32;24;71;0.00
2013-2-21;32;24;73;0.00
2013-2-22;32;23;71;0.00
2013-2-23;32;24;68;0.00
2013-2-24;32;24;70;0.00
2013-2-25;33;23;71;0.00
2013-2-26;33;25;64;0.00
2013-2-27;33;26;68;0.00
2013-2-28;29;25;82;1.02
2013-3-1;28;23;85;1.02
2013-3-2;28;23;84;6.10
2013-3-3;32;24;77;0.00
2013-3-4;33;23;71;0.00
2013-3-5;34;24;65;0.00
2013-3-6;36;26;68;0.00
2013-3-7;33;26;70;0.00
2013-3-8;33;26;72;0.00
2013-3-9;33;24;72;0.00
2013-3-10;29;25;73;1.02
2013-3-11;31;24;81;0.25
2013-3-12;29;24;86;0.00
2013-3-13;28;0;76;0.00
2013-3-14;32;24;80;7.11
2013-3-15;28;24;89;1.02
2013-3-16;30;23;84;0.00
2013-3-17;33;23;75;0.00
2013-3-18;29;23;87;55.88
2013-3-19;23;20;93;39.88
2013-3-20;28;21;87;0.00
2013-3-21;32;22;77;0.00
2013-3-22;32;22;78;0.00
2013-3-23;29;24;84;0.00
2013-3-24;29;24;84;1.02
2013-3-25;33;23;83;12.95
2013-3-26;33;24;81;0.00
2013-3-27;33;26;72;17.02
2013-3-28;28;23;80;0.25
2013-3-29;26;20;83;16.00
2013-3-30;26;22;84;0.00
2013-3-31;27;23;82;0.25
2013-4-1;28;23;85;0.25
2013-4-2;30;23;82;0.00
2013-4-3;29;23;84;4.06
2013-4-4;29;22;86;0.00
2013-4-5;33;24;74;0.00
2013-4-6;29;25;77;0.00
2013-4-7;30;24;82;2.03
2013-4-8;27;23;89;3.05
2013-4-9;27;22;89;6.10
2013-4-10;24;22;93;1.02
2013-4-11;26;22;88;0.00
2013-4-12;29;23;83;0.00
2013-4-13;33;23;73;0.00
2013-4-14;29;24;76;0.00
2013-4-15;26;22;76;0.00
2013-4-16;29;22;80;0.00
2013-4-17;27;23;71;0.00
2013-4-18;26;19;71;0.00
2013-4-19;27;19;76;0.00
2013-4-20;28;19;65;0.00
2013-4-21;27;19;70;2.03
2013-4-22;27;21;68;0.00
2013-4-23;26;20;75;0.00
2013-4-24;27;21;72;1.02
2013-4-25;28;20;77;0.00
2013-4-26;0;20;88;0.00
2013-4-27;0;0;;0.00
2013-4-28;0;0;;0.76
2013-4-29;0;0;;2.03
2013-4-30;;;;0.00
2013-5-1;;0;;0.00
2013-5-2;;0;;0.00
2013-5-3;0;;;0.00
2013-5-4;;0;;0.00
2013-5-5;0;;;0.00
2013-5-6;;0;;0.00
2013-5-7;;;;0.00
2013-5-8;0;0;;0.00
2013-5-9;25;23;70;0.00
2013-5-10;27;20;71;0.00
2013-5-11;26;19;77;0.00
2013-5-12;27;19;77;0.00
2013-5-13;30;20;80;0.00
2013-5-14;30;22;77;0.00
2013-5-15;30;22;77;0.00
2013-5-16;31;21;77;0.00
2013-5-17;28;21;80;2.03
2013-5-18;26;21;84;3.05
2013-5-19;25;21;80;0.00
2013-5-20;27;20;77;0.00
2013-5-21;28;20;75;0.00
2013-5-22;27;23;65;0.00
2013-5-23;23;20;86;0.00
2013-5-24;25;19;81;11.94
2013-5-25;22;18;89;0.25
2013-5-26;25;17;78;0.00
2013-5-27;26;19;83;0.00
2013-5-28;28;18;69;0.00
2013-5-29;32;20;71;0.00
2013-5-30;28;21;74;0.00
2013-5-31;28;22;71;0.25
2013-6-1;27;19;81;0.00
2013-6-2;29;19;78;0.00
2013-6-3;30;22;78;7.11
2013-6-4;22;21;90;4.06
2013-6-5;26;20;86;0.00
2013-6-6;26;21;82;0.00
2013-6-7;28;20;81;0.00
2013-6-8;27;20;84;3.05
2013-6-9;26;21;81;0.00
2013-6-10;27;19;79;0.00
2013-6-11;28;18;77;0.00
2013-6-12;29;19;79;0.00
2013-6-13;29;18;79;0.00
2013-6-14;27;18;80;0.00
2013-6-15;24;20;84;0.00
2013-6-16;26;20;85;2.03
2013-6-17;29;19;76;0.00
2013-6-18;26;19;79;0.00
2013-6-19;27;18;82;0.00
2013-6-20;30;19;80;0.00
2013-6-21;29;19;79;0.00
2013-6-22;32;22;65;0.00
2013-6-23;25;21;80;2.03
2013-6-24;23;20;89;0.00
2013-6-25;27;18;80;0.00
2013-6-26;28;18;76;0.00
2013-6-27;31;19;75;0.00
2013-6-28;28;19;80;0.00
2013-6-29;31;19;77;0.00
2013-6-30;30;18;77;0.00
2013-7-1;31;20;78;0.00
2013-7-2;27;20;82;7.11
2013-7-3;23;18;82;0.00
2013-7-4;25;17;78;0.00
2013-7-5;26;18;81;0.00
2013-7-6;26;17;78;0.00
2013-7-7;29;18;78;0.00
2013-7-8;26;18;80;0.00
2013-7-9;23;17;86;5.08
2013-7-10;29;19;71;0.00
2013-7-11;29;17;83;2.03
2013-7-12;25;17;84;2.03
2013-7-13;24;20;92;0.76
2013-7-14;29;18;79;0.00
2013-7-15;31;20;76;11.94
2013-7-16;26;19;80;0.00
2013-7-17;28;21;80;0.00
2013-7-18;30;20;73;0.00
2013-7-19;31;19;70;0.00
2013-7-20;30;22;72;0.00
2013-7-21;31;22;72;0.00
2013-7-22;31;23;73;0.00
2013-7-23;29;21;75;0.00
2013-7-24;24;20;74;0.00
2013-7-25;26;20;79;0.00
2013-7-26;23;20;76;0.00
2013-7-27;24;20;73;0.00
2013-7-28;24;18;73;0.00
2013-7-29;25;19;76;0.00
2013-7-30;25;18;67;0.00
2013-7-31;26;15;73;0.00
2013-8-1;29;14;69;0.00
2013-8-2;26;17;63;0.00
2013-8-3;31;17;67;0.00
2013-8-4;32;19;70;0.00
2013-8-5;29;18;77;0.00
2013-8-6;27;18;77;0.00
2013-8-7;27;18;80;0.00
2013-8-8;27;19;76;0.00
2013-8-9;27;18;74;0.00
2013-8-10;30;18;68;0.00
2013-8-11;32;21;63;0.00
2013-8-12;26;20;76;0.00
2013-8-13;28;19;75;0.00
2013-8-14;30;22;65;3.05
2013-8-15;22;20;74;0.00
2013-8-16;25;19;61;0.00
2013-8-17;26;17;70;3.05
2013-8-18;24;20;82;13.97
2013-8-19;25;17;77;3.05
2013-8-20;24;18;90;7.87
2013-8-21;26;19;88;5.08
2013-8-22;27;20;82;0.00
2013-8-23;29;19;70;0.00
2013-8-24;29;19;74;0.00
2013-8-25;27;19;74;0.00
2013-8-26;32;21;67;0.00
2013-8-27;31;20;79;1.02
2013-8-28;21;18;82;0.00
2013-8-29;24;18;74;0.00
2013-8-30;25;18;71;0.00
2013-8-31;26;16;75;0.00
2013-9-1;28;19;78;0.00
2013-9-2;29;19;66;0.00
2013-9-3;31;22;64;0.00
2013-9-4;26;22;65;0.00
2013-9-5;24;19;77;0.00
2013-9-6;25;20;73;2.03
2013-9-7;23;18;82;0.25
2013-9-8;26;17;82;0.00
2013-9-9;28;18;77;0.00
2013-9-10;25;18;80;0.51
2013-9-11;26;18;81;4.06
2013-9-12;25;18;80;3.05
2013-9-13;27;18;84;0.00
2013-9-14;28;19;77;0.00
2013-9-15;29;19;73;0.00
2013-9-16;29;22;72;0.00
2013-9-17;31;22;70;0.00
2013-9-18;32;23;72;0.00
2013-9-19;30;23;77;0.00
2013-9-20;29;21;74;0.00
2013-9-21;30;22;71;0.00
2013-9-22;34;23;69;0.00
2013-9-23;32;23;73;0.00
2013-9-24;31;22;80;1.02
2013-9-25;30;20;78;0.25
2013-9-26;25;19;59;0.00
2013-9-27;26;19;57;0.00
2013-9-28;26;18;61;0.00
2013-9-29;26;19;79;1.02
2013-9-30;24;20;87;2.03
2013-10-1;30;21;69;0.00
2013-10-2;31;21;76;1.02
2013-10-3;29;21;81;0.00
2013-10-4;34;24;70;7.11
2013-10-5;31;21;80;8.89
2013-10-6;27;20;68;0.51
2013-10-7;26;18;69;4.06
2013-10-8;24;17;80;5.08
2013-10-9;23;16;86;1.02
2013-10-10;27;18;73;0.51
2013-10-11;27;17;70;2.03
2013-10-12;27;19;71;0.00
2013-10-13;26;19;81;0.00
2013-10-14;27;19;78;0.76
2013-10-15;31;21;67;0.00
2013-10-16;29;22;69;0.00
2013-10-17;29;23;75;0.00
2013-10-18;31;23;69;0.00
2013-10-19;31;23;81;0.25
2013-10-20;32;23;79;0.00
2013-10-21;33;23;72;0.00
2013-10-22;32;24;69;0.00
2013-10-23;32;24;72;0.00
2013-10-24;31;23;69;0.00
2013-10-25;33;22;68;0.00
2013-10-26;32;23;69;0.00
2013-10-27;36;22;61;0.00
2013-10-28;27;23;64;0.00
2013-10-29;26;20;62;0.00
2013-10-30;27;20;69;0.00
2013-10-31;23;20;91;5.08
2013-11-1;27;20;73;21.08
2013-11-2;26;20;75;0.76
2013-11-3;28;19;73;2.03
2013-11-4;30;18;69;0.00
2013-11-5;32;23;76;11.94
2013-11-6;27;22;80;39.88
2013-11-7;26;22;85;2.03
2013-11-8;23;22;93;3.05
2013-11-9;27;21;84;6.10
2013-11-10;30;22;82;0.00
2013-11-11;34;24;72;0.00
2013-11-12;36;24;66;0.00
2013-11-13;28;24;69;0.00
2013-11-14;28;23;70;0.00
2013-11-15;26;21;88;0.00
2013-11-16;31;21;80;0.00
2013-11-17;33;23;70;0.00
2013-11-18;31;24;78;0.00
2013-11-19;31;23;73;0.00
2013-11-20;31;23;68;0.00
2013-11-21;33;21;65;0.00
2013-11-22;34;23;59;0.00
2013-11-23;30;23;77;6.10
2013-11-24;29;23;80;0.00
2013-11-25;29;22;86;5.08
2013-11-26;23;21;94;41.91
2013-11-27;28;21;86;2.03
2013-11-28;31;22;78;7.11
2013-11-29;32;23;81;1.02
2013-11-30;31;24;79;0.00
2013-12-1;34;24;69;0.00
2013-12-2;34;26;66;0.00
2013-12-3;36;25;65;0.00
2013-12-4;32;24;75;2.03
2013-12-5;37;24;73;0.00
2013-12-6;31;23;81;2.03
2013-12-7;29;25;77;0.00
2013-12-8;29;24;85;7.87
2013-12-9;33;23;79;18.03
2013-12-10;36;24;67;0.00
2013-12-11;31;23;77;0.00
2013-12-12;25;23;92;45.97
2013-12-13;27;22;82;4.06
2013-12-14;28;22;87;9.91
2013-12-15;28;22;83;6.10
2013-12-16;31;23;86;36.07
2013-12-17;23;23;96;11.94
2013-12-18;23;21;94;54.10
2013-12-19;28;21;92;20.07
2013-12-20;28;23;91;8.89
2013-12-21;24;23;93;16.00
2013-12-22;27;22;94;58.93
2013-12-23;30;23;87;13.97
2013-12-24;29;24;90;8.89
2013-12-25;29;24;89;2.03
2013-12-26;29;24;89;0.76
2013-12-27;33;23;69;0.00
2013-12-28;33;24;74;0.00
2013-12-29;33;23;85;0.00
2013-12-30;34;25;71;0.00
2013-12-31;34;25;70;0.00
2014-1-1;35;24;67;0.00
2014-1-2;34;24;66;0.00
2014-1-3;34;24;64;0.00
2014-1-4;34;24;65;0.00
2014-1-5;32;25;68;0.00
2014-1-6;32;22;66;0.00
2014-1-7;32;22;70;0.00
2014-1-8;31;23;71;0.00
2014-1-9;30;23;85;2.03
2014-1-10;32;24;79;4.06
2014-1-11;33;23;74;0.00
2014-1-12;33;24;74;0.51
2014-1-13;33;23;69;0.00
2014-1-14;32;23;69;0.00
2014-1-15;34;24;66;0.00
2014-1-16;34;24;62;0.00
2014-1-17;34;26;65;0.00
2014-1-18;31;23;80;28.96
2014-1-19;31;23;80;0.25
2014-1-20;32;22;75;0.00
2014-1-21;30;25;79;0.00
2014-1-22;33;26;72;0.00
2014-1-23;34;25;70;0.00
2014-1-24;33;26;67;0.00
2014-1-25;34;24;66;0.00
2014-1-26;33;26;66;0.00
2014-1-27;33;24;68;0.00
2014-1-28;33;24;67;0.00
2014-1-29;33;23;70;0.00
2014-1-30;33;24;70;0.00
2014-1-31;33;23;68;0.00
2014-2-1;34;24;68;0.00
2014-2-2;35;24;66;0.00
2014-2-3;35;24;68;0.00
2014-2-4;34;23;67;0.00
2014-2-5;34;23;69;0.25
2014-2-6;33;24;71;0.00
2014-2-7;34;24;72;0.00
2014-2-8;34;23;67;0.00
2014-2-9;34;23;66;0.00
2014-2-10;34;23;67;0.00
2014-2-11;34;24;66;0.00
2014-2-12;34;24;67;0.00
2014-2-13;34;24;66;0.00
2014-2-14;35;26;63;0.00
2014-2-15;35;24;63;0.00
2014-2-16;34;23;67;0.00
2014-2-17;32;23;79;12.95
2014-2-18;28;22;85;9.91
2014-2-19;30;23;82;0.00
2014-2-20;32;22;71;0.00
2014-2-21;33;22;69;0.00
2014-2-22;33;22;73;0.25
2014-2-23;32;23;76;2.03
2014-2-24;33;24;74;0.00
2014-2-25;33;23;70;2.03
2014-2-26;33;24;72;0.00
2014-2-27;34;23;66;0.00
2014-2-28;35;26;61;0.00
2014-3-1;33;25;64;0.00
2014-3-2;34;25;66;0.00
2014-3-3;33;24;76;2.03
2014-3-4;31;23;77;0.00
2014-3-5;33;23;72;0.00
2014-3-6;33;23;69;0.00
2014-3-7;34;25;64;0.00
2014-3-8;34;26;63;0.00
2014-3-9;33;25;65;0.00
2014-3-10;34;25;67;0.00
2014-3-11;33;23;68;0.00
2014-3-12;33;23;69;0.00
2014-3-13;33;24;74;0.00
2014-3-14;32;24;75;0.25
2014-3-15;34;23;70;0.00
2014-3-16;33;23;67;0.00
2014-3-17;33;22;67;0.00
2014-3-18;32;23;66;0.00
2014-3-19;33;23;65;0.00
2014-3-20;36;23;63;0.00
2014-3-21;36;25;62;0.00
2014-3-22;35;26;65;3.05
2014-3-23;26;24;87;14.99
2014-3-24;29;23;72;0.00
2014-3-25;31;23;69;2.03
2014-3-26;30;23;81;0.00
2014-3-27;32;24;74;0.25
2014-3-28;30;23;82;34.04
2014-3-29;29;23;84;0.51
2014-3-30;32;23;77;0.51
2014-3-31;33;24;81;0.00
2014-4-1;33;23;77;0.00
2014-4-2;33;23;75;0.00
2014-4-3;33;24;77;33.02
2014-4-4;29;23;79;17.02
2014-4-5;29;23;73;0.00
2014-4-6;29;21;71;0.00
2014-4-7;30;21;67;0.00
2014-4-8;31;21;68;0.00
2014-4-9;31;24;70;0.00
2014-4-10;31;24;67;0.00
2014-4-11;30;23;70;0.00
2014-4-12;29;22;71;0.00
2014-4-13;31;23;70;0.00
2014-4-14;31;24;68;0.00
2014-4-15;28;24;77;0.00
2014-4-16;28;24;69;0.00
2014-4-17;29;23;66;0.00
2014-4-18;29;24;67;0.00
2014-4-19;32;23;70;0.00
2014-4-20;33;24;65;0.00
2014-4-21;29;25;73;0.00
2014-4-22;31;23;72;0.00
2014-4-23;33;22;68;0.00
2014-4-24;28;23;75;51.05
2014-4-25;27;22;62;0.00
2014-4-26;27;22;55;0.00
2014-4-27;27;21;59;0.00
2014-4-28;27;21;55;0.00
2014-4-29;27;19;55;2.03
2014-4-30;26;18;71;0.00
2014-5-1;28;18;59;0.00
2014-5-2;30;17;63;0.00
2014-5-3;27;17;73;0.51
2014-5-4;28;19;74;0.00
2014-5-5;30;19;72;0.00
2014-5-6;30;19;69;0.00
2014-5-7;31;20;71;0.00
2014-5-8;31;21;64;0.00
2014-5-9;32;21;69;1.02
2014-5-10;27;22;61;0.00
2014-5-11;24;19;64;0.00
2014-5-12;26;18;65;0.00
2014-5-13;27;18;69;0.00
2014-5-14;27;19;75;0.00
2014-5-15;28;19;75;0.00
2014-5-16;28;18;73;0.00
2014-5-17;28;18;75;0.00
2014-5-18;27;20;75;0.00
2014-5-19;28;21;74;0.00
2014-5-20;28;18;75;0.00
2014-5-21;29;21;71;0.00
2014-5-22;31;21;67;0.00
2014-5-23;29;21;66;0.00
2014-5-24;28;21;76;0.00
2014-5-25;26;22;72;0.00
2014-5-26;29;22;72;0.00
2014-5-27;27;24;71;1.02
2014-5-28;26;22;74;1.02
2014-5-29;26;22;64;0.00
2014-5-30;26;19;66;0.00
2014-5-31;26;17;71;0.00
2014-6-1;28;18;69;0.00
2014-6-2;29;18;68;0.00
2014-6-3;27;18;70;0.00
2014-6-4;26;20;72;0.00
2014-6-5;31;18;69;0.00
2014-6-6;31;21;61;0.00
2014-6-7;29;23;64;0.00
2014-6-8;29;19;67;0.00
2014-6-9;30;22;65;0.00
2014-6-10;27;21;73;1.02
2014-6-11;28;20;76;4.06
2014-6-12;27;21;73;2.03
2014-6-13;24;21;81;6.10
2014-6-14;27;21;75;0.00
2014-6-15;28;19;74;0.00
2014-6-16;26;19;77;0.00
2014-6-17;28;18;75;0.00
2014-6-18;29;19;71;0.00
2014-6-19;26;21;69;0.00
2014-6-20;22;20;80;6.10
2014-6-21;24;19;79;2.03
2014-6-22;25;18;79;0.25
2014-6-23;26;17;72;0.00
2014-6-24;27;18;71;0.00
2014-6-25;27;17;72;0.00
2014-6-26;28;18;70;0.00
2014-6-27;29;18;70;0.00
2014-6-28;28;18;75;0.00
2014-6-29;28;22;77;1.02
2014-6-30;28;21;68;0.00
2014-7-1;31;22;68;0.00
2014-7-2;27;19;77;0.00
2014-7-3;27;21;76;0.00
2014-7-4;28;18;73;0.00
2014-7-5;27;18;74;0.00
2014-7-6;26;18;79;1.02
2014-7-7;27;20;80;8.89
2014-7-8;26;20;78;0.00
2014-7-9;26;18;78;0.00
2014-7-10;27;19;73;0.00
2014-7-11;25;19;74;0.00
2014-7-12;26;20;68;2.03
2014-7-13;25;19;71;2.03
2014-7-14;24;16;74;4.06
2014-7-15;22;18;79;1.02
2014-7-16;27;17;73;0.51
2014-7-17;22;20;85;5.08
2014-7-18;29;19;64;0.00
2014-7-19;24;19;69;0.00
2014-7-20;23;19;63;0.00
2014-7-21;24;16;70;0.00
2014-7-22;26;17;71;0.00
2014-7-23;26;18;72;0.00
2014-7-24;27;18;69;0.00
2014-7-25;29;23;65;0.00
2014-7-26;24;20;74;6.10
2014-7-27;25;20;78;0.00
2014-7-28;26;21;75;4.06
2014-7-29;22;19;74;4.06
2014-7-30;23;17;71;4.06
2014-7-31;23;17;77;0.00
2014-8-1;26;16;71;0.00
2014-8-2;29;22;70;0.00
2014-8-3;29;18;72;0.00
2014-8-4;30;22;71;0.00
2014-8-5;27;21;65;0.00
2014-8-6;24;19;50;0.00
2014-8-7;25;16;61;0.00
2014-8-8;27;14;64;0.00
2014-8-9;26;16;66;0.00
2014-8-10;26;18;67;0.00
2014-8-11;27;16;66;0.00
2014-8-12;29;21;66;0.00
2014-8-13;31;22;55;0.00
2014-8-14;23;19;73;0.00
2014-8-15;23;19;73;1.02
2014-8-16;24;21;82;2.03
2014-8-17;25;20;85;6.10
2014-8-18;26;19;81;2.03
2014-8-19;24;18;75;0.00
2014-8-20;25;17;76;0.00
2014-8-21;26;17;74;0.00
2014-8-22;30;18;69;0.00
2014-8-23;29;16;69;0.00
2014-8-24;28;18;63;0.00
2014-8-25;29;18;60;0.00
2014-8-26;30;22;60;0.00
2014-8-27;31;21;62;0.25
2014-8-28;25;20;74;0.51
2014-8-29;23;19;75;0.76
2014-8-30;24;19;78;14.99
2014-8-31;27;20;73;0.00
2014-9-1;31;22;66;0.00
2014-9-2;27;21;73;0.00
2014-9-3;28;19;79;1.02
2014-9-4;27;19;71;4.06
2014-9-5;24;19;58;0.00
2014-9-6;24;19;56;0.51
2014-9-7;26;17;62;0.00
2014-9-8;26;18;64;0.00
2014-9-9;26;19;70;0.51
2014-9-10;27;20;67;0.00
2014-9-11;28;21;63;0.00
2014-9-12;28;19;63;0.00
2014-9-13;28;19;68;0.00
2014-9-14;27;18;65;0.00
2014-9-15;28;18;62;0.00
2014-9-16;29;22;60;0.00
2014-9-17;26;22;73;0.00
2014-9-18;29;21;67;0.00
2014-9-19;28;22;65;0.00
2014-9-20;32;23;61;0.00
2014-9-21;32;21;69;7.87
2014-9-22;24;21;61;0.00
2014-9-23;25;17;68;0.25
2014-9-24;28;18;62;0.00
2014-9-25;28;22;61;0.00
2014-9-26;30;22;56;0.00
2014-9-27;30;23;62;0.00
2014-9-28;31;22;66;0.00
2014-9-29;30;23;68;0.00
2014-9-30;32;24;63;0.25
2014-10-1;32;24;65;0.00
2014-10-2;29;22;61;0.00
2014-10-3;25;19;57;1.02
2014-10-4;23;17;60;5.08
2014-10-5;24;15;65;2.03
2014-10-6;23;17;72;0.00
2014-10-7;26;17;70;0.00
2014-10-8;26;17;69;0.00
2014-10-9;27;17;68;0.00
2014-10-10;29;18;64;0.00
2014-10-11;31;21;62;0.00
2014-10-12;31;23;62;0.00
2014-10-13;32;23;64;0.00
2014-10-14;33;23;61;0.00
2014-10-15;26;23;71;0.00
2014-10-16;28;22;72;0.00
2014-10-17;32;23;63;0.00
2014-10-18;32;23;65;0.00
2014-10-19;33;24;63;0.00
2014-10-20;32;24;59;0.00
2014-10-21;26;21;72;0.00
2014-10-22;26;19;65;0.00
2014-10-23;24;19;66;0.00
2014-10-24;27;19;65;0.00
2014-10-25;29;19;64;0.00
2014-10-26;29;21;75;18.03
2014-10-27;27;20;78;8.89
2014-10-28;24;19;81;5.08
2014-10-29;22;19;87;5.08
2014-10-30;26;20;82;189.99
2014-10-31;26;21;79;22.10
2014-11-1;27;22;72;0.00
2014-11-2;27;21;68;0.00
2014-11-3;27;19;68;0.00
2014-11-4;28;21;69;0.00
2014-11-5;29;21;71;0.00
2014-11-6;29;23;72;0.00
2014-11-7;27;23;72;0.00
2014-11-8;31;22;66;0.00
2014-11-9;26;23;73;0.00
2014-11-10;26;22;72;0.00
2014-11-11;26;22;71;0.00
2014-11-12;28;21;75;0.00
2014-11-13;29;23;78;7.87
2014-11-14;26;23;82;0.76
2014-11-15;25;21;68;0.00
2014-11-16;26;21;62;0.00
2014-11-17;24;20;59;0.00
2014-11-18;26;17;61;0.00
2014-11-19;25;17;66;0.00
2014-11-20;26;20;67;0.00
2014-11-21;28;21;72;0.00
2014-11-22;28;23;74;0.00
2014-11-23;28;23;74;0.51
2014-11-24;27;23;77;0.00
2014-11-25;28;23;75;0.00
2014-11-26;30;23;65;0.00
2014-11-27;31;23;65;0.00
2014-11-28;27;23;76;19.05
2014-11-29;27;22;78;4.06
2014-11-30;25;22;82;2.03
2014-12-1;28;21;76;0.00
2014-12-2;28;20;72;0.00
2014-12-3;28;20;72;0.00
2014-12-4;29;21;60;0.00
2014-12-5;29;22;67;0.00
2014-12-6;26;21;78;11.94
2014-12-7;27;22;79;2.03
2014-12-8;27;22;80;3.05
2014-12-9;28;23;73;0.00
2014-12-10;28;22;69;0.00
2014-12-11;28;23;69;0.00
2014-12-12;29;23;69;0.00
2014-12-13;30;23;70;0.00
2014-12-14;28;24;66;0.25
2014-12-15;23;22;80;25.91
2014-12-16;27;22;67;0.00
2014-12-17;26;19;72;0.00
2014-12-18;30;22;72;0.00
2014-12-19;31;23;68;0.00
2014-12-20;32;23;69;0.00
2014-12-21;32;25;68;0.00
2014-12-22;30;24;69;0.00
2014-12-23;30;24;70;0.00
2014-12-24;30;24;66;0.00
2014-12-25;31;23;71;0.00
2014-12-26;29;23;68;0.00
2014-12-27;29;20;66;0.00
2014-12-28;32;22;63;0.00
2014-12-29;33;23;66;0.00
2014-12-30;31;23;67;0.00
2014-12-31;31;23;64;0.00
2015-1-1;31;23;61;0.00
2015-1-2;32;24;64;0.00
2015-1-3;32;24;64;0.00
2015-1-4;32;23;62;0.00
2015-1-5;31;21;64;0.00
2015-1-6;29;23;68;0.00
2015-1-7;31;22;64;0.00
2015-1-8;30;21;64;0.00
2015-1-9;30;21;67;0.00
2015-1-10;31;22;64;0.00
2015-1-11;32;24;63;0.00
2015-1-12;32;24;64;0.00
2015-1-13;30;25;64;0.00
2015-1-14;30;23;66;0.00
2015-1-15;31;23;63;0.00
2015-1-16;31;24;63;0.00
2015-1-17;31;22;64;0.00
2015-1-18;33;24;63;0.00
2015-1-19;32;24;63;0.00
2015-1-20;31;24;63;0.00
2015-1-21;31;24;63;0.00
2015-1-22;32;24;64;0.00
2015-1-23;28;24;67;0.00
2015-1-24;31;23;65;0.00
2015-1-25;31;22;66;0.00
2015-1-26;32;23;66;0.00
2015-1-27;31;24;68;0.00
2015-1-28;32;24;63;0.00
2015-1-29;33;23;63;0.00
2015-1-30;34;24;62;0.00
2015-1-31;32;23;63;0.00
2015-2-1;31;23;67;0.00
2015-2-2;32;24;62;0.00
2015-2-3;31;24;63;0.00
2015-2-4;32;25;61;0.00
2015-2-5;29;24;69;4.06
2015-2-6;30;24;75;0.00
2015-2-7;28;23;80;7.11
2015-2-8;29;23;78;17.02
2015-2-9;30;23;75;9.91
2015-2-10;30;24;70;0.00
2015-2-11;31;22;70;0.00
2015-2-12;33;22;69;0.00
2015-2-13;33;25;65;0.00
2015-2-14;31;24;68;0.00
2015-2-15;31;23;66;0.00
2015-2-16;32;24;64;0.00
2015-2-17;32;24;66;0.00
2015-2-18;33;25;62;0.00
2015-2-19;31;24;67;0.00
2015-2-20;31;22;68;0.00
2015-2-21;32;22;72;0.00
2015-2-22;29;23;77;6.10
2015-2-23;31;22;75;0.00
2015-2-24;29;21;77;0.00
2015-2-25;31;22;70;0.00
2015-2-26;33;23;73;0.76
2015-2-27;32;23;74;0.00
2015-2-28;31;23;68;0.00
2015-3-1;28;23;74;6.10
2015-3-2;29;23;71;0.00
2015-3-3;27;23;84;0.00
2015-3-4;28;22;81;0.00
2015-3-5;29;21;76;0.00
2015-3-6;31;21;71;0.00
2015-3-7;32;24;66;0.00
2015-3-8;32;25;64;0.00
2015-3-9;31;25;67;0.00
2015-3-10;31;25;64;0.00
2015-3-11;32;24;65;0.00
2015-3-12;32;25;65;0.00
2015-3-13;32;23;68;0.00
2015-3-14;32;24;69;0.00
2015-3-15;31;23;69;0.00
2015-3-16;32;23;68;0.00
2015-3-17;32;23;69;0.00
2015-3-18;31;23;69;0.00
2015-3-19;29;23;76;0.25
2015-3-20;28;23;80;9.91
2015-3-21;30;22;80;2.03
2015-3-22;31;23;71;0.25
2015-3-23;26;22;85;8.89
2015-3-24;27;22;78;0.00
2015-3-25;28;23;67;0.00
2015-3-26;28;19;70;0.00
2015-3-27;32;20;68;0.00
2015-3-28;30;21;76;0.00
2015-3-29;31;21;69;0.00
2015-3-30;31;22;69;0.00
2015-3-31;33;24;64;0.00
2015-4-1;29;23;72;2.03
2015-4-2;28;22;73;0.00
2015-4-3;27;22;71;0.00
2015-4-4;27;21;74;0.00
2015-4-5;31;21;72;0.00
2015-4-6;32;24;68;0.00
2015-4-7;28;22;64;0.25
2015-4-8;26;22;59;0.00
2015-4-9;22;21;77;1.02
2015-4-10;27;19;72;0.00
2015-4-11;26;19;69;0.00
2015-4-12;28;18;68;0.00
2015-4-13;28;18;70;0.00
2015-4-14;28;18;70;0.00
2015-4-15;29;19;68;0.00
2015-4-16;31;19;69;0.00
2015-4-17;28;22;79;0.00
2015-4-18;30;22;73;0.00
2015-4-19;31;21;74;0.00
2015-4-20;31;22;72;0.00
2015-4-21;34;24;69;1.02
2015-4-22;28;23;75;0.00
2015-4-23;28;22;72;0.25
2015-4-24;27;22;73;0.00
2015-4-25;30;22;69;0.00
2015-4-26;29;21;59;2.03
2015-4-27;25;21;81;0.51
2015-4-28;27;19;74;0.00
2015-4-29;27;19;75;0.00
2015-4-30;27;21;72;11.94
2015-5-1;26;20;72;32.00
2015-5-2;27;20;83;0.00
2015-5-3;27;21;78;0.00
2015-5-4;28;20;74;0.00
2015-5-5;29;23;73;2.03
2015-5-6;25;22;77;0.76
2015-5-7;25;20;81;8.89
2015-5-8;26;19;78;5.08
2015-5-9;24;18;74;0.00
2015-5-10;27;17;73;0.00
2015-5-11;29;19;71;2.03
2015-5-12;26;21;73;0.00
2015-5-13;27;21;65;0.25
2015-5-14;23;18;78;0.51
2015-5-15;25;18;66;3.05
2015-5-16;22;18;88;8.89
2015-5-17;21;18;90;8.89
2015-5-18;26;19;81;5.08
2015-5-19;23;19;88;17.02
2015-5-20;24;18;85;2.03
2015-5-21;25;18;78;1.02
2015-5-22;25;18;78;0.76
2015-5-23;25;16;76;0.00
2015-5-24;24;17;81;0.00
2015-5-25;28;17;72;0.00
2015-5-26;27;17;79;0.00
2015-5-27;27;18;79;0.00
2015-5-28;29;22;73;0.00
2015-5-29;28;19;80;10.92
2015-5-30;27;18;81;0.00
2015-5-31;27;21;80;0.00
2015-6-1;28;22;77;0.25
2015-6-2;24;21;70;0.00
2015-6-3;22;18;76;0.00
2015-6-4;25;18;74;0.00
2015-6-5;24;19;86;3.05
2015-6-6;27;19;81;0.76
2015-6-7;26;18;77;0.00
2015-6-8;27;16;74;0.00
2015-6-9;27;17;77;0.00
2015-6-10;28;18;77;0.00
2015-6-11;30;19;73;0.00
2015-6-12;31;19;73;0.00
2015-6-13;28;19;72;0.00
2015-6-14;29;22;64;0.00
2015-6-15;33;20;64;0.00
2015-6-16;23;21;78;0.00
2015-6-17;25;21;80;0.00
2015-6-18;28;18;76;0.00
2015-6-19;26;18;73;3.05
2015-6-20;24;20;73;0.00
2015-6-21;24;19;70;6.10
2015-6-22;24;19;84;0.00
2015-6-23;27;17;76;0.00
2015-6-24;26;18;79;19.05
2015-6-25;22;18;77;2.03
2015-6-26;22;17;80;5.08
2015-6-27;23;17;72;0.00
2015-6-28;22;17;85;0.00
2015-6-29;24;17;80;1.02
2015-6-30;26;18;78;0.00
2015-7-1;28;19;75;0.00
2015-7-2;27;18;76;0.00
2015-7-3;26;18;77;0.00
2015-7-4;31;20;65;0.00
2015-7-5;22;19;65;0.00
2015-7-6;22;19;74;0.51
2015-7-7;22;18;83;0.00
2015-7-8;25;16;79;0.00
2015-7-9;27;17;76;0.00
2015-7-10;24;18;82;0.00
2015-7-11;26;17;81;0.00
2015-7-12;26;20;74;0.00
2015-7-13;26;19;77;0.00
2015-7-14;27;17;76;0.00
2015-7-15;26;16;79;0.00
2015-7-16;26;19;82;2.03
2015-7-17;26;18;79;0.00
2015-7-18;26;17;78;0.00
2015-7-19;25;17;81;0.00
2015-7-20;24;16;82;0.00
2015-7-21;28;18;72;0.00
2015-7-22;26;19;73;0.00
2015-7-23;23;20;79;1.02
2015-7-24;25;18;78;0.00
2015-7-25;28;19;75;0.00
2015-7-26;28;21;74;0.00
2015-7-27;27;22;73;0.00
2015-7-28;28;21;71;0.00
2015-7-29;28;21;72;0.00
2015-7-30;27;17;75;0.00
2015-7-31;27;17;77;0.00
2015-8-1;27;17;74;0.00
2015-8-2;27;17;68;0.00
2015-8-3;28;15;67;0.00
2015-8-4;30;16;61;0.00
2015-8-5;28;14;71;0.00
2015-8-6;32;18;66;0.00
2015-8-7;31;21;69;0.00
2015-8-8;25;19;82;3.05
2015-8-9;26;20;85;2.03
2015-8-10;24;19;81;3.05
2015-8-11;25;18;73;0.00
2015-8-12;21;17;88;2.03
2015-8-13;22;16;86;5.08
2015-8-14;24;18;79;1.02
2015-8-15;24;17;76;0.00
2015-8-16;26;17;76;0.51
2015-8-17;27;19;78;0.00
2015-8-18;26;19;75;0.00
2015-8-19;27;17;70;0.00
2015-8-20;25;20;68;0.00
2015-8-21;26;18;67;0.00
2015-8-22;24;18;78;0.00
2015-8-23;26;18;76;0.00
2015-8-24;27;17;67;0.00
2015-8-25;26;19;76;0.00
2015-8-26;28;18;72;0.00
2015-8-27;26;19;77;2.03
2015-8-28;26;22;75;0.00
2015-8-29;23;19;71;0.00
2015-8-30;27;17;74;0.00
2015-8-31;29;18;73;0.00
2015-9-1;32;21;63;0.00
2015-9-2;23;19;73;0.00
2015-9-3;25;18;71;0.00
2015-9-4;31;21;73;0.00
2015-9-5;26;20;76;5.08
2015-9-6;24;19;84;0.00
2015-9-7;31;21;71;0.00
2015-9-8;26;21;71;0.00
2015-9-9;29;23;66;0.00
2015-9-10;27;22;73;0.00
2015-9-11;31;23;68;0.00
2015-9-12;28;21;78;0.00
2015-9-13;22;20;83;2.03
2015-9-14;23;19;85;4.06
2015-9-15;27;21;82;0.25
2015-9-16;27;21;73;0.00
2015-9-17;30;20;68;0.00
2015-9-18;28;22;67;0.00
2015-9-19;29;22;66;0.00
2015-9-20;29;21;67;0.00
2015-9-21;28;21;69;0.00
2015-9-22;29;21;62;0.00
2015-9-23;29;21;63;0.00
2015-9-24;33;23;62;0.00
2015-9-25;32;23;64;0.00
2015-9-26;27;21;70;0.00
2015-9-27;29;22;67;0.00
2015-9-28;31;22;56;0.00
2015-9-29;31;22;64;0.00
2015-9-30;31;23;65;0.00
2015-10-1;31;23;66;0.00
2015-10-2;29;22;66;0.00
2015-10-3;31;22;64;0.00
2015-10-4;31;23;67;0.00
2015-10-5;24;21;74;0.00
2015-10-6;24;20;66;0.00
2015-10-7;25;19;68;0.00
2015-10-8;27;19;63;0.00
2015-10-9;28;22;58;0.00
2015-10-10;32;22;63;0.00
2015-10-11;30;23;63;0.00
2015-10-12;29;22;62;0.00
2015-10-13;29;22;66;0.00
2015-10-14;31;23;67;0.00
2015-10-15;32;24;66;0.00
2015-10-16;32;23;64;0.00
2015-10-17;31;22;65;0.00
2015-10-18;27;22;71;0.00
2015-10-19;22;20;80;0.25
2015-10-20;26;19;73;0.00
2015-10-21;34;23;67;0.00
2015-10-22;33;23;66;0.00
2015-10-23;32;23;69;0.00
2015-10-24;29;23;65;0.00
2015-10-25;26;21;73;1.02
2015-10-26;25;21;72;0.00
2015-10-27;28;23;68;0.00
2015-10-28;29;23;73;0.00
2015-10-29;28;22;81;0.25
2015-10-30;25;22;93;2.03
2015-10-31;28;23;83;2.03
2015-11-1;32;24;75;0.51
2015-11-2;31;24;73;0.00
2015-11-3;34;24;65;0.00
2015-11-4;34;25;63;0.00
2015-11-5;32;24;75;0.00
2015-11-6;31;22;75;0.00
2015-11-7;31;24;71;0.00
2015-11-8;31;22;73;0.00
2015-11-9;33;25;69;0.00
2015-11-10;31;24;74;0.00
2015-11-11;31;24;73;0.00
2015-11-12;36;24;69;0.00
2015-11-13;31;24;71;0.00
2015-11-14;35;25;70;0.00
2015-11-15;37;26;69;0.25
2015-11-16;27;25;81;0.00
2015-11-17;29;24;91;0.00
2015-11-18;32;24;77;0.00
2015-11-19;33;25;74;0.00
2015-11-20;33;25;71;0.00
2015-11-21;31;22;77;8.89
2015-11-22;27;21;79;0.76
2015-11-23;28;22;77;0.00
2015-11-24;29;24;83;0.00
2015-11-25;29;24;84;0.00
2015-11-26;26;23;89;1.02
2015-11-27;27;21;82;2.03
2015-11-28;29;22;81;3.05
2015-11-29;32;24;74;0.00
2015-11-30;34;26;72;0.00
2015-12-1;28;25;84;0.00
2015-12-2;29;24;85;0.51
2015-12-3;29;25;92;6.10
2015-12-4;28;24;86;0.00
2015-12-5;34;25;75;0.00
2015-12-6;37;26;60;0.00
2015-12-7;30;23;85;12.95
2015-12-8;26;22;90;5.08
2015-12-9;31;23;79;0.00
2015-12-10;33;24;67;0.00
2015-12-11;31;25;72;0.00
2015-12-12;32;24;75;0.00
2015-12-13;32;25;75;0.00
2015-12-14;33;26;71;0.00
2015-12-15;32;24;71;0.00
2015-12-16;33;24;70;0.00
2015-12-17;32;24;74;0.00
2015-12-18;32;25;71;0.00
2015-12-19;32;25;65;0.00
2015-12-20;33;25;69;0.00
2015-12-21;32;24;70;0.00
2015-12-22;31;24;72;0.00
2015-12-23;31;23;73;0.00
2015-12-24;32;23;71;0.00
2015-12-25;34;25;70;0.00
2015-12-26;33;23;74;35.05
2015-12-27;33;26;66;0.00
2015-12-28;34;25;66;0.00
2015-12-29;32;26;72;0.00
2015-12-30;33;25;74;0.00
2015-12-31;33;26;72;0.00
2016-1-1;36;25;70;0.00
2016-1-2;33;24;74;0.76
2016-1-3;28;24;90;0.00
2016-1-4;29;24;76;0.00
2016-1-5;29;21;73;0.51
2016-1-6;28;22;77;0.00
2016-1-7;32;23;74;0.00
2016-1-8;33;25;69;0.00
2016-1-9;32;26;73;0.00
2016-1-10;33;25;71;0.00
2016-1-11;33;26;74;0.00
2016-1-12;31;27;79;1.02
2016-1-13;35;25;68;0.00
2016-1-14;35;24;68;0.00
2016-1-15;34;26;69;0.76
2016-1-16;33;24;78;2.03
2016-1-17;28;22;88;11.94
